name,released_at,genre,streaming_on,country,type,content_rating,imdb_rating,number_of_seasons,cast_and_crew
Ice Airport Alaska,2020-10-26,Documentary,"Paramount+, Prime Video",,TV Show,,7.8/10,2,
Mike Epps: Under Rated & Never Faded,2009-11-10,"Comedy, Documentary","Prime Video, Prime Video",,Movie,,6.2/10,,"Marcus Raboy-director, Mike Epps-actor, Doug E. Fresh-actor, Mike Epps-author"
Star Trek III: The Search for Spock,1984-06-01,"Science-Fiction, Action & Adventure","Paramount+, Prime Video",America,Movie,7+ (PG),6.6/10,,"Leonard Nimoy-director, William Shatner-actor, DeForest Kelley-actor, Robin Curtis-actor, Merritt Butrick-actor, Christopher Lloyd-actor, James Doohan-actor, George Takei-actor, Walter Koenig-actor, Nichelle Nichols-actor, Mark Lenard-actor, James B. Sikking-actor, Phillip R. Allen-actor, Robert Hooks-actor, John Larroquette-actor, Judith Anderson-actor, Carl Steven-actor, Vadia Potenza-actor, Stephen Manley-actor, Joe W. Davis-actor, Miguel Ferrer-actor, Branscombe Richmond-actor, Harve Bennett-actor, Harve Bennett-author"
Memento Mori,1999-12-24,"Drama, Horror",Kanopy,South Korea,Movie,18+ (R),6.3/10,,"Kim Tae-yong-director, Min Kyu-dong-director, Park Ye-jin-actor, Rie Young-zin-actor, Kim Gyu-ri-actor, Gong Hyo-jin-actor, Kim Jae-in-actor, Baek Jong-hak-actor, Maeng Bong-Hak-actor, Jung Jin-Gak-actor, Han Min-actor, Chae Yoon-Seo-actor, Kim Kyeong-Jin-actor, Hye-mi Lee-actor, Shin Hye-Jung-actor, Seung-Yeon Han-actor, Lim Seong-eon-actor, Ku Hye-Ju-actor, Oh Min-ae-actor, Lee Choon-yeon-actor, Oh Ki-min-actor, Jung-Ok In-author, Kim Tae-yong-author, Min Kyu-dong-author"
The Gift of Acadia,,Documentary,"Free Services, Prime Video",,Movie,,,,
Andy Forrester: Most of this is Baby Fat,2019-01-01,,Prime Video ,,Movie,,,,
Tehran,2020-06-22,"Drama, Thriller",Apple TV+,Israel,TV Show,18+ (TV-MA),7.5/10,2,"Niv Sultan-actor, Shaun Toub-actor, Menashe Noy-actor, Shervin Alenabi-actor, Liraz Charhi-actor, Navid Negahban-actor, Fenia Cossovitsa-actor, Alon Aranya-actor, Dana Eden-actor, Dimitris Michalakis-actor, Julien Leroux-actor, Moshe Zonder-actor, Peter Emerson-actor, Shula Spiegel-actor, Dana Eden-actor, Maor Kohn-actor, Moshe Zonder-actor"
Family Pictures,2019-06-29,Drama,"Free Services, Prime Video",America,Movie,7+ (PG),6.2/10,,"Manu Boyer-director, Larissa Albuquerque-actor, Jackie Blackmore-actor, Justina Machado-actor, Elisabeth Röhm-actor, Courtney Richter-actor, Georgia Bradner-actor, Jason Burkart-actor, Chris Cope-actor, Kayla Deorksen-actor, Daniel Diemer-actor, Grayson Maxwell Gurnsey-actor, Matt Passmore-actor, James Pizzinato-actor, Bailee Reid-actor, Allison Riley-actor, Natalie Sharp-actor, Morgana Wyllie-actor, Jamie Goehring-actor, Rob Lycar-actor, Shawn Williamson-actor, David Fleming-actor, Jane Green-actor, Jocelyn Freid-actor"
Santa Clara,2019-12-25,Drama,Prime Video ,,Movie,,6.2/10,,
World's Most Evil Killers,2018-03-11,"Documentary, Crime",Free Services,,TV Show,,7.2/10,11,
Sweeney Todd: The Demon Barber of Fleet Street,2007-01-25,"Musical, Thriller","HBO MAX, Prime Video",United Kingdom,Movie,18+ (R),7.3/10,,"Tim Burton-director, Johnny Depp-actor, Helena Bonham Carter-actor, Alan Rickman-actor, Timothy Spall-actor, Sacha Baron Cohen-actor, Laura Michelle Kelly-actor, Jamie Campbell Bower-actor, Jayne Wisener-actor, Ed Sanders-actor, Buck Holland-actor, David McKail-actor, Colin Higgins-actor, Jess Murphy-actor, Harry Taylor-actor, Sophie Morris-Sheppard-actor, Anthony Stewart Head-actor, Ava May-actor, John Logan-actor, Laurie MacDonald-actor, Richard D. Zanuck-actor, Walter F. Parkes-actor, Patrick McCormick-actor, John Logan-author"
ESP & Psychic Spies,2008-01-01,,Prime Video ,,Movie,,,,
Kadosh,1999-01-01,"Romance, Drama","Free Services, Prime Video",France,Movie,,6.8/10,,"Amos Gitai-director, Yaël Abecassis-actor, Yoram Hattab-actor, Meital Barda-actor, Uri Ran Klauzner-actor, Amos Gitai-author, Eliette Abecassis-author"
Yourself and Yours,2016-11-10,"Drama, Comedy",Kanopy,South Korea,Movie,,6.8/10,,"Hong Sang-soo-director, Kim Joo-hyuk-actor, Lee Yoo-young-actor, Kim Eui-sung-actor, Kwon Hae-hyo-actor, Yu Jun-sang-actor, Baek Hyun-jin-actor, Gong Min-jeung-actor, Hong Sang-soo-actor, Hong Sang-soo-author"
Tanzania Transit,2018-05-03,"Animation, Documentary",Prime Video ,Netherlands,Movie,13+ (PG-13),8/10,,"Jeroen van Velzen-director, Josephs Quartzy-actor, Digna Sinke-actor, Esther Eenstroom-author, Jeroen van Velzen-author"
Love of Siam,2007-11-22,"Romance, Mystery",Prime Video ,Thailand,Movie,,7.7/10,,"Chookiat Sakveerakul-director, Witwisit Hiranyawongkul-actor, Mario Maurer-actor, Songsit Roongnophakunsri-actor, Pimpan Buranapim-actor, Chermarn Boonyasak-actor, Arthit Niyomkul-actor, Kanya Rattanapetch-actor, Aticha Pongsilpipat-actor, Pongnarin Ulice-actor, Jarunee Boonsake-actor, Nattapong Arunnate-actor, Taveesak Pehtpraneenukul-actor, Atirat Praseartburanakul-actor, Chirayu La-ongmani-actor, Sinjai Plengpanit-actor, Chookiat Sakveerakul-author"
Facing the Giants,2006-09-29,"Sport, Drama",Prime Video ,America,Movie,7+ (PG),6.4/10,,"Alex Kendrick-director, Alex Kendrick-actor, Shannen Fields-actor, Bill Butler-actor, Bailey Cave-actor, Steve Williams-actor, Tracy Goode-actor, Jim McBride-actor, Tommy McBride-actor, Jason McLeod-actor, Chris Willis-actor, Ray Wood-actor, Erin Bethea-actor, James Blackwell-actor, David Nixon-actor, Mark Richt-actor, Dan W. Howell Sr.-actor, Michael McLendon-actor, Kyle Scott-actor, Mary Smit-actor, Janet Lee Dapper-actor, Alex Kendrick-author, Stephen Kendrick-author"
Lightning Carson Rides Again,1938-10-09,Action & Adventure,Free Services,America,Movie,,6.5/10,,"Sam Newfield-director, Tim McCoy-actor, Joan Barclay-actor, Ted Adams-actor, Bob Terry-actor, Forrest Taylor-actor, Ben Corbett-actor, Slim Whitaker-actor, Frank Wayne-actor, Jane Keckley-actor, Karl Hackett-actor, Reed Howes-actor, Frank LaRue-actor, James Flavin-actor, Walt La Rue-actor, Dick Morehead-actor, James Sheridan-actor, Wally West-actor, Isadore Bernstein-author"
Nutcracker Fantasy,1979-03-03,"Animation, Family",Prime Video ,Japan,Movie,All (G),6.7/10,,"Takeo Nakamura-director, Melissa Gilbert-actor, Christopher Lee-actor, Roddy McDowall-actor, Michele Lee-actor, Lurene Tuttle-actor, Jack Angel-actor, Atsushi Tomioka-actor, Mark L. Rosen-actor, Walt deFaria-actor, Shintaro Tsuji-actor, Shintaro Tsuji-author"
The Real Bravo Two Zero,2013-01-01,,"Free Services, Prime Video",,Movie,,,,
Mars,2010-11-03,"Romance, Animation",Free Services,,Movie,,6/10,,"Geoff Marslett-director, Mark Duplass-actor, Zoe Simpson-actor, Paul Gordon-actor, Cynthia Watros-actor, James Kochalka-actor, Liza Weil-actor"
A Crafty Christmas Romance,2020-10-30,"Family, Romance","Hoopla, Prime Video",America,Movie,7+ (PG),5.4/10,,"Brian Brough-director, Nicola Posener-actor, Brad Johnson-actor, Anne Sward-actor, Ben Lokey-actor, Renny Grames-actor, Brittany Wiscombe-author"
Mongolian Ping Pong,2005-06-11,"Comedy, Drama",Fandor,China,Movie,,6.5/10,,"Ning Hao-director, Hurichabilike-actor, Dawa-actor, Geliban-actor, Yidexinnaribu-actor, Badema-actor, Wurima-actor, Dugema-actor, Jinlaowu-actor, Buhebilike-actor, Sarengaowa-actor, Bin Lu-actor, Bu He-actor, Ning Hao-author, Wuhe-actor"
Tickling Giants,2017-03-15,"Drama, Documentary","Free Services, Prime Video",Egypt,Movie,16+,8.2/10,,"Sara Taksler-director, Bassem Youssef-actor, Jon Stewart-actor, Frederic Rose-actor, Maziar Bahari-actor, Monica Hampton-actor, Sara Taksler-actor, Sara Taksler-author"
The Craft: Legacy,2020-10-28,"Fantasy, Drama","Starz, Prime Video",America,Movie,13+ (PG-13),4.4/10,,"Zoe Lister-Jones-director, Cailee Spaeny-actor, Lovie Simone-actor, Gideon Adlon-actor, Zoey Luna-actor, David Duchovny-actor, Michelle Monaghan-actor, Nicholas Galitzine-actor, Julian Grey-actor, Charles Vandervaart-actor, Donald MacLean Jr.-actor, Fairuza Balk-actor, Hannah Gordon-actor, Chris Tomassetti-actor, Kris Siddiqi-actor, James Madge-actor, Victor Chiu-actor, Devin Cecchetto-actor, Debbie Fan-actor, Heath V. Salazar-actor, Eddie Max Huband-actor, Travis Caverhill-actor, Douglas Wick-actor, Jason Blum-actor"
The Road To,2012-05-24,"Drama, Comedy",Prime Video ,Russia,Movie,,5.5/10,,"Taisia Igumentseva-director, Sergey Abroskin-actor, Anna Rud-actor, Sergey Podkolzin-actor, Vladimir Gorislavets-actor, Alexey Uchitel-actor, Alexandra Golovina-author, Taisia Igumentseva-author, Dmitry Komissarov-actor, Dmitry Lisitsa-actor, Timur Maximov-actor"
Fairy Tail: Phoenix Priestess,2012-08-18,"Drama, Anime",Free Services,Japan,Movie,13+ (PG-13),7/10,,"Masaya Fujimori-director, Aya Endo-actor, Rie Kugimiya-actor, Yuichi Nakamura-actor, Aya Hirano-actor, Satomi Sato-actor, Mika Kanai-actor, Tetsuya Kakihara-actor, Sayaka Ohara-actor, Showtaro Morikubo-actor, Yui Horie-actor, Eri Kitamura-actor, Nakahara Mai-actor, Wataru Hatano-actor, Ryoko Ono-actor, Miyuki Sawashiro-actor, Hiroki Touchi-actor, Mariya Ise-actor, Shinpachi Tsuji-actor, Katsuyuki Konishi-actor, Eiji Sekiguchi-actor, Harumi Sakurai-actor, Carly Hunter-actor, Justin Cook-actor"
Premachi Goshta,2013-02-01,"Drama, Romance",Prime Video ,India,Movie,,7.2/10,,"Satish Rajwade-director, Atul Kulkarni-actor, Sagarika Ghatge-actor, Rohini Hattangadi-actor, Satish Rajwade-actor, Sulekha Talwalkar-actor, Chinmay Kelkar-author"
The Thirteenth Floor,1999-04-16,"Science-Fiction, Thriller","HBO MAX, Prime Video",Germany,Movie,18+ (R),7/10,,"Josef Rusnak-director, Craig Bierko-actor, Armin Mueller-Stahl-actor, Gretchen Mol-actor, Vincent D'Onofrio-actor, Dennis Haysbert-actor, Steven Schub-actor, Jeremy Roberts-actor, Rif Hutton-actor, Leon Rippy-actor, Janet MacLachlan-actor, Brad William Henke-actor, Burt Bulos-actor, Venessia Valentino-actor, Howard S. Miller-actor, Tia Texada-actor, Shiri Appleby-actor, Bob Clendenin-actor, Rachel Winfree-actor, Meghan Ivey-actor, Alison Lohman-actor, Hadda Brooks-actor, Marco Weber-actor, Roland Emmerich-actor"
The Salt of the Earth,2014-09-27,"Biography, Documentary","Starz, Prime Video",Brazil,Movie,13+ (PG-13),8.4/10,,"Juliano Ribeiro Salgado-director, Wim Wenders-director, Sebastião Salgado-actor, Wim Wenders-actor, Juliano Ribeiro Salgado-actor, Hugo Barbier-actor, Lélia Wanick Salgado-actor, Jacques Barthélémy-actor, Régis Muller-actor, João Pessoa Mattos-actor, Leny Wanick Mattos-actor, Maria Teresa Salgado Rocha Bastos-actor, Rodrigo Ribeiro Salgado-actor, David Rosier-actor, Camille Delafon-author, David Rosier-author, Juliano Ribeiro Salgado-author, Wim Wenders-author"
Cherry (A Stephanie James Film),2018-05-05,Drama,Prime Video ,,Movie,,,,
Reprisal,2018-08-31,"Crime, Action & Adventure","Netflix, Prime Video",United Kingdom,Movie,18+ (R),4.2/10,,"Brian A. Miller-director, Frank Grillo-actor, Bruce Willis-actor, Johnathon Schaech-actor, Olivia Culpo-actor, Natali Yura-actor, Tyler Jon Olson-actor, Wass Stevens-actor, Colin Egglesfield-actor, Shea Buckner-actor, Christopher Rob Bowen-actor, Ken Strunk-actor, Tamara Belous-actor, Cameron Brexler-actor, Geoff Reeves-actor, John Dauer-actor, Nicolas Petron-actor, Uncle Murda-actor, Natalia Sophie Butler-actor, Jesse Pruett-actor, Rachele Richey-actor, Sergio Rizzuto-actor, George Furla-actor, Mark Stewart-actor"
This is Opera,2015-03-08,Documentary,Prime Video ,,TV Show,,8.6/10,2,Ramon Gener-actor
Patrick,2018-06-29,"Comedy, Drama","Hoopla, Prime Video",United Kingdom,Movie,16+,5.9/10,,"Mandie Fletcher-director, Beattie Edmondson-actor, Ed Skrein-actor, Tom Bennett-actor, Gemma Jones-actor, Emily Atack-actor, Jennifer Saunders-actor, Adrian Scarborough-actor, Bernard Cribbins-actor, Roy Hudd-actor, Peter Davison-actor, Cherie Lunghi-actor, Meera Syal-actor, Emilia Jones-actor, Patricia Potter-actor, Ben Roddy-actor, Rupert Holliday-Evans-actor, Milanka Brooks-actor, McKell David-actor, Scott Chambers-actor, Ali Barouti-actor, Denese Ricketts-actor, James Spring-actor, Paul de Vos-actor"
Dog Man,2015-10-17,"Animation, Documentary","Free Services, Prime Video",America,Movie,,8.5/10,,"Richie Adams-director, Dick Russell-actor, Richie Adams-actor"
Charlotte's Web,1973-03-01,"Drama, Animation","Prime Video, Prime Video",America,Movie,All (G),6.9/10,,"Charles A. Nichols-director, Iwao Takamoto-director, Debbie Reynolds-actor, Henry Gibson-actor, Danny Bonaduce-actor, Agnes Moorehead-actor, Bob Holt-actor, Paul Lynde-actor, Rex Allen-actor, Dave Madden-actor, Pamelyn Ferdin-actor, John Stephenson-actor, Martha Scott-actor, Joan Gerber-actor, Herb Vigran-actor, Don Messick-actor, William B. White-actor, Bill Lee-actor, Joseph Barbera-actor, William Hanna-actor, Edgar M. Bronfman-actor, Earl Hamner, Jr.-author, E.B. White-author"
A Little Bit of Heaven,2011-02-03,"Romance, Comedy",Free Services,America,Movie,13+ (PG-13),6.2/10,,"Nicole Kassell-director, Kate Hudson-actor, Gael García Bernal-actor, Romany Malco-actor, Kathy Bates-actor, Lucy Punch-actor, Whoopi Goldberg-actor, Peter Dinklage-actor, Rosemarie DeWitt-actor, Treat Williams-actor, Alan Dale-actor, Steven Weber-actor, Johann Urb-actor, Bailey Bass-actor, Adam Schroeder-actor, John Davis-actor, Mark Gill-actor, Robert Katz-actor, Michael Goguen-actor, Mike Witherill-actor, Neil Sacker-actor, Robbie Brenner-actor, Skot Bright-actor, Gren Wells-author"
Eddie Pepitone: In Ruins,2014-08-07,"Stand-up & Talk, Comedy","Free Services, Prime Video",America,Movie,,7.1/10,,"Steven Feinartz-director, Eddie Pepitone-actor, Eddie Pepitone-author"
Danguard Ace 3,2010-01-01,Animation,Prime Video ,,Movie,,6.6/10,,
Home Away from Home: The Yanks in Ireland,2011-01-01,Documentary,"Free Services, Prime Video",,Movie,,7.4/10,,
Dead by Midnight (Y2Kill),,Horror,Prime Video ,,Movie,,,,
Tin Soldiers,2022-01-18,Drama,Prime Video ,,Movie,,,,
Apollo 17: Last Footprints On The Moon,1997-01-01,,"Free Services, Prime Video",,Movie,,,,
A Woman Like Me,2015-03-16,"Biography, Documentary",Prime Video ,,Movie,,7/10,,"Alex Sichel-director, Elizabeth Giamatti-director, Lili Taylor-actor, Elizabeth Giamatti-actor, Alex Sichel-author, Cesar Alvarez-actor"
The Gypsy Moon,1954-12-25,"Action & Adventure, Family",Free Services,America,Movie,,4/10,,"Hollingsworth Morse-director, John Banner-actor, Scotty Beckett-actor, Richard Crane-actor, Sally Mansfield-actor, Robert Lyden-actor, Maurice Cass-actor, Charles Meredith-actor, Patsy Parsons-actor, Renate Hoy-actor, Harry Lauter-actor, Dayton Lummis-actor, Warren Wilson-author"
Dedh Ishqiya,2014-01-10,"Drama, Romance",Netflix,India,Movie,18+ (R),7/10,,"Abhishek Chaubey-director, Naseeruddin Shah-actor, Madhuri Dixit-actor, Arshad Warsi-actor, Huma Qureshi-actor, Vijay Raaz-actor, Manoj Pahwa-actor, Salman Shahid-actor, Raman Maroo-actor, Vishal Bhardwaj-actor, Abhishek Chaubey-author, Vishal Bhardwaj-author, Vishal Bhardwaj-actor"
August Song,2011-01-01,"Comedy, Animation",Fandor,,Movie,,,,Jodie Mack-director
Lifeline,2018-05-29,Drama,Free Services,,Movie,,8.6/10,,
Meteor,1979-10-19,"Drama, Science-Fiction","Free Services, Prime Video",America,Movie,7+ (PG),5/10,,"Ronald Neame-director, Sean Connery-actor, Karl Malden-actor, Henry Fonda-actor, Brian Keith-actor, Natalie Wood-actor, Trevor Howard-actor, Martin Landau-actor, Richard Dysart-actor, Joseph Campanella-actor, Bo Brundin-actor, Katherine De Hetre-actor, James G. Richardson-actor, Roger Robinson-actor, Michael Zaslow-actor, John Findlater-actor, Paul Tulley-actor, Allen Williams-actor, Bibi Besch-actor, Gregory Gaye-actor, Clyde Kusatsu-actor, Burke Byrnes-actor, Arnold H. Orgolini-actor, Theodore R. Parvin-actor"
Operation Delta Force,1997-01-01,"Action & Adventure, Thriller","Free Services, Prime Video",Netherlands,Movie,18+ (R),3.7/10,,"Sam Firstenberg-director, Ernie Hudson-actor, Jeff Fahey-actor, Rob Stewart-actor, Frank Zagarino-actor, Hal Holbrook-actor, Joe Lara-actor, Natasha Sutherland-actor, Todd Jensen-actor, Gideon Emery-actor, Tshepo Nzimande-actor, Jacques Gombault-actor, Frantz Dobrowsky-actor, Chris Buchanan-actor, Hal Orlandini-actor, Paul Ditchfield-actor, Avi Shafria-actor, Dan Robbertse-actor, Adrian Waldron-actor, Michael Brunner-actor, Wilson Dunster-actor, Michael McGovern-actor, Danny Lerner-actor, Avi Lerner-actor"
The Curse of Hobbes House,2020-06-26,"Mystery, Thriller","Free Services, Prime Video",United Kingdom,Movie,18+ (R),3.7/10,,"Juliane Block-director, Mhairi Calvey-actor, Makenna Guyler-actor, وليد القاضي-actor, Kevin Leslie-actor, Jo Price-actor, Emma Spurgin Hussey-actor, Wolf-Peter Arand-author"
Red Eye,2005-02-18,Horror,Cinemax,South Korea,Movie,,4.7/10,,"Kim Dong-bin-director, Jang Shin-Young-actor, Kwak Ji-min-actor, Lee Dong-kyu-actor, Kim Hye-na-actor, Lee Eol-actor, Hyeon-suk Kim-actor, Lee Dae-yeon-actor, Park Won-sang-actor, Song Il-gook-actor, Park Hyo-joo-actor, Jang So-yeon-actor, Choe Yun-Seul-actor, Nam-hie Kim-actor, Yong-guk Kim-actor"
Adeus À Carne,2017-05-01,Drama,Prime Video ,,Movie,,8.3/10,,
Faults,2014-03-06,"Thriller, Drama","Free Services, Prime Video",America,Movie,,6.7/10,,"Riley Stearns-director, Leland Orser-actor, Mary Elizabeth Winstead-actor, Chris Ellis-actor, Jon Gries-actor, Lance Reddick-actor, Beth Grant-actor, Cruz Flores-actor, AJ Bowen-actor, Nicholas Tucci-actor, Suzan Averitt-actor, Leonard Earl Howze-actor, Davey Johnson-actor, Kellie Matteson-actor, Amanda Saunders-actor, Shira Weitz-actor, David Zellner-actor, Keith Calder-actor, Mary Elizabeth Winstead-actor, Brian Joe-actor, Riley Stearns-author, Heather McIntosh-actor"
Edna,2020-11-04,"Comedy, Thriller",Prime Video ,Mexico,Movie,,7/10,,"Sergio Sierra-director, Sebastián Aguirre-actor, Andrés Blanco De Durán-actor, Louis David Horné-actor, Yareli Andrade-actor, Lili Moreira-actor, Hugo Romero-actor, Andrés Borja-actor"
The Legend of Bloody Jack,2007-02-27,"Drama, Horror",Free Services,America,Movie,,2.7/10,,"Todd Portugal-director, Craig Bonacorsi-actor, Erica Curtis-actor, Jonathan Kowalsky-actor, Jessica Szabo-actor, Josh Evans-actor, Alicia Klein-actor, Travis Quentin Young-actor, Garrett Brawith-actor"
Rabbids Invasion - Mission To Mars,2021-09-29,"Animation, Comedy",Netflix,France,Movie,,5.6/10,,"Franz Kirchner-director, Howard Read-author"
Desecration,2018-01-01,"Drama, Thriller",Free Services,,Movie,,6.9/10,,
Hippos: Africa's River Giants,2019-07-26,Documentary,Kanopy,,Movie,7+ (PG),7.9/10,,
The Last Samurai,2003-12-01,"Action & Adventure, Drama","Paramount+, Prime Video",Japan,Movie,All (G),7.8/10,,"Edward Zwick-director, Tom Cruise-actor, Ken Watanabe-actor, Timothy Spall-actor, Tony Goldwyn-actor, Hiroyuki Sanada-actor, Koyuki-actor, Shin Koyamada-actor, Billy Connolly-actor, Togo Igawa-actor, Shichinosuke Nakamura-actor, Masato Harada-actor, William Atherton-actor, Chad Lindberg-actor, Scott Wilson-actor, Ray Godshall Sr.-actor, Masashi Odate-actor, John Koyama-actor, Satoshi Nikaido-actor, Shintaro Wada-actor, Shun Sugata-actor, Sosuke Ikematsu-actor, Edward Zwick-actor, Marshall Herskovitz-actor"
Sesame Street: Zoe's Dance Moves,2003-01-01,Family,Prime Video ,,Movie,,7.1/10,,"Paula Abdul-actor, Fran Brill-actor, Kevin Clash-actor"
Bob Dylan Revealed,2011-05-01,Documentary,Prime Video ,America,Movie,,4.6/10,,"Joel Gilbert-director, Bob Dylan-actor"
Code of the Freaks,2020-04-01,Documentary,"Kanopy, Prime Video",,Movie,,7.1/10,,"Salome Chasnoff-director, Alyson Patsavas-actor, Carrie Sandahl-actor, Salome Chasnoff-actor, Susan Nussbaum-actor"
GTV Comedy,2019-01-06,Comedy,Prime Video ,,TV Show,,8.2/10,1,
Superman: Red Son,2020-02-24,"Animation, Action & Adventure","HBO MAX, Prime Video",America,Movie,13+ (PG-13),6.4/10,,"Sam Liu-director, Jason Isaacs-actor, Amy Acker-actor, Diedrich Bader-actor, Vanessa Marshall-actor, Phil Morris-actor, Paul Williams-actor, Greg Chun-actor, Roger Craig Smith-actor, William Salyers-actor, Jim Meskimen-actor, Sasha Roiz-actor, Phil LaMarr-actor, Travis Willingham-actor, Winter Ave Zoli-actor, Jim Ward-actor, Jason Spisak-actor, Tara Strong-actor, Anna Vocino-actor, Amy McKenna-actor, Sam Liu-actor, Bruce Timm-actor, Sam Register-actor, J. M. DeMatteis-author"
Battle Dome,1999-09-18,"Game Show, Sport",Prime Video ,America,TV Show,,7.1/10,2,"Terry Crews-actor, Chad Bannon-actor, Brien Blakely-actor, Ed Lover-actor, Christian Boeving-actor, Gary Kasper-actor, Erica Dahm-actor, Jaclyn Dahm-actor, Mike O'Hearn-actor, Nicole Dahm-actor, Bobbie Brown-actor, Christian Boeving-actor"
Secrets in the Fall,2015-09-22,"Drama, Family","Free Services, Prime Video",,Movie,,6.2/10,,"Brittany Goodwin-director, Kyle Kupecky-actor, Vincent Seidle-actor, Hollie Shay-actor, Audrey Easton-actor, Aaron Michael Johnson-actor, Katie McCaffrey-actor, Brittany Goodwin-author"
The Gary I Knew,2020-02-08,Documentary,Free Services,,Movie,,7.5/10,,
The Salted Egg 3,2019-10-15,Animation,"Free Services, Prime Video",,Movie,,,,
"Captain Carey, U.S.A.",1950-02-21,Drama,Prime Video ,America,Movie,,6.1/10,,"Mitchell Leisen-director, Alan Ladd-actor, Wanda Hendrix-actor, Francis Lederer-actor, Joseph Calleia-actor, Celia Lovsky-actor, Richard Avonde-actor, Frank Puglia-actor, Luis Alberni-actor, Angela Clarke-actor, Roland Winters-actor, Paul Lees-actor, Jane Nigh-actor, Russ Tamblyn-actor, Virginia Farmer-actor, Richard Maibaum-actor, Martha Albrand-author, Robert Thoeren-author"
How to Die in Oregon,2011-01-23,"Drama, Documentary","Free Services, Prime Video",America,Movie,,8.2/10,,"Peter Richardson-director, Harry Bruton-actor, Ray Carnay-actor, Cody Curtis-actor, Paul Darley-actor"
King's Game,2004-08-10,"Drama, Thriller",Prime Video ,Denmark,Movie,,7.3/10,,"Nikolaj Arcel-director, Anders W. Berthelsen-actor, Søren Pilmark-actor, Nicolas Bro-actor, Lars Mikkelsen-actor, Ulf Pilgaard-actor, Helle Fagralid-actor, Jesper Langberg-actor, Kurt Ravn-actor, Anders Nyborg-actor, Charlotte Munck-actor, Clara Maria Bahamondes-actor, Jens Jørn Spottag-actor, Nicolaj Kopernikus-actor, Marianne Høgsbro-actor, Nastja Arcel-actor, Lars Brygmann-actor, Bjarne Henriksen-actor, Robert Hansen-actor, Laura Christensen-actor, Hans Henrik Voetmann-actor, Anders Peter Bro-actor, Niels Krause-Kjær-author, Nikolaj Arcel-author"
The Alamo,2004-04-07,Drama,"Free Services, Prime Video",America,Movie,13+ (PG-13),6/10,,"John Lee Hancock-director, Dennis Quaid-actor, Billy Bob Thornton-actor, Jason Patric-actor, Patrick Wilson-actor, Emilio Echevarría-actor, Edwin Hodge-actor, Emily Deschanel-actor, Jordi Mollà-actor, Leon Rippy-actor, Tommy Davidson-actor, Marc Blucas-actor, Robert Prentiss-actor, Kevin Page-actor, Joe Stevens-actor, Stephen Bruton-actor, Laura Clifton-actor, Ricardo Chavira-actor, Steven Chester Prince-actor, Estephania LeBaron-actor, Brandon Smith-actor, Elena Hurst-actor, Mark Johnson-actor, Ron Howard-actor"
Marshall's Miracle,2015-08-28,"Comedy, Family","Free Services, Prime Video",America,Movie,7+ (PG),5.3/10,,"Jay Kanzler-director, Lauren Holly-actor, Shannon Elizabeth-actor, Matthew Settle-actor, Bill Chott-actor, Haley Busch-actor, Amelia Pauly-actor, Lucas McHugh Carroll-actor, Zach Louis-actor, Nathan Eswine-actor, William Burke-actor, Dakota Payne-actor, Trudy Buck-actor, Dingani Beza-actor, Greg Warren-actor, Jilanne Klaus-actor, Patti Vasquez-actor, Braden Phillips-actor, Ryan Weitzel-actor, McGraw Milhaven-actor, Jennifer Salci-actor, Josh Arnold-actor, Chris Benson-actor, Christina Busch-actor"
The Maids,1975-04-21,"Romance, Drama",Kanopy,United Kingdom,Movie,7+ (PG),6.3/10,,"Christopher Miles-director, Glenda Jackson-actor, Susannah York-actor, Vivien Merchant-actor, Mark Burns-actor, Robert Enders-actor, Christopher Miles-author, Jean Genet-author, Robert Enders-author"
Boys In Kichute,2010-10-23,"Drama, Action & Adventure",Free Services,Brazil,Movie,,7.2/10,,"Luca Amberg-director, Vivianne Pasmanter-actor, Paulo César Peréio-actor, Arlete Salles-actor, Werner Schünemann-actor, Mario Bortolotto-actor, Mayara Comunale-actor, Lucas Alexandre-actor, Ester Laccava-actor, Luca Amberg-author, Márcio Américo-author"
Who Killed My Son?,2021-03-23,Documentary,fuboTV,,Movie,,7.7/10,,
Witchouse II: Blood Coven,1999-11-20,Horror,"Free Services, Prime Video",America,Movie,18+ (R),4.2/10,,"J.R. Bookwalter-director, Ariauna Albright-actor, Andrew Prine-actor, Elizabeth Hobgood-actor, Nicholas Lanier-actor, Kaycee Shank-actor, Alexandru Dragoi-actor, Adriana Butoi-actor, Claudiu Trandafir-actor, Jeff Burr-actor, Danny Draven-actor, Ted Newsom-actor, Chuck Williams-actor, Chuck Williams-actor, Gary Schmoeller-actor, Vlad Paunescu-actor, Charles Band-actor, Douglas Snauffer-author"
Love Sick,2006-03-16,Drama,Free Services,France,Movie,,6.6/10,,"Tudor Giurgiu-director, Ioana Barbu-actor, Maria Popistașu-actor, Tudor Chirila-actor, Mircea Diaconu-actor, Cătălina Murgea-actor, Virginia Mirea-actor, Tora Vasilescu-actor, Valentin Popescu-actor, Mihai Dinvale-actor, Carmen Tănase-actor, Mihaela Rădulescu-actor, Robert Paschall Jr.-actor, Puya-actor, Oana Giurgiu-actor, Tudor Giurgiu-actor, Dragos Vilcu-actor, Cecilia Ștefănescu-author, Razvan Radulescu-author, Vlaicu Golcea-actor"
Young & Beautiful,2013-08-21,"Romance, Drama",Prime Video ,France,Movie,,6.7/10,,"François Ozon-director, Marine Vacth-actor, Géraldine Pailhas-actor, Charlotte Rampling-actor, Frédéric Pierrot-actor, Nathalie Richard-actor, Johan Leysen-actor, Fantin Ravat-actor, Laurent Delbecque-actor, Djédjé Apali-actor, Lucas Prisor-actor, Jeanne Ruff-actor, Carole Franck-actor, Olivier Desautel-actor, Serge Hefez-actor, Akéla Sari-actor, Nathan N'Diaye-actor, Anne-Elina N'Diaye-actor, Stefano Cassetti-actor, Patrick Bonnel-actor, Gurvan Cloatre-actor, Roland David-actor, Eric Altmayer-actor, Nicolas Altmeyer-actor"
Parade,1974-12-18,"Family, Comedy","The Criterion Channel, Prime Video",France,Movie,,6/10,,"Jacques Tati-director, Jacques Tati-actor, Michèle Brabo-actor, Karl Kossmayer-actor, Pierre Brama-actor, Pia Colombo-actor, Johnny Lonn-actor, Jan Swahn-actor, Bertil Berglund-actor, Moniqa Sunnerberg-actor, Dominique Lavanant-actor, Michael Mansson-actor, Jan Nygren-actor, Janne Schaffer-actor, Janne 'Loffe' Carlsson-actor, Karl Haskel-actor, Jacques Tati-author"
Bayou Landfall: The Houma Nation vs. The Hurricanes,,Documentary,Prime Video ,,Movie,,,,
The Hounds,2011-08-01,"Crime, Horror","Free Services, Prime Video",,Movie,18+ (R),3.2/10,,"Maurizio del Piccolo-director, Roberto del Piccolo-director, Trevor Gittings-director"
23 Kilometers,2015-07-05,"Drama, Documentary",Free Services,,Movie,,6.9/10,,
One Weekend,2014-10-04,"Animation, Drama","Free Services, Prime Video",America,Movie,,6.5/10,,"Diana Cignoni-director, Gabriel Freilich-actor"
Child Bride of Short Creek,1981-12-07,Drama,"Free Services, Prime Video",,Movie,,6.5/10,,"Robert Michael Lewis-director, Christopher Atkins-actor, Diane Lane-actor, Helen Hunt-actor, Conrad Bain-actor, Kiel Martin-actor, Warren Vanders-actor, Joan Shawlee-actor, Dee Wallace-actor, Babetta Dick-actor, Melinda Almquist-actor, Julianne Slocum-actor, C. Duane Tuft-actor, Robert E. Hartenberger-actor, Alan Nash-actor, Jay Bernard-actor, Karyn Christensen-actor, Sharyn Christensen-actor, Rick Millikan-actor, Heidi Bohay-actor, Trisha Lynn Tibbs-actor, Scott S. Anderson-actor, Lawrence Schiller-actor, Paul Monash-actor"
Church of Fears,2018-02-01,"Comedy, Horror",Free Services,America,Movie,,4.7/10,,"Jaime Kepner-director, Annabeth Furlow-actor, Deborah Kay Hooker-actor, Michael W. Green-actor, Kalei Lozano-actor, David Eaton-actor, Robert Hooker-actor, Martez McKee-actor, Sam Paige-actor, Lance Parker-actor, Nicolas Shook-actor, Sharon Wilson-actor, Jaime Kepner-author"
Africa in Her Blood,2011-08-01,"Drama, Thriller","Free Services, Prime Video",,Movie,,4.6/10,,
The Exile,1931-05-15,"Drama, Romance",Kanopy,America,Movie,,4.9/10,,"Oscar Micheaux-director, Eunice Brooks-actor, Stanley Morell-actor, Celeste Cole-actor, Kathleen Noisette-actor, Charles R. Moore-actor, Oscar Micheaux-actor, Oscar Micheaux-author, Donald Heywood-actor"
Hum Se Hai Zamana,1983-09-23,Action & Adventure,Prime Video ,,Movie,,5.8/10,,"Deepak Bahry-director, Mithun Chakraborty-actor, Zeenat Aman-actor, Danny Denzongpa-actor, Kamal Kapoor-actor, Amjad Khan-actor, Shreeram Lagoo-actor"
Kasunduan,,Action & Adventure,Prime Video ,,Movie,,,,
Perfect Strangers,2003-10-09,"Action & Adventure, Drama","Free Services, Prime Video",New Zealand,Movie,13+ (PG-13),5.2/10,,"Gaylene Preston-director, Sam Neill-actor, Rachael Blake-actor, Joel Tobeck-actor, Robyn Malcolm-actor, Madeleine Sami-actor, Paul Glover-actor, Jed Brophy-actor, Gaylene Preston-actor, Robin Laing-actor, Gaylene Preston-author"
Spring: The Return of Life,2014-01-01,Documentary,"Free Services, Prime Video",,Movie,All (G),6.1/10,,
Celebrity Exorcism,2021-10-22,"Documentary, Horror",Free Services,America,Movie,,6.6/10,,"Jodie Sweetin-actor, Shar Jackson-actor, Ron Artest-actor, Rachel Stavis-actor, Andrew Stryker-actor, Kimberlee Holland-actor, Robert Sizemore-actor, Robert Twilley-actor"
Diamond Eye: T.H.O.T. Process 2,2017-08-11,Comedy,"Free Services, Prime Video",,Movie,,5.5/10,,
Caillou's Holiday Movie,2003-10-07,"Romance, Animation",Free Services,Canada,Movie,All (G),4.7/10,,"Nick Rijgersberg-director, Annie Bovaird-actor, Merlee Shapiro-actor, Pat Fry-actor, Jesse Vinet-actor, Brigid Tierney-actor, Jennifer Seguin-actor"
To Russia With Love,2014-10-19,"Documentary, Sport",Free Services,Russia,Movie,,6.3/10,,"Noam Gonick-director, Jane Lynch-actor, Johnny Weir-actor, Ban Ki-Moon-actor, Martina Navratilova-actor, Jason Collins-actor, Noam Gonick-author"
Property Brothers: Linda and Drew Say I Do,2018-06-01,,Discovery+,,Movie,,6.5/10,,
Golden Voices,2019-09-25,"Drama, Comedy","Prime Video, Prime Video",Israel,Movie,,7.2/10,,"Evgeny Ruman-director, Maria Belkin-actor, Vladimir Fridman-actor, Evelin Hagoel-actor, Uri Ran Klauzner-actor, Elizabeth Kon-actor, Evgeny Ruman-author, Ziv Berkovich-author"
Coaching Bad,2015-02-08,Reality,Prime Video ,,TV Show,,7.5/10,1,
The Edge of Heaven,2007-09-27,"Mystery, Drama","Hoopla, Prime Video",Germany,Movie,,7.7/10,,"Fatih Akın-director, Baki Davrak-actor, Nurgül Yeşilçay-actor, Tuncel Kurtiz-actor, Nursel Köse-actor, Patrycia Ziolkowska-actor, Hanna Schygulla-actor, Yelda Reynaud-actor, Lars Rudolph-actor, İdil Üner-actor, Erkan Can-actor, Turgay Tanülkü-actor, Gökhan Kıraç-actor, Nejat İşler-actor, Andreas Thiel-actor, Ç. Duygu Bingöl-actor, Fatih Akın-actor, Jeanette Würl-actor, Klaus Maeck-actor, Fatih Akın-author"
Unexpected Race,2003-09-30,Drama,"Free Services, Prime Video",,Movie,,5/10,,"Stephen Groo-director, Stephen Groo-actor, Julie Ann Birch-actor, Greg Stout-actor, Aaron Parker-actor, Lisa Briggs-actor, Brian Carter-actor, Stephen Groo-actor, Stephen Groo-author"
The Quintessential Quintuplets,2019-01-11,"Comedy, Animation","Free Services, Prime Video",,TV Show,14+ (TV-14),7.7/10,2,"Yoshitsugu Matsuoka-actor, Kana Hanazawa-actor, Ayana Taketatsu-actor, Miku Ito-actor, Ayane Sakura-actor, Inori Minase-actor"
Montana Moon,1930-03-20,"Comedy, Drama",Prime Video ,America,Movie,,4.8/10,,"Malcolm St. Clair-director, Joan Crawford-actor, Johnny Mack Brown-actor, Dorothy Sebastian-actor, Ricardo Cortez-actor, Benny Rubin-actor, Cliff Edwards-actor, Karl Dane-actor, Lloyd Ingraham-actor, Mary Carlisle-actor, Claudia Dell-actor, Frank Butler-author, Sylvia Thalberg-author"
This Is Sanlitun,2013-09-10,"Comedy, Drama",Prime Video ,Australia,Movie,,6.6/10,,"Róbert I. Douglas-director, Carlos Ottery-actor, Christopher Loton-actor, Ai Wan-actor, Cromwell Cheung-actor, Hlín Jóhannesdóttir-actor, Carlos Ottery-author, Christopher Loton-author, Róbert I. Douglas-author"
Adam,2019-08-14,"Comedy, LGBTQ","Free Services, Prime Video",America,Movie,,4/10,,"Rhys Ernst-director, Nicholas Alexander-actor, Bobbi Salvör Menuez-actor, Leo Sheng-actor, Chloë Levine-actor, Margaret Qualley-actor, Haley Murphy-actor, Gracie Lawrence-actor, Hayley Huntley-actor, Colton Ryan-actor, Melanie Hinkle-actor, Scott Zimmerman-actor, Samantha Sherman-actor, Alisha B. Woods-actor, Maxton Miles Baeza-actor, Ashlie Atkinson-actor, May Hong-actor, Jac Bernhard-actor, Theo Germaine-actor, Howard Gertler-actor, James Schamus-actor, Avy Eschenasy-actor, Charlie Dibe-actor, Figo Li-actor"
Soul Food,1997-09-26,"Comedy, Drama","HBO MAX, Prime Video",America,Movie,18+ (R),7/10,,"George Tillman, Jr.-director, Vanessa Williams-actor, Vivica A. Fox-actor, Nia Long-actor, Michael Beach-actor, Mekhi Phifer-actor, Brandon Hammond-actor, Jeffrey D. Sams-actor, Gina Ravera-actor, Irma P. Hall-actor, Carl Wright-actor, Mel Jackson-actor, Morgan Méchelle Smith-actor, John M. Watson Sr.-actor, Marcia Wright-actor, Robert Teitel-actor, Tracey Edmonds-actor, George Tillman, Jr.-author"
Knuckle Up,2017-09-17,"Drama, Action & Adventure",Prime Video ,,Movie,13+ (PG-13),6/10,,"Jah-director, Jah-actor, Kaylee Gordon-actor, Montae Malone-actor, Tyrelle Lopez-actor, Ajibike Adekoya-actor, MehganJames-actor, Jean Paul Turgeon-actor, Kaden A. VU-actor, Duane Finley-actor, Cleave Cadle-actor, Lindsay Mussard-actor, Caily Reign Cadle-actor, Akapello-actor, Noel Gugliemi-actor, De'Aundre Bonds-actor, Sosten Price-actor, Keith Closs-actor, Samuel Monroe Jr.-actor, Felicia O'Dell-actor, Fil Smart-actor, Barbara Grinage-actor, Cleave Cadle-actor, Dudley Augustine-actor"
How Hot Is It Going to Get?,2018-10-26,Documentary,Prime Video ,,Movie,,,,
10-Minute Solution: Pilates,2004-09-24,Documentary,Prime Video ,America,Movie,,,,Lara Hudson-actor
Pretty Wise,2012-10-01,,"Free Services, Prime Video",,Movie,,,,
New Looney Tunes,2015-09-21,"Comedy, Family","HBO MAX, Prime Video",America,TV Show,7+ (TV-PG),5.6/10,9,"Jeff Bergman-actor, Dee Bradley Baker-actor, JP Karliak-actor, Maurice LaMarche-actor, Matthew Mercer-actor, Bob Bergen-actor, Eric Bauza-actor, Erik Kuska-actor, Robb Pratt-actor, Scott Berna-actor"
American Jihad,2017-03-25,"Thriller, Documentary",fuboTV,,Movie,18+ (R),7.1/10,,Alison Ellwood-director
A Glitch in the Matrix,2021-02-05,Documentary,"Hulu, Prime Video",America,Movie,,5.3/10,,"Rodney Ascher-director, Nick Bostrom-actor, Joshua Cooke-actor, Erik Davis-actor, Philip K. Dick-actor, Paul Gude-actor, Alex Levine-actor, Laeo Mystwood-actor, Jesse Orion-actor, Ross M. Dinerstein-actor, Adam Paulsen-actor, Colin Frederick-actor, David Carrico-actor, Rodney Ascher-actor, Ross Girard-actor, Rodney Ascher-author, Jonathan Snipes-actor"
The Film Crew: Wild Women of Wongo,2007-09-11,Comedy,"Free Services, Prime Video",America,Movie,,7.4/10,,"Michael J. Nelson-actor, Kevin Murphy-actor, Bill Corbett-actor, Mike Dodge-actor"
From Up on Poppy Hill,2011-07-16,"Animation, Anime","HBO MAX, Prime Video",Japan,Movie,7+ (PG),7.4/10,,"Gorō Miyazaki-director, Masami Nagasawa-actor, Junichi Okada-actor, Keiko Takeshita-actor, Yuriko Ishida-actor, Rumi Hiiragi-actor, Jun Fubuki-actor, Takashi Naitō-actor, Shunsuke Kazama-actor, Nao Omori-actor, Teruyuki Kagawa-actor, Haruka Shiraishi-actor, Tsubasa Kobayashi-actor, Aoi Teshima-actor, Gorō Miyazaki-actor, Chizuru Takahashi-actor, Tetsurô Sayama-actor, Toshio Suzuki-actor, Nobuo Kawakami-actor, Hayao Miyazaki-author, Keiko Niwa-author, Satoshi Takebe-actor"
The Disciple,2020-09-03,Drama,Netflix,India,Movie,,7.1/10,,"Chaitanya Tamhane-director, Aditya Modak-actor, Arun Dravid-actor, Sumitra Bhave-actor, Deepika Bhida Bhagwat-actor, Kiran Yadnyopavit-actor, Abhishek Kale-actor, Neela Khedkar-actor, Makarand Mukund-actor, Kristy Banerjee-actor, Prasad Vanarse-actor, Vivek Gomber-actor, Alfonso Cuarón-actor, Rakesh Mehra-actor, Chaitanya Tamhane-author"
Hide and Seek,1996-01-19,"Documentary, Drama",Fandor,America,Movie,,7/10,,"Su Friedrich-director, Chels Holland-actor, Eva Kolodner-actor, Katie Roumel-actor, Cathy Nan Quinlan-author, Su Friedrich-author"
Painted Skin: The Resurrection,2012-06-28,"Drama, Fantasy",Free Services,China,Movie,,6.2/10,,"Wuershan-director, Zhou Xun-actor, Chen Kun-actor, 赵薇-actor, Yang Mi-actor, William Feng-actor, Chen Tingjia-actor, Lenox Lu-actor, Kris Phillips-actor, Gordon Liu Chia-Hui-actor, Li Bing-Yuan-actor, You Benchang-actor, Zhang Yilong-actor, Qin Junjie-actor, Sun Jian-Kui-actor, Morgan Benoit-actor, Guan Xiaotong-actor, Temur Gang-actor, Chen Kuo-fu-actor, Han Liang-actor, Zhang Da-Jun-actor, Ran Jia-Nan-author, Ran Ping-author, Ishida Katsunori-actor"
The Vows We Keep,2021-10-10,"Drama, Romance","Hallmark Movies Now, Prime Video",Canada,Movie,All (G),6.2/10,,"Jessica Harmon-director, Fiona Gubelmann-actor, Antonio Cayonne-actor, Linda Thorson-actor, Zibby Allen-actor, Michele Scarabelli-actor, David Kaye-actor, Kurt Long-actor, Keith MacKechnie-actor, Kendall Cross-actor, Gabrielle Jacinto-actor, Guy Christie-actor, Desiree Zurowski-actor, Ted Cole-actor, Kerën Burkett-actor, Stephen Aberle-actor, Fernando Szew-actor, Ivan Hayden-actor, Julianna Hays-actor, Kim Arnott-actor, Andrea Gyertson Nasfell-author, Nicole Baxter-author"
Coldplay: A Head Full of Dreams,2018-11-14,Documentary,"Prime Video, Prime Video",United Kingdom,Movie,,7.9/10,,"Mat Whitecross-director, Guy Berryman-actor, Jon Buckland-actor, Will Champion-actor, Chris Martin-actor, Phil Harvey-actor, Mat Whitecross-actor, Gwyneth Paltrow-actor, Beyoncé-actor, Bruno Mars-actor, Noel Gallagher-actor, Brian Eno-actor, Fiona Neilson-actor, Hannah Clarke-actor, Stefan Demetriou-actor, Rael Jones-actor"
Kendra and Beth,2021-10-23,"Drama, LGBTQ",Prime Video ,America,Movie,,6.7/10,,"Dean Peterson-director, Kate Lyn Sheil-actor, Eleanore Pienta-actor, Whitmer Thomas-actor, Catherine Curtin-actor, Jon Gabrus-actor, Phil Matarese-actor, Matt Bailey-actor, Paul Cram-actor, Casey E. Lewis-actor, Haley Jacobsen-actor, Shadana Patterson-actor, Stephen Hage-actor, Gwen Ruhoff-actor, Ryan J. Gilmer-actor, Reilly Myklebust-actor, Dean Peterson-author"
The Courier,2019-11-22,"Action & Adventure, Thriller","Epix, Prime Video",United Kingdom,Movie,18+ (R),4.8/10,,"Zackary Adler-director, Olga Kurylenko-actor, Gary Oldman-actor, Dermot Mulroney-actor, William Moseley-actor, Alicia Agneson-actor, Amit Shah-actor, Craig Conway-actor, Joel Michaely-actor, Greg Orvis-actor, Calli Taylor-actor, Lee Charles-actor, Gordon Alexander-actor, Ty Hurley-actor, Jamie Satterthwaite-actor, Renars Latkovskis-actor, Neil Chapelhow-actor, Michael Fatogun-actor, Hal Hillman-actor, Al Holland-actor, Robert Louis Medina-actor, Andrew Prendergast-actor, David Haring-actor, James Edward Barker-actor"
In My Life,2009-09-16,"Comedy, Drama",Prime Video ,Philippines,Movie,7+ (PG),6.4/10,,"Olivia M. Lamasan-director, Vilma Santos-actor, Luis Manzano-actor, John Lloyd Cruz-actor, Dimples Romana-actor, Tirso Cruz III-actor, Nikki Valdez-actor, Rafael Rosell-actor, Vice Ganda-actor, Paw Diaz-actor, Arnold Reyes-actor, Nonie Buencamino-actor, Shamaine Buencamino-actor, Kakai Bautista-actor, Zeppi Borromeo-actor, Aaron Junatas-actor, Cha-Cha Cañete-actor, William Rothlein-actor, Janice Y. Perez-actor, Marshall Factora-actor, Scott Barber-actor, Bob Shreve-actor, Charo Santos-Concio-actor, Moira Lang-author"
Halloween 5: The Revenge of Michael Myers,1989-10-12,"Thriller, Horror","AMC, Prime Video",America,Movie,18+ (R),5/10,,"Dominique Othenin-Girard-director, Donald Pleasence-actor, Danielle Harris-actor, Ellie Cornell-actor, Wendy Foxworth-actor, Beau Starr-actor, Don Shanks-actor, Jeffrey Landman-actor, Tamara Glynn-actor, Matthew Walker-actor, Betty Carvalho-actor, Troy Evans-actor, Frankie Como-actor, David Ursin-actor, Harper Roisman-actor, Karen Alston-actor, Max Robinson-actor, Fenton Quinn-actor, Gregory Nicotero-actor, Jonathan Chapin-actor, Stanton Davis-actor, Ramsey Thomas-actor, Moustapha Akkad-actor, Dominique Othenin-Girard-author"
Jersey Couture,2010-06-01,Reality,Prime Video ,,TV Show,7+ (TV-PG),7/10,2,
The Bowery Boys Meet the Monsters,1954-06-06,"Comedy, Horror",Prime Video ,America,Movie,,5.9/10,,"Edward Bernds-director, Leo Gorcey-actor, Huntz Hall-actor, Bernard Gorcey-actor, Lloyd Corrigan-actor, Ellen Corby-actor, John Dehner-actor, Laura Mason-actor, Paul Wexler-actor, David Gorcey-actor, Benny Bartlett-actor, Ben Schwalb-actor, Edward Bernds-author, Elwood Ullman-author, Marlin Skiles-actor"
Primary Hitman,2019-02-22,"Action & Adventure, Crime",Free Services,,Movie,,,,
Brightfall,2018-10-29,"Horror, Musical",Prime Video ,,Movie,,3.4/10,,
Sacred Sound,2018-02-19,Documentary,Prime Video ,,Movie,,,,
At the Frontera,2018-01-25,"Drama, Action & Adventure",Prime Video ,,Movie,,6.6/10,,
The Lost Legion,2014-12-02,"History, Action & Adventure","Free Services, Prime Video",Canada,Movie,18+ (R),2.9/10,,"David Kocar-director, Petr Kubík-director, Tom McKay-actor, Michelle Lukes-actor, Brian Caspe-actor, Jim High-actor, Christian Dunkley Clark-actor, Eirini Karamanoli-actor, Jana Triskova-actor, Herbert Heissler-actor, Sharon Christensen-actor, Evan Tylor-actor, John A. Curtis-actor, Lloyd A. Simandl-actor, Tom Raycove-actor, Lloyd A. Simandl-actor"
Race Across America,2013-02-13,"Documentary, Sport","Free Services, Prime Video",,Movie,,6.3/10,,
Fleshtone,1994-06-08,"Mystery, Thriller",Free Services,,Movie,18+ (R),4.6/10,,"Harry Hurwitz-director, Martin Kemp-actor, Lise Cutter-actor, Tim Thomerson-actor, Suanne Braun-actor, Graham Armitage-actor, Harry Hurwitz-author, Mark Stock-author"
Ruin and Rose,2016-09-16,"Documentary, Sport","Free Services, Prime Video",America,Movie,,6.4/10,,Ben Sturgulewski-director
Man vs. Bigfoot,2021-05-09,"Fantasy, Mystery","Free Services, Prime Video",America,Movie,,5.3/10,,"David D. Ford-director, David D. Ford-actor, Stuart Miller-actor, Bob Gimlin-actor, Antonio Tec-actor, Tracy Lynn Ray-actor, Theresa Mills-actor, Lee Kelley-actor, David D. Ford-author"
The Drew Carey Show,1995-09-13,"Drama, Comedy",Prime Video ,,TV Show,7+ (TV-PG),6.9/10,9,"Drew Carey-actor, Ryan Stiles-actor, Diedrich Bader-actor, Cynthia Watros-actor, Kathy Kinney-actor, Christa Miller-actor, Craig Ferguson-actor, John Carroll Lynch-actor, Pam Stone-actor, Bruce Rasmussen-actor, Clay Graham-actor, David Letterman-actor, Drew Carey-actor, Richard Day-actor, Russ Woody-actor, Bruce Helford-actor, Drew Carey-actor"
Adventures Into the Woods: A Sexy Musical,2012-06-02,Comedy,Free Services,,Movie,,4.4/10,,"Rolfe Kanefsky-director, Allie Haze-actor, Ariauna Albright-actor, Jess Allen-actor, Chriss Anglin-actor, Cameron Bass-Jackson-actor, Victoria De Mare-actor, Robert Donavan-actor, Harper Issacs-actor, Russia Hardy-actor, Ron Jeremy-actor, Monica Mayhem-actor, Jeremy L. Morrison-actor, Nataliyajoy Prieto-actor, Kristian Steel-actor, Marta Zolynska-actor, Elissa Dowling-actor, Rolfe Kanefsky-actor, Lux Kassidy-actor, Jeffrey James Lippold-actor, Jules Hartley-actor, Dylan Riley-actor, Alain Siritzky-actor, Esther Goodstein-actor"
Maniac Cop 3: Badge of Silence,1993-02-01,"Action & Adventure, Horror",Free Services,America,Movie,18+ (R),4.9/10,,"Alan Smithee-director, William Lustig-director, Robert Davi-actor, Robert Z'Dar-actor, Caitlin Dulany-actor, Gretchen Becker-actor, Paul Gleason-actor, Jackie Earle Haley-actor, Julius Harris-actor, Grand L. Bush-actor, Doug Savant-actor, Robert Forster-actor, Bobby Di Cicco-actor, Frank Pesce-actor, Lou Diaz-actor, Brenda Varda-actor, Vanessa Marquez-actor, Denney Pierce-actor, Ted Raimi-actor, Vinnie Curto-actor, Jophery C. Brown-actor, Jeffrey Anderson-Gunter-actor, Jeffrey Hilton-actor, Joel Soisson-actor"
Restored Me,2016-09-11,Drama,"Free Services, Prime Video",,Movie,,6.8/10,,"Steven Bauer-actor, Percy Daggs III-actor, Will Yun Lee-actor, Richard T. Jones-actor, Bill Duke-actor, Nafessa Williams-actor, Noel Gugliemi-actor, Malik Yoba-actor, Cynthia Murell-actor, Matt Gerald-actor, Keith Andreen-actor, Angelo Pagan-actor, Yancey Arias-actor, Gary Owen-actor, Casper Smart-actor, Jacqueline Pinol-actor, Pepe Serna-actor, Cynthia Rodriguez-actor, Sofia Kopálová-actor"
Bleak Street,2015-09-17,"Crime, Drama",Kanopy,Mexico,Movie,,6.5/10,,"Arturo Ripstein-director, Patricia Reyes Spíndola-actor, Nora Velázquez-actor, Arcelia Ramírez-actor, Alberto Estrella-actor, Alejandro Suárez-actor, Juan Francisco Longoria-actor, Guillermo López-actor, Erando González-actor, Emoé de la Parra-actor, Eligio Meléndez-actor, Greta Cervantes-actor, Paola Arroyo-actor, Leticia Gómez Rivera-actor, Samuel Gallegos-actor, Víctor Carpinteiro-actor, Carlos Chávez-actor, Valentina Nallino-actor, Rakel Adriana-actor, Tamara Guzman-actor, Metztli Adamina-actor, Norma Pablo-actor, Paz Alicia Garciadiego-author"
Surprise,2019-02-14,"Comedy, Drama",Prime Video ,United Kingdom,Movie,,4.7/10,,"Peter Hewitt-director, Jennifer Angelier-actor, Sofia Bouchaala-actor, Samantha Brito e Cunha-actor, Andy Chesters-actor, Helen Clifford-actor, Charmaine Davies-actor, Pete Donno-actor, Clarissa Efthymiades-actor, Nicholas Farr-actor, Anna Gilbert-actor, Mike Goodenough-actor, Rosalind Hoy-actor, Damien Lyne-actor, Timothy Pearson-actor, Bianca Pick-actor, Nathan Robinson-actor, Mark Sparkler-actor, Grace Thompson-actor, Dick Ward-actor, Hamish Wyllie-actor, John Higgins-actor, Peter Hewitt-actor, Simon Hewitt-actor"
A Godwink Christmas,2018-11-17,"Drama, Family","Hallmark, Prime Video",America,Movie,All (G),6.5/10,,"Michael Robison-director, Kimberley Sustad-actor, Paul Campbell-actor, Kathie Lee Gifford-actor, Natalie Sharp-actor, Giles Panton-actor, Ryan Alexander McDonald-actor, Dolores Drake-actor, Kat Ruston-actor, Lucia Walters-actor, Jag Bal-actor, Kelly Richard Nelson-actor, Lucia Frangione-actor, Grace Sunar-actor, Talana Watt Madu-actor, Kim Arnott-actor, Fernando Szew-actor, Michael Shepard-actor, David Golden-author, John Tinker-author"
Rob & Big,2006-11-02,"Reality, Comedy","Free Services, Prime Video",America,TV Show,7+ (TV-PG),7.5/10,3,"Christopher Boykin-actor, Chris Pfaff-actor, Rob Dyrdek-actor, Jeff Tremaine-actor, Christopher Boykin-actor, Jeff Tremaine-actor, Rob Dyrdek-actor"
Horse Crazy,2001-05-31,"Family, Drama","Free Services, Prime Video",,Movie,All (G),5.8/10,,"Eric Hendershot-director, Michael Glauser-actor, Jonny Cronin-actor, Brittany Armstrong-actor, Scott Subiono-actor, Dalin Christiansen-actor, Arizona Taylor-actor, Elizabeth Johnson-actor, Eric Hendershot-actor, Steele Hendershot-actor, Eric Hendershot-author"
One Year Later,,"Drama, Comedy",Prime Video ,,Movie,,6.6/10,,
Learning to Breathe,2016-08-23,"Drama, Documentary","Free Services, Prime Video",United Kingdom,Movie,13+ (PG-13),5.5/10,,"Dan Turner-director, Sam Hazeldine-actor, Natalia Warner-actor, Niamh McGrady-actor, Tony Marshall-actor, Dan Turner-author"
Dolly Kitty and Those Twinkling Stars,2019-10-04,"Drama, Comedy",Netflix,India,Movie,18+ (R),5.5/10,,"Alankrita Shrivastava-director, Konkona Sen Sharma-actor, Bhumi Pednekar-actor, Aamir Bashir-actor, Vikrant Massey-actor, Amol Parashar-actor, Kubbra Sait-actor, Karan Kundra-actor, Kalyani Jha-actor, Mihir Ahuja-actor, Ekta Kapoor-actor, Shobha Kapoor-actor, Alankrita Shrivastava-author"
Invasion: UFO,1980-12-19,"Drama, Science-Fiction",Prime Video ,United Kingdom,Movie,,5.7/10,,"Gerry Anderson-director, Ed Bishop-actor, Michael Billington-actor, Wanda Ventham-actor, Vladek Sheybal-actor, David Warbeck-actor, David Tomblin-author"
Bowery Blitzkrieg,1941-08-01,"Drama, Comedy","Prime Video, Prime Video",America,Movie,All (G),6/10,,"Wallace Fox-director, Leo Gorcey-actor, Bobby Jordan-actor, Huntz Hall-actor, Keye Luke-actor, Warren Hull-actor, Charlotte Henry-actor, Bobby Stone-actor, Donald Haines-actor, Sunshine Sammy Morrison-actor, David Gorcey-actor, Martha Wentworth-actor, Jack Mulhall-actor, Dennis Moore-actor, Tony Carson-actor, Pat Costello-actor, Dick Ryan-actor, Jack Carr-actor, Bill Cartledge-actor, Jack Chefe-actor, Minerva Urecal-actor, Eddie Foster-actor, Pete Mayer-actor, Sam Katzman-actor"
Ballyfin: Portrait of an Irish Country House,,,"Free Services, Prime Video",,Movie,,,,
He Loved Them All,2018-05-20,"Mystery, Thriller","Hoopla, Prime Video",America,Movie,16+,4.3/10,,"Jake Helgren-director, Katherine Bailess-actor, Damon Dayoub-actor, Salma Samir-actor, Ali Cobrin-actor, Tiffany Hines-actor, Wil Traval-actor, Emily Nye-author, Jake Helgren-author"
Heaven & Earth,1993-12-24,"Action & Adventure, Drama","Hoopla, Prime Video",France,Movie,18+ (R),6.8/10,,"Oliver Stone-director, Tommy Lee Jones-actor, Robert John Burke-actor, Timothy Carhart-actor, Tim Guinee-actor, Hiep Thi Le-actor, Debbie Reynolds-actor, Haing S. Ngor-actor, Joan Chen-actor, Dustin Nguyen-actor, Liem Whatley-actor, Vivian Wu-actor, Long Nguyen-actor, Conchata Ferrell-actor, Thuan K. Nguyen-actor, Espérance Pham Thai Lan-actor, Jeffrey Jones-actor, A. Kitman Ho-actor, Arnon Milchan-actor, Oliver Stone-actor, Robert Kline-actor, Mario Kassar-actor, Oliver Stone-author, Kitaro-actor"
Caged,1950-05-19,"Crime, Drama",Prime Video ,America,Movie,,7.6/10,,"John Cromwell-director, Eleanor Parker-actor, Agnes Moorehead-actor, Ellen Corby-actor, Hope Emerson-actor, Betty Garde-actor, Jan Sterling-actor, Lee Patrick-actor, Olive Deering-actor, Jane Darwell-actor, Gertrude Michael-actor, Sheila MacRae-actor, Gertrude Hoffmann-actor, Queenie Smith-actor, Don Beddoe-actor, Esther Howard-actor, Edith Evanson-actor, Grace Hayes-actor, Taylor Holmes-actor, Nita Talbot-actor, Sheila Stuart-actor, Hazel Keener-actor, Jerry Wald-actor, Virginia Kellogg-author"
KAALA (Malayalam),2018-01-01,,"Prime Video, Prime Video",,Movie,,,,
中国性革命,2008-03-25,Documentary,Free Services,Canada,Movie,,5.9/10,,"Josh Freed-director, Mikela Jay-actor"
Building Wild,2014-01-14,"Home & Garden, Reality",Prime Video ,,TV Show,,7.3/10,2,Patrick Tuffy Bakaitis-actor
Black Ghost,2018-05-28,"Crime, Thriller",Free Services,Australia,Movie,,4.4/10,,"Kathryn Goddard-director, Sean Schliwa-actor, Tammie West-actor, Tristan Balz-actor, Ron Arthurs-actor, Anthony Ciccotosto-actor, Sean Schliwa-author"
Christmas Crash,2009-01-01,"Action & Adventure, Drama","Free Services, Prime Video",Canada,Movie,,4.8/10,,"Terry Ingram-director, Michael Madsen-actor, Alexandra Paul-actor, Elyse Levesque-actor, Melanie Papalia-actor, Winston Rekert-actor, Ron Lea-actor, Brendan Penny-actor, Forbes Angus-actor, Chris Shields-actor, Wesley Salter-actor, Jack Nasser-actor, Jack Nasser-author, Joseph Nasser-author, Luis Cruz-author"
Alien Chronicles,2020-04-01,Documentary,"Free Services, Prime Video",,TV Show,,,1,
The Azusa Street Project,,,"Free Services, Prime Video",,Movie,,4.2/10,,
HYDRA,2019-05-24,"Action & Adventure, Crime",Prime Video ,Japan,Movie,,5.8/10,,"Kensuke Sonomura-director, Masanori Mimoto-actor, MIU-actor, Tasuku Nagase-actor, Takaya Aoyagi-actor, Takashi Nishina-actor, Tsutomu Uchigasaki-actor, Jiro Kaneko-author"
First Signal,2021-04-26,"Drama, History","Free Services, Prime Video",America,Movie,,6.2/10,,"Mark Lund-director, Paul Noonan-actor, Conor Timmis-actor, Wendy Hartman-actor, Patience McStravick-actor, Stephanie Eaton-actor, Mark Lund-author"
Star Wars Galaxy of Creatures,2021-10-14,,Hulu,,TV Show,,6.4/10,1,
Lo azul del cielo,2013-01-18,"Drama, Romance",Prime Video ,Colombia,Movie,,6.7/10,,"Juan Alfredo Uribe-director, Aldemar Correa-actor, María Gaviria-actor, John Álex Toro-actor, Noëlle Schonwald-actor, Ana María Sánchez-actor, Ruth Gabriel-actor, Carlos Arango-actor, Andres Felipe Gomez-actor, Juliana Quiceno-actor, Jaime Correa-actor, Hector Gomez-actor, Andrés Felipe Torres-actor, Mario Wilson Bustamante-actor, Julián Bustamante-actor, Henry Rincón-actor, Simón Rivera-actor, Iti Fernández-actor, Juan Alfredo Uribe-actor, Juan Alfredo Uribe-author"
Lady of the Damned Forest,2017-11-17,"Action & Adventure, Fantasy","Free Services, Prime Video",Spain,Movie,,5.4/10,,"George Karja-director, Bea Urzaiz-actor, Daniela M. Xandru-actor, George Karja-actor, José Fopiani-actor, Gisela Carrera-actor, Rubén del Álamo Gómez-actor, George Karja-author"
Angeli - Una Storia D'Amore,2014-10-08,Mystery,"Free Services, Prime Video",Italy,Movie,,5.4/10,,"Stefano Reali-director, Marco Bonini-actor, Raoul Bova-actor, Vanessa Incontrada-actor, Alberto Amoretti-author, Stefano Reali-author"
Inside Game,2019-11-01,"Crime, Drama","Free Services, Prime Video",America,Movie,18+ (R),5.7/10,,"Randall Batinkoff-director, Lindsey Morgan-actor, Michael O'Keefe-actor, Scott Wolf-actor, Will Sasso-actor, Berto Colon-actor, Michael Iacono-actor, Reggie Lee-actor, Randall Batinkoff-actor, Andy Callahan-author"
The Final Project,2016-02-12,"Horror, Mystery","Free Services, Prime Video",America,Movie,,2.9/10,,"Taylor Ri'chard-director, Benjie Anderson-actor, Amber Erwin-actor, Tiffany Ford-actor, Teal Haddock-actor, Arin Jones-actor, Robert McCarley-actor, Evan McLean-actor, Charles Orr-actor, Leonardo Santaiti-actor, Sergio Suave-actor, Jejuan Walker-actor, Susan Woodard-actor, Taylor Ri'chard-author, Zachary Davis-author"
Fishbowl,2021-08-13,Drama,"Free Services, Prime Video",,Movie,,7.6/10,,Jacqueline Chan-director
Bite the Bullet,1975-09-26,Action & Adventure,"Free Services, Prime Video",America,Movie,7+ (PG),6.6/10,,"Richard Brooks-director, Gene Hackman-actor, Candice Bergen-actor, James Coburn-actor, Ben Johnson-actor, Ian Bannen-actor, Jan-Michael Vincent-actor, Dabney Coleman-actor, Sally Kirkland-actor, Buddy Van Horn-actor, Jean Willes-actor, Mario Arteaga-actor, Robert Donner-actor, Lucia Canales-actor, John McLiam-actor, Robert F. Hoy-actor, Jerry Gatlin-actor, Walter Scott-actor, William H. Burton Jr.-actor, Joe Brooks-actor, Darwin Lamb-actor, Paul Stewart-actor, Richard Brooks-actor, Richard Brooks-author"
Timeless Love,2019-12-26,"Drama, Romance","Free Services, Prime Video",America,Movie,All (G),6.9/10,,"Brian Brough-director, Rachel Skarsten-actor, Brant Daugherty-actor, Jill Adler-actor, Liz Christensen-actor, Scott Christopher-actor, Rick Macy-actor, Terence Goodman-actor, Brooklyn Brough-actor, Carter Brough-actor, Maddox Brough-actor, Natalie Devine Riskas-actor, Cathy Ford-actor, K. Danor Gerald-actor, Mary Hall-actor, Kristen Marie Jensen-actor, Mary Neville-actor, Sela Vave-actor, Brittany Wiscombe-actor, Cole Wiscombe-actor, Zoey Wiscombe-actor, Yolanda Wood-actor, Brittany Wiscombe-author"
The Assassin,1967-12-22,"Drama, Action & Adventure",Prime Video ,Hong Kong,Movie,13+ (PG-13),6.6/10,,"Chang Cheh-director, Jimmy Wang Yu-actor, Lisa Chiao Chiao-actor, Li Hsiang-Chun-actor, Tien Feng-actor, Wong Chung-Shun-actor, Cliff Lok-actor, Lam Jing-actor, Fang Mian-actor, Cheung Pooi-Saan-actor, Wang Kuang-Yu-actor, Ma Ying-actor, Chiu Sam-Yin-actor, Cheng Lui-actor, Runme Shaw-actor, Chang Cheh-author"
Yummy Mummy,2005-01-01,Documentary,"Free Services, Prime Video",,TV Show,,,1,
Seeing the Beginning of Time,2017-06-14,Documentary,"Prime Video, Prime Video",,Movie,,7.3/10,,
All You Need Is Love: The Story of Popular Music,1977-02-12,Documentary,Prime Video ,,TV Show,,7.7/10,1,
Asia,2021-04-01,Drama,"Free Services, Prime Video",Israel,Movie,,6.7/10,,"Ruthy Pribar-director, Alena Yiv-actor, Shira Haas-actor, Tamir Mula-actor, Gera Sandler-actor, Eden Halili-actor, Or Barak-actor, Aurit Zamir-actor, Yoav Roeh-actor, Ruthy Pribar-author, Karni Postel-actor"
Hidden Moon,2012-11-23,"Drama, Romance","Free Services, Prime Video",Mexico,Movie,7+ (PG),5.4/10,,"Pepe Bojórquez-director, Wes Bentley-actor, Ana Serradilla-actor, Osvaldo de León-actor, Johnathon Schaech-actor, Linda Gray-actor, Héctor Jiménez-actor, Alejandra Ambrosi-actor, Angélica María-actor, Emily Baldoni-actor, Chandra West-actor, Jackson Hurst-actor, Riley Voelkel-actor, Tina Romero-actor, Mar Carrera-actor, Adriana Louvier-actor, David Howard-author, Pepe Bojórquez-author"
The Lost Coast,2008-01-01,"Drama, LGBTQ",Free Services,America,Movie,,4.8/10,,"Gabriel Fleming-director, Ian Scott McGregor-actor, Lucas Alifano-actor, Lindsay Benner-actor, Chris Yule-actor, Rob Hatzenbeller-actor, Bradly Mena-actor, Nathan Pratt-actor, George Nachtrieb-actor, Jon Wolanske-actor, Mark Marino-actor, Nils Kenaston-actor, Sarah Nealis-actor, Gabriel Fleming-author"
Last Train Home,2009-06-06,"Drama, Documentary",Fandor,Canada,Movie,,7.6/10,,"Lixin Fan-director, Changhua Zhang-actor, Suqin Chen-actor, Qin Zhang-actor, Yang Zhang-actor, Tingsui Tang-actor"
Black Panthers,1968-12-01,"Comedy, Documentary","HBO MAX, Prime Video",France,Movie,,7.3/10,,"Agnès Varda-director, Huey P. Newton-actor, Eldridge Cleaver-actor, Bobby Seale-actor, Stokely Carmichael-actor, Ron Dellums-actor, James Forman-actor, H. Rap Brown-actor, Kathleen Cleaver-actor, Agnès Varda-author"
Sound of Metal,2020-11-20,"Musical, Drama","Prime Video, Prime Video",United Kingdom,Movie,18+ (R),7.7/10,,"Darius Marder-director, Riz Ahmed-actor, Olivia Cooke-actor, Paul Raci-actor, Lauren Ridloff-actor, Mathieu Amalric-actor, Tom Kemp-actor, Chris Perfetti-actor, Hillary Baack-actor, Chelsea Lee-actor, Shaheem Sanchez-actor, Rena Maliszewski-actor, Michael Tow-actor, William Xifaras-actor, Jamie Ghazarian-actor, David Arthur Sousa-actor, Bill Thorpe-actor, Marisa Defranco-actor, Jeremy Lee Stone-actor, Alex Kilgore-actor, Dani Miller-actor, Sean Powell-actor, Bert Hamelinck-actor, Bill Benz-actor"
Along the Great Divide,1951-06-02,"Romance, Action & Adventure",Prime Video ,America,Movie,,6.8/10,,"Raoul Walsh-director, Kirk Douglas-actor, Virginia Mayo-actor, John Agar-actor, Walter Brennan-actor, Ray Teal-actor, Hugh Sanders-actor, Morris Ankrum-actor, James Anderson-actor, Charles Meredith-actor, Anthony Veiller-actor, Lewis Meltzer-author, Walter Doniger-author"
Primrose Path,1940-03-22,"Romance, Drama",Prime Video ,America,Movie,,6.9/10,,"Gregory La Cava-director, Ginger Rogers-actor, Joel McCrea-actor, Marjorie Rambeau-actor, Henry Travers-actor, Miles Mander-actor, Queenie Vassar-actor, Joan Carroll-actor, Vivienne Osborne-actor, Carmen Morales-actor, Bobby Barber-actor, Louise Beavers-actor, Edgar Dearing-actor, Jack Gargan-actor, Robert Emmett Keane-actor, Charles Lane-actor, Matt McHugh-actor, Ernie Adams-actor, Mara Alexander-actor, Ray Cooke-actor, Herbert Corthell-actor, Jacqueline Dalya-actor, Gregory La Cava-actor, Allan Scott-author"
The Chinese Man,2011-06-25,"Mystery, Thriller","Free Services, Prime Video",Austria,Movie,,6/10,,"Peter Keglevic-director, Suzanne von Borsody-actor, Michael Nyqvist-actor, Claudia Michelsen-actor, Jimmy Taenaka-actor, Amy Cheng-actor, Joachim Bißmeier-actor, Roeland Wiesnekker-actor, Ee Ping Hin Derrick-actor, August Schmölzer-actor, Karlheinz Hackl-actor, Nicole Beutler-actor, Franziska Weisz-actor, Martin Loos-actor, Peter Benedict-actor, Katja Weitzenböck-actor, Chou Heng-Yin-actor, Peter Gilbert Cotton-actor, Nahoko Fort-Nishigami-actor, Romana Carén-actor, Christoph Moosbrugger-actor, Ilse Peternell-actor, Boris Ausserer-actor, Peter Wirthensohn-actor"
"Scaler, Dark Spirit",2016-06-18,"Horror, Mystery","Free Services, Prime Video",,Movie,18+ (R),3.5/10,,"Dan T. Hall-director, Nathan Bechtold-actor, Ran Burns-actor, Jessica Froelich-actor, Moli Hall-actor"
Tut's Final Secrets,2020-01-26,Documentary,Prime Video ,,TV Show,,8/10,1,
"Peter Gabriel: New Blood, Live In London",2011-10-24,Musical,"Free Services, Prime Video",United Kingdom,Movie,,8.1/10,,"Blue Leach-director, Peter Gabriel-actor"
A Heart That Forgives,2016-10-31,Drama,"Free Services, Prime Video",America,Movie,7+ (PG),6.6/10,,"M. Legend Brown-director, Mario Mims-actor, Nikki Dixon-actor, Charles Malik Whitfield-actor, Kelly O'Neil Jackson-actor, Carl Anthony Payne II-actor, Irma P. Hall-actor, Pilar Sanders-actor, Kenneisha Thompson-actor, Tammy Thomas-actor, Lorey Hayes-actor, Gail Cronauer-actor, Jasmine Shanise-actor, Deanne Lauvin-actor, Grover Coulson-actor, Kerry McCormick-actor, Mila McCoy-actor, T.K. Henderson-author"
In the Blink of an Eye,1996-03-24,"Biography, Drama","Free Services, Prime Video",,Movie,,5.5/10,,"Micki Dickoff-director, Veronica Hamel-actor, Mimi Rogers-actor, Carlos Gómez-actor, Jeffrey Dean Morgan-actor, T.J. Lowther-actor"
China in Ethiopia,,Documentary,Free Services,,Movie,,,,
Bearskin: An Urban Fairytale,1989-11-05,,"Free Services, Prime Video",Portugal,Movie,,6.3/10,,"Ann Guedes-director, Eduardo Guedes-director, Tom Waits-actor, Damon Lowry-actor, Charlotte Coleman-actor, Júlia Britton-actor, Bill Paterson-actor, Isabel Ruth-actor, Ian Dury-actor, Alex Norton-actor, Mark Arden-actor, Pip Torrens-actor, David Gant-actor, Karl Collins-actor, Arthur Whybrow-actor"
La Grande Bouffe,1973-05-16,"Comedy, Drama",Free Services,France,Movie,18+ (R),7.1/10,,"Marco Ferreri-director, Marcello Mastroianni-actor, Ugo Tognazzi-actor, Michel Piccoli-actor, Philippe Noiret-actor, Andréa Ferréol-actor, Solange Blondeau-actor, Florence Giorgetti-actor, Michèle Alexandre-actor, Monique Chaumette-actor, Henri Piccoli-actor, Giuseppe Maffioli-actor, Maurice Dorléac-actor, Simon Tchao-actor, Louis Navarre-actor, Bernard Ménez-actor, Cordelia Piccoli-actor, Jérôme Richard-actor, Patricia Milochevitch-actor, James Campbell-actor, Eva Simonet-actor, Gérard Boucaron-actor, Vincent Malle-actor, Francis Blanche-author"
The Yearling,1946-12-18,"Family, Drama",Prime Video ,America,Movie,All (G),7.2/10,,"Clarence Brown-director, Gregory Peck-actor, Jane Wyman-actor, Claude Jarman Jr.-actor, Chill Wills-actor, Clem Bevans-actor, Margaret Wycherly-actor, Henry Travers-actor, Forrest Tucker-actor, Donn Gift-actor, June Lockhart-actor, Joan Wells-actor, Jeff York-actor, Sidney Franklin-actor, Marjorie Kinnan Rawlings-author, Paul Osborn-author, Herbert Stothart-actor"
In Bright Axiom,2019-06-07,"Documentary, Fantasy","Free Services, Prime Video",,Movie,,5.9/10,,"Spencer McCall-director, Geordie Aitken-actor, Tracy Pfau-actor, Anna Seregina-actor, Haley Who-actor"
Undead Apocalypse,2012-07-01,"Drama, Horror","Free Services, Prime Video",America,Movie,,5.8/10,,"Daniel Nunez-director, Lazaro Nunez-director, Christopher Diaz-actor, Joe Coffey-actor, Sophia Koshmer-actor, Kaleigh Baugh-actor, Daniel Nunez-author, Lazaro Nunez-author"
Wild Grinders,2012-04-27,Animation,Prime Video ,,TV Show,7+ (TV-PG),2/10,4,Rob Dyrdek-actor
Dead Body,2017-10-17,"Horror, Mystery","Free Services, Prime Video",,Movie,,4.7/10,,"Bobbin Ramsey-director, Cooper Hopkins-actor, Leah Pfenning-actor, Rachel Brun-actor, Miho Aizawa-actor, Ian Bell-actor, Ramon Isao-actor, Ian Bell-author, Ramon Isao-author"
Ragada,2010-12-23,"Drama, Comedy",Prime Video ,India,Movie,All (G),6/10,,"Veeru Potla-director, Nagarjuna Akkineni-actor, Anushka Shetty-actor, Priyamani-actor, Dev Gill-actor, Pradeep Ram Singh Rawat-actor, Kota Srinivasa Rao-actor, Brahmanandam-actor, Tanikella Bharani-actor, Raghu Babu-actor, Master Bharath-actor, Charmy Kaur-actor, Bharath Reddy-actor"
The Back-up Bride,2011-03-24,"Drama, Comedy","Free Services, Prime Video",America,Movie,,3.9/10,,"Ana Zins-director, Daniel Bonjour-actor, Leena Huff-actor, Jesse Johnson-actor, Jen Lilley-actor, Ana Zins-author, Sheryl Umayam-author"
Like Air,2015-11-17,"Drama, Family","Free Services, Prime Video",America,Movie,,6.8/10,,"Jake Viramontez-director, Kathryn McCormick-actor, Jacob Patrick-actor, Jacob Patrick-author, Jake Viramontez-author"
Flor de la Mar,2015-04-14,"Documentary, History",Prime Video ,,Movie,,8.2/10,,Jorge Thielen Armand-director
Moz and I,2020-01-03,Documentary,Prime Video ,,Movie,,7.9/10,,
Nobody Walks,2012-10-19,"Thriller, Drama","Hoopla, Prime Video",America,Movie,18+ (R),5.3/10,,"Ry Russo-Young-director, Dylan McDermott-actor, Jane Levy-actor, Rhys Wakefield-actor, John Krasinski-actor, Olivia Thirlby-actor, Rosemarie DeWitt-actor, Emma Dumont-actor, Sam Lerner-actor, India Ennenga-actor, Blaise Godbe Lipman-actor, Emanuele Secci-actor, Andrea Sperling-actor, Jonathan Schwartz-actor, Audrey Wilf-actor, Zygi Wilf-actor, Lena Dunham-author, Ry Russo-Young-author, Will Bates-actor"
Weird Science,1994-03-05,"Fantasy, Comedy",Prime Video ,America,TV Show,7+ (TV-PG),6.8/10,5,"Michael Manasseri-actor, John Asher-actor, Lee Tergesen-actor, Vanessa Angel-actor, Adam Barr-actor, John Landis-actor, Peter Ocko-actor, Robert K. Weiss-actor"
"No Gods, No Masters: A History of Anarchism",2017-04-11,"Documentary, History",Prime Video ,,Movie,,8.5/10,,
Kamen Rider Heisei Generations Forever,2018-12-22,"Science-Fiction, Action & Adventure",Free Services,Japan,Movie,7+ (PG),6.8/10,,"Kyouhei Yamaguchi-director, So Okuno-actor, Atsuhiro Inukai-actor, Gaku Oshida-actor, Eiji Akaso-actor, Shieri Ohata-actor, Kaho Takada-actor, Keisuke Watanabe-actor, Kouhei Takeda-actor, Kensei Mikami-actor, Katsuhisa Namase-actor, Nayuta Fukuzaki-actor, Taiyo Saito-actor, 瀧藤賢一-actor, Shunsuke Daitoh-actor, Kentaro Ito-actor, Hiroaki Nakagawa-actor, Rina Takatae-actor, Reo Suzuki-actor, Souryu Nishi-actor, Hiroshi Douki-actor, Yuugen Okamoto-actor, Keiji Kameyama-actor, Naoya Kinoshita-actor"
The Mayo Conspiracy,2017-06-27,Comedy,Prime Video ,,Movie,,,,
6 Days Dark,2014-08-26,Horror,"Free Services, Prime Video",Canada,Movie,,3.9/10,,"Miona Bogovic-director, Svetlana D. Petković-actor, Lorena Rincon-actor, Peter J. Chaffey-actor, Ana Maljević-actor, Oleg Vidov-actor, Lana May-actor, Miljana Kravić-actor, Sinead Shannon Roche-actor, Jasmina Dimitrijević-actor, Sandra Janković-actor, Jovana Puzavac-actor, D. Daniel Vujić-actor, James Ordonez-actor, Nebojsa Radusinovic-actor, Sonia Carroll-actor, D. Daniel Vujić-author"
Bearcats!,1971-04-16,Action & Adventure,"Free Services, Prime Video",,Movie,,7.4/10,,
Insecure,2016-10-09,"Drama, Comedy","HBO MAX, Prime Video",,TV Show,18+ (TV-MA),8/10,5,"Issa Rae-actor, Yvonne Orji-actor, Jay Ellis-actor, Amanda Seales-actor, Lisa Joyce-actor, Natasha Rothwell-actor, Anna Dokoza-actor, Dave Becky-actor, Dayna Lynne North-actor, Issa Rae-actor, Jonathan Berry-actor, Melina Matsoukas-actor, Michael Rotenberg-actor, Prentice Penny-actor, Issa Rae-actor, Larry Wilmore-actor"
Mark Twain's America,1960-04-22,Documentary,Free Services,,Movie,,,,
Christian Kane - Wizard World Comic Con Portland,,,Prime Video ,,Movie,,,,
Memphis Belle,1990-09-07,"Action & Adventure, Drama",Prime Video ,Japan,Movie,13+ (PG-13),6.9/10,,"Michael Caton-Jones-director, Matthew Modine-actor, Eric Stoltz-actor, Tate Donovan-actor, D. B. Sweeney-actor, Billy Zane-actor, Sean Astin-actor, Harry Connick Jr.-actor, Bradley Lavelle-actor, Reed Diamond-actor, Courtney Gains-actor, Neil Giuntoli-actor, David Strathairn-actor, John Lithgow-actor, Jane Horrocks-actor, Steven Mackintosh-actor, Martin McDougall-actor, Morag Siller-actor, Mac McDonald-actor, Jodie Brooke Wilson-actor, Keith Edwards-actor, Catherine Wyler-actor, David Puttnam-actor, Monte Merrick-author"
Murder at Midnight,1931-09-01,"Mystery, Thriller","Prime Video, Prime Video",America,Movie,,5.4/10,,"Frank R. Strayer-director, Aileen Pringle-actor, Alice White-actor, Hale Hamilton-actor, Robert Elliott-actor, Clara Blandick-actor, Brandon Hurst-actor, Leslie Fenton-actor, William Humphrey-actor, Phil Goldstone-actor, Scott Darling-author, Val Burton-actor"
Roobha,2017-12-09,Drama,"Free Services, Prime Video",,Movie,,7.3/10,,"Lenin M. Sivam-director, Amrit Sandhu-actor, Antonythasan Jesuthasan-actor, Thenuka Kantharajah-actor, Dan Bertolini-actor, Gwenlyn Cumyn-actor, Lenin M. Sivam-author"
Slasher.com,2017-01-16,"Horror, Thriller","Free Services, Prime Video",America,Movie,18+ (R),3.3/10,,"Chip Gubera-director, Jewel Shepard-actor, R.A. Mihailoff-actor, Ben Kaplan-actor, Adam Boster-actor, Morgan Carter-actor, Delious-actor, Rebecca Crowley-actor, Greg Allers-actor, Jace Boster-actor, Sarah Kaplan-actor, Brittany Vecchio-actor, Jessica Waller-actor, Chelsea Andes-author"
Vampires,2010-04-17,"Fantasy, Horror",Free Services,Belgium,Movie,,6.3/10,,"Vincent Lannoo-director, Carlo Ferrante-actor, Vera Van Dooren-actor, Pierre Lognay-actor, Fleur Lise Heuet-actor, Bénédicte Bantuelle-actor, Baptiste Sornin-actor, Selma Alaoui-actor, Arnaud Maillard-actor, Paul Ahmarani-actor, Julien Doré-actor, Alexandra Kamp-actor, Thomas Coumans-actor, Vincent Lannoo-actor, Florette Fichefet-actor, Olivier Masset-Depasse-actor, Paul Absil-actor, Ian Lauzon-actor, Catherine Cédilot-actor, Eliott Ventadour-actor, Chloé Périlleux-actor, Karim Barras-actor, John Engel-actor, Frédérique Broos-author"
Hero of Babylon,1963-08-22,Action & Adventure,Prime Video ,France,Movie,,5/10,,"Siro Marcellini-director, Gordon Scott-actor, Geneviève Grad-actor, Andrea Scotti-actor, Célina Cély-actor, Moira Orfei-actor"
The Devil's Well,2018-01-23,"Mystery, Thriller","Free Services, Prime Video",America,Movie,,3.7/10,,"Kurtis Spieler-director, Bryan Manley Davis-actor, Chris Viemeister-actor, Kristen Seavey-actor, Lauren Sowa-actor, Kurtis Spieler-actor, Anne-Marie Mueschke-actor, Kurtis Spieler-author"
The Change-Up,2011-08-05,"Fantasy, Comedy","Free Services, Prime Video",America,Movie,18+ (R),6.3/10,,"David Dobkin-director, Jason Bateman-actor, Ryan Reynolds-actor, Leslie Mann-actor, Olivia Wilde-actor, Alan Arkin-actor, Gregory Itzin-actor, Mircea Monroe-actor, Sydney Rouviere-actor, Matthew Cornwell-actor, Craig Bierko-actor, TJ Hassan-actor, Ned Schmidtke-actor, Ming Lo-actor, Dax Griffin-actor, Andrea Moore-actor, Taaffe O'Connell-actor, Bailey Anne Borders-actor, Clay Chamberlin-actor, Jeanine Jackson-actor, Fred Stoller-actor, Jamie Renell-actor, David Dobkin-actor, Neal H. Moritz-actor"
Rush,1991-12-22,"Crime, Drama",HBO MAX,America,Movie,18+ (R),6.7/10,,"Lili Fini Zanuck-director, Jason Patric-actor, Jennifer Jason Leigh-actor, Sam Elliott-actor, Max Perlich-actor, Gregg Allman-actor, William Sadler-actor, Tony Frank-actor, Special K. McCray-actor, Dennis Letts-actor, Dennis Burkley-actor, Glenn Wilson-actor, Jimmy Ray Pickens-actor, Barbara Lasater-actor, Toni Pilgreen-actor, Merrill Connally-actor, Richard D. Zanuck-actor, Peter Dexter-author, Eric Clapton-actor"
Billal,1996-10-09,Documentary,Kanopy,,Movie,,8/10,,Tom Zubrycki-director
It's Christmas Dr. Joe,2004-12-18,"Animation, Family","Free Services, Prime Video",,Movie,,,,
Free CeCe,2016-06-03,"Documentary, LGBTQ",Prime Video ,America,Movie,,6.8/10,,"Jacqueline Gares-director, Laverne Cox-actor, CeCe McDonald-actor"
Penny Black,2015-10-30,"Action & Adventure, Comedy","Free Services, Prime Video",,Movie,,6/10,,Joe Hitchcock-director
Life of Significant Soil,2016-06-05,"Drama, Comedy","Free Services, Prime Video",,Movie,,6.1/10,,Michael Irish-director
Bluegrass Journey,2004-07-09,Documentary,Prime Video ,,Movie,,7.6/10,,"Rob Schumer-director, Ruth Oxenberg-director, Tim O'Brien-actor, Jerry Douglas-actor, Peter Rowan-actor, Tony Rice-actor, Rhonda Vincent-actor, Chris Thile-actor, Nickel Creek-actor, Rob Schumer-actor, Ruth Oxenberg-actor, Gill Holland-actor"
Body Languages: The Sculptures of Brian Booth Craig,2020-07-28,Documentary,Prime Video ,,Movie,,,,
Wired Shut,2021-08-30,"Horror, Thriller","Free Services, Prime Video",Canada,Movie,,5.9/10,,"Alexander Sharp-director, Blake Stadel-actor, Natalie Sharp-actor, Behtash Fazlali-actor, Alexander Sharp-actor, Peter Malone Elliott-actor, Ann Lewis-actor, Catherine Thompson-actor, Heidi Groot-actor, L.M. Elliott-actor, Natalie Sharp-actor, Scott Manderson-actor, Teresa Sharp-actor, Zach Book-actor, Peter Malone Elliott-author"
Station West,1948-09-01,"Action & Adventure, Mystery",Prime Video ,America,Movie,,6.6/10,,"Sidney Lanfield-director, Dick Powell-actor, Jane Greer-actor, Agnes Moorehead-actor, Burl Ives-actor, Tom Powers-actor, Gordon Oliver-actor, Steve Brodie-actor, Guinn Williams-actor, Raymond Burr-actor, Regis Toomey-actor, Michael Steele-actor, Olin Howland-actor, John Berkes-actor, Dan White-actor, John Kellogg-actor, Charles Middleton-actor, John Doucette-actor, Suzi Crandall-actor, Robert Sparks-actor, Dore Schary-actor, Frank Fenton-author, Luke Short-author, Winston Miller-author"
Capital Letters,2004-07-09,"Drama, Crime","Free Services, Prime Video",,Movie,,6.1/10,,Ruth Negga-actor
The Killer Shrews,1992-07-25,"Comedy, Science-Fiction","Free Services, Prime Video",,Movie,16+,7.8/10,,
Deadly Shaolin Longfist,1982-06-06,"Drama, Action & Adventure","Free Services, Prime Video",,Movie,,5.9/10,,"Kim Jeong-Yong-director, Elton Chong-actor, Bruce Jang Il-Sik-actor, Mike Wong Lung-actor, Natassia Jin Nu-Ri-actor, Bi Wun-actor, Kim Ha-Rim-actor, Choe Myeong-hui-actor, Kook Jong-Hwan-actor, Jang Cheol-actor, Kim Wuk-actor, Tomas Tang Kaak-Yan-actor"
Special Delivery: The Package,2020-01-01,Drama,Prime Video ,,Movie,,,,
The Legend of Tomiris,2019-10-01,"Drama, Action & Adventure","Free Services, Prime Video",Kazakhstan,Movie,16+,6/10,,"Akan Satayev-director, Almira Tursyn-actor, Erkebulan Dairov-actor, Adil Akhmetov-actor, Aizhan Lighg-actor, Azamat Satybaldy-actor, Ghassan Massoud-actor, Ilez Badurgov-actor, Sain Ferhad-actor, Berik Aytzhanov-actor, Yerden Telemisov-actor, Zarina Yeva-actor, Aliya Nazarbayeva-actor, Aliya Nazarbayeva-author, Timur Zhaksylykov-author, Alim Zairov-actor, Renat Gaisin-actor"
Sons of Perdition,2010-04-24,"Thriller, Documentary","Free Services, Prime Video",America,Movie,18+ (R),7/10,,"Jennilyn Merten-director, Tyler Measom-director, Jennilyn Merten-actor, Julie Goldman-actor, Tyler Measom-actor, Abigail Disney-actor, Caroline Stevens-actor, Diana Barrett-actor, Julie Parker Benello-actor, Krysanne Katsoolis-actor, Mark Geary-actor"
Straight: A Conversion Comedy,2002-10-01,Comedy,Prime Video ,,Movie,,,,
Awake,2007-11-28,"Drama, Thriller","Free Services, Prime Video",America,Movie,18+ (R),6.5/10,,"Joby Harold-director, Hayden Christensen-actor, Jessica Alba-actor, Terrence Howard-actor, Lena Olin-actor, Christopher McDonald-actor, Sam Robards-actor, Arliss Howard-actor, Fisher Stevens-actor, Georgina Chapman-actor, David Harbour-actor, Steven Hinkle-actor, Denis O'Hare-actor, Charlie Hewson-actor, Court Young-actor, Poorna Jagannathan-actor, Joshua Rollins-actor, Lee Wong-actor, Kae Shimizu-actor, Brenda Schad-actor, Ross Klavan-actor, Fisher Stevens-actor, Jason Kliot-actor, Joana Vicente-actor"
The Fourth World War,2003-04-27,Documentary,Fandor,America,Movie,,7.1/10,,"Rick Rowley-director, Jacqueline Soohen-actor, Rick Rowley-actor"
The Hunger Games,2012-03-12,"Science-Fiction, Thriller","Epix, Prime Video",America,Movie,13+ (PG-13),7.2/10,,"Gary Ross-director, Jennifer Lawrence-actor, Josh Hutcherson-actor, Liam Hemsworth-actor, Woody Harrelson-actor, Elizabeth Banks-actor, Lenny Kravitz-actor, Stanley Tucci-actor, Donald Sutherland-actor, Wes Bentley-actor, Toby Jones-actor, Alexander Ludwig-actor, Isabelle Fuhrman-actor, Amandla Stenberg-actor, Willow Shields-actor, Sandra Ellis Lafferty-actor, Paula Malcomson-actor, Rhoda Griffis-actor, Sandino Moya-Smith-actor, Raiko Bowman-actor, Dwayne Boyd-actor, Anthony Reynolds-actor, Jon Kilik-actor, Nina Jacobson-actor"
Hidden Poland,2020-09-27,Documentary,"Prime Video, Prime Video",,Movie,,,,
Promised,2019-10-24,"Drama, Romance","Free Services, Prime Video",,Movie,,5.7/10,,"Nick Conidi-director, Paul Mercurio-actor, Antoniette Iesue-actor, Daniel Berini-actor, Mirko Grillini-actor, Tina Arena-actor, Sunday Barca Irving-actor, Santo Tripodi-actor, Luke Christopoulos-actor, Nick Carrafa-actor, Claire Gazzo-actor, Nicole Coombs-actor"
Death of a Pop Star,2011-09-24,Drama,Prime Video ,,Movie,,8.6/10,,
Rapid Fire,1989-01-01,Action & Adventure,Prime Video ,America,Movie,18+ (R),4.1/10,,"David A. Prior-director, Joe Spinell-actor, Tim Abell-actor, Michael Wayne-actor, Dawn Tanner-actor, Del Zamora-actor, Douglas Harter-actor, Marie Sokol-actor, David A. Prior-actor, David Marriott-actor, David Winters-actor, David A. Prior-author, William Zipp-author"
Mad Dogs,2002-12-05,"Drama, Mystery",Free Services,United Kingdom,Movie,,5.2/10,,Ahmed Alauddin Jamal-director
Tharlo,2015-09-04,Drama,"Hoopla, Prime Video",China,Movie,,6.8/10,,"Pema Tseden-director, Shide Nyima-actor, Yangshik Tso-actor, Jinpa-actor, Tsemdo Thar-actor, Xuebo Wang-actor, Pema Tseden-author"
Reik Live on Max,2021-11-27,,HBO MAX,,Movie,,,,Jesús Navarro-actor
Craig Ferguson: Tickle Fight,2017-12-05,"Stand-up & Talk, Comedy",Netflix,America,Movie,,6.6/10,,"Jay Chapman-director, Craig Ferguson-actor, Craig Ferguson-author"
The Sea Inside,2005-03-04,"Romance, Drama","Hoopla, Prime Video",France,Movie,13+ (PG-13),8/10,,"Alejandro Amenábar-director, Javier Bardem-actor, Belén Rueda-actor, Lola Dueñas-actor, Joan Dalmau-actor, Josep Maria Pou-actor, Mabel Rivera-actor, Celso Bugallo-actor, Clara Segura-actor, Alberto Jiménez-actor, Tamar Novas-actor, Alberto Amarilla-actor, Francesc Garrido-actor, Andrea Occhipinti-actor, Federico Pérez Rey-actor, Nicolás Fernández Luna-actor, Xosé Manuel Olveira -actor, César Cambeiro-actor, Xosé Manuel Esperante-actor, Adolfo Obregón-actor, Julio Jordán-actor, Marta Larralde-actor, Alejandro Amenábar-actor, Fernando Bovaira-actor"
RobiHachi,2019-04-08,"Comedy, Animation","Funimation, Prime Video",,TV Show,,5.8/10,1,
Summer School,1978-05-01,"Comedy, Action & Adventure","Free Services, Prime Video",America,Movie,18+ (R),4.4/10,,"Bethel Buckalew-director, John Laughlin-actor, Shelly Horner-actor, Phoebe Schmidt-actor, Verkina Flower-actor, Steven Rose-actor, Nancy Herr-actor, Bethel Buckalew-author, John D. McNally-author"
Chathur Mukham,2021-04-08,"Horror, Thriller",Prime Video ,India,Movie,,5.9/10,,"Ranjeet Kamala Sankar-director, Salil V-director, Manju Warrier-actor, Sunny Wayne-actor, Srikant Murali-actor, Alencier Ley Lopez-actor, Niranjana Anoop-actor, Shyamaprasad-actor, Rony David Raj-actor, Babu Annur-actor, Shaju K.S.-actor, Balaji Sarma-actor, Navas Vallikkunnu-actor, Jiss Thomas-actor, Uma K.P-actor, Jay Vishnu-actor, Vinod Thiruvallam-actor, Jiss Toms-actor, Justin Thomas-actor, Bineesh Chandran-actor, Abhayakumar-author, Anil Kurian-author, Dawn Vincent-actor"
Until They Sail,1957-10-08,"Romance, Drama",Prime Video ,America,Movie,,6.5/10,,"Robert Wise-director, Jean Simmons-actor, Joan Fontaine-actor, Paul Newman-actor, Piper Laurie-actor, Sandra Dee-actor, Charles Drake-actor, Wally Cassell-actor, Alan Napier-actor, Ralph Votrian-actor, John Wilder-actor, Tige Andrews-actor, Adam Kennedy-actor, Mickey Shaughnessy-actor, Phyllis Douglas-actor, Patrick Macnee-actor, Nicky Blair-actor, William Boyett-actor, Don Eitner-actor, Franklyn Farnum-actor, Stuart Holmes-actor, Kendrick Huxham-actor, Charles Schnee-actor, Robert Anderson-author"
Daphne,2017-01-29,"Comedy, Drama","Free Services, Prime Video",United Kingdom,Movie,18+ (R),6.1/10,,"Peter Mackie Burns-director, Emily Beecham-actor, Tom Vaughan-Lawlor-actor, Nathaniel Martello-White-actor, Ritu Arya-actor, Karina Fernandez-actor, Sinéad Matthews-actor, Ragevan Vasan-actor, Osy Ikhile-actor, Amra Mallassi-actor, Stuart McQuarrie-actor, Geraldine James-actor, Ryan McParland-actor, Matthew Pidgeon-actor, Rania Kurdi-actor, Ruth Bradley-actor, Erica Guyatt-actor, Timothy Innes-actor, Victoria Willing-actor, Kareem Youseff-actor, Reem Youseff-actor, Esther Siyabola-actor, Tristan Goligher-actor, Valentina Brazzini-actor"
Encountering Burning Man,2010-11-01,Documentary,"Free Services, Prime Video",,Movie,16+,5.6/10,,
No One Lives,2013-03-09,"Horror, Thriller","Free Services, Prime Video",America,Movie,18+ (R),5.9/10,,"Ryûhei Kitamura-director, Luke Evans-actor, Adelaide Clemens-actor, Lee Tergesen-actor, Derek Magyar-actor, America Olivo-actor, Beau Knapp-actor, Lindsey Shaw-actor, Lenore Banks-actor, George Murdoch-actor, Laura Ramsey-actor, Gary Grubbs-actor, Andrea Frankle-actor, Rob Steinberg-actor, Michael Harrity-actor, Chris Carnel-actor, Harry Knapp-actor, Kami Naghdi-actor, Cameron McCracken-actor, David Cohen-actor, Elton Brand-actor, François Ivernel-actor, Michael J. Luisi-actor, David Cohen-author"
Almost Human,2020-06-24,"Romance, Crime",Prime Video ,China,Movie,,5.2/10,,"Nan Zhang-director, Bea Hayden Kuo-actor, Duan Bowen-actor, Liu Yiwei-actor, Mi Mi-actor, An Hu-actor, Ma Yujie-actor, Mei Nie-actor, Liu Yiwei-author, Nan Zhang-author"
Building 173,2009-04-25,"Animation, Documentary",Prime Video ,,Movie,,8.2/10,,
Narcissister Organ Player,2018-01-19,Documentary,"Free Services, Prime Video",America,Movie,,5.8/10,,"Narcissister-director, Narcissister-actor, Narcissister-actor, Taryn Gould-actor"
Voice of My Father,2012-11-01,"Drama, Family",Free Services,Turkey,Movie,,6.3/10,,"Orhan Eskikoy-director, Zeynel Dogan-director, Basê Doğan-actor, Gülizar Doğan-actor, Zeynel Dogan-actor, Orhan Eskikoy-author"
Captain Sabertooth and the Magic Diamond,2019-09-27,"Animation, Anime","Prime Video, Prime Video",Norway,Movie,,5.8/10,,"Marit Moum Aune-director, Rasmus A. Sivertsen-director, Kyrre Haugen Sydness-actor, Tobias Santelmann-actor, Trond Fausa Aurvåg-actor, Jon Øigarden-actor, Charlotte Frogner-actor, Leonard Valestrand Eike-actor, Siri Skjeggedal-actor, Bartek Kaminski-actor, Laila Goody-actor, Heidi Palm Sandberg-actor, Ove Heiborg-actor, Karsten Fullu-author"
The Long Song,2018-12-18,Drama,"Free Services, Prime Video",United Kingdom,TV Show,14+ (TV-14),7.2/10,2,"Tamara Lawrance-actor, Hayley Atwell-actor, Jack Lowden-actor, Leo Bill-actor, Doña Croll-actor, Lenny Henry-actor, Jo Martin-actor, Ethan Hazzard-actor, Gordon Brown-actor, Luis Bryan Mesa-actor, Marie Michelle Brazile-actor, Kara-Leah Fernandes-actor, Sharon Duncan-Brewster-actor, Richard Pepple-actor, Joy Richardson-actor, Jordan Bolger-actor, David Verrey-actor, Lizzie Hopley-actor, Harry Gostelow-actor, Madeleine Mantock-actor, Ayesha Antoine-actor, Andrea Levy-author, Andrea Levy-actor"
Mugshots: P. Diddy,,Crime,Prime Video ,,Movie,,,,
I Dream of Jeannie,1965-09-18,"Family, Comedy","Free Services, Prime Video",America,TV Show,All (TV-G),7.4/10,5,"Barbara Eden-actor, Larry Hagman-actor, Claudio Guzmán-actor, Herb Wallerstein-actor, Sheldon Schrager-actor, Sidney Sheldon-actor, Sidney Sheldon-actor"
Sabaya,2021-08-20,Documentary,Paramount+,Sweden,Movie,,7.2/10,,"Hogir Hirori-director, Antonio Russo Merenda-actor, Hogir Hirori-actor, Hogir Hirori-author, Mohammed Zaki-actor"
Given,2020-08-22,"LGBTQ, Anime",Crunchyroll Premium,Japan,Movie,,7.7/10,,"Hikaru Yamaguchi-director, Takuya Eguchi-actor, Masatomo Nakazawa-actor, Shougo Yano-actor, Yuuma Uchida-actor, Shintaro Asanuma-actor"
Dark Clouds Over Elberton: The True Story of the Georgia Guidestones,2015-06-13,Documentary,"Free Services, Prime Video",,Movie,,,,
Finding Jesus,2020-12-29,"Animation, Family","Free Services, Prime Video",,Movie,All (G),1/10,,"Jason Wright-director, Angie Gillespie-actor, Kj Schrock-actor, Victor Merchan-actor, Sarah Taylor-actor, Lizzy Carter-Burns-actor, Darren Richardson-actor, Lanny Norris-actor, Tina Shuster-actor, Jerry Davis-actor, Aidan McCreary-actor, Karl Ireland-actor, Tom Wilsom-actor, Jason Wright-author"
11S - 20 años: El Pentágono,2021-09-11,Documentary,Prime Video ,,Movie,,6.9/10,,
Connected by Coffee,2014-01-01,"Action & Adventure, Documentary","Free Services, Prime Video",,Movie,,7.1/10,,Aaron Dennis-director
Turn It Up,2000-09-06,"Crime, Drama",Prime Video ,America,Movie,18+ (R),4.1/10,,"Robert Adetuyi-director, Pras Michel-actor, Ja Rule-actor, Jason Statham-actor, Vondie Curtis-Hall-actor, Tamala Jones-actor, John Ralston-actor, Chris Messina-actor, Eugene A. Clark-actor, Derwin Jordan-actor, Patrice Goodman-actor, Chang Tseng-actor, Harry-O-actor, Elain R. Graham-actor, Faith Evans-actor, Melyssa Ford-actor, Jeff Jones-actor, LeRoy Allen-actor, Shinehead-actor, DJ Skribble-actor, Conrad Dunn-actor, Patricia Velásquez-actor, E. Bennett Walsh-actor, Guy Oseary-actor"
Hong Kong Confidential,1958-10-01,"Thriller, Action & Adventure",Prime Video ,America,Movie,,5.4/10,,"Edward L. Cahn-director, Gene Barry-actor, Beverly Tyler-actor, Noel Drayton-actor, Allison Hayes-actor, Philip Ahn-actor, King Calder-actor, Michael Pate-actor"
Jordan Rides the Bus,2010-08-29,"Biography, Documentary",Disney+,,Movie,,6.8/10,,"Ron Shelton-director, Michael Jordan-actor, Phil Jackson-actor, Steve Kerr-actor, Jerry Reinsdorf-actor"
Dance Freestyle,2018-01-01,,Free Services,,Movie,,,,
Natural Born Rebels,2018-04-25,Documentary,Prime Video ,,TV Show,,7.2/10,1,
Father Brown,1974-09-26,"Crime, Drama","BritBox, Prime Video",United Kingdom,TV Show,14+ (TV-14),7/10,1,"Kenneth More-actor, Dennis Burgess-actor"
Blondie in Society,1941-07-17,Comedy,Prime Video ,America,Movie,,6.7/10,,"Frank R. Strayer-director, Penny Singleton-actor, Arthur Lake-actor, Larry Simms-actor, Daisy-actor, Jonathan Hale-actor, Danny Mummert-actor, William Frawley-actor, Edgar Kennedy-actor, Chick Chandler-actor, Irving Bacon-actor, Bill Goodwin-actor, Bess Flowers-actor, Robert Sparks-actor, Karen DeWolf-author, Leigh Harline-actor, W. Franke Harling-actor"
Barbie in the Pink Shoes,2013-02-14,"Family, Animation","Free Services, Prime Video",America,Movie,All (G),5.4/10,,"Owen Hurley-director, Trevor Devall-actor, Brett Dier-actor, Katie Crown-actor, Ali Liebert-actor, Bill Mondy-actor, Kyle Rideout-actor, Teryl Rothery-actor, Tabitha St. Germain-actor, Kelly Sheridan-actor, Lori Triolo-actor, Owen Hurley-actor, Shelley Tabbut-actor, S.T. Sivaraman-actor, Alison Taylor-author"
Donkmaster,2019-10-01,"Reality, Documentary",Philo,,TV Show,,7.3/10,1,
The Overview Effect,2015-11-14,,Free Services,,Movie,,,,
Remembering a Cool September,2014-06-26,"Documentary, History",Prime Video ,,Movie,,,,"David Dietz-director, Lisa Tillmann-director"
The Cellar,1989-11-04,"Fantasy, Horror",Free Services,America,Movie,13+ (PG-13),4.6/10,,"Kevin Tenney-director, Patrick Kilpatrick-actor, Chris Miller-actor, Suzanne Savoy-actor, Ford Rainey-actor, Michael Wren-actor, Lou Perryman-actor, Danny Mora-actor, Alex Pederson-actor, David Henry-author"
What's For Dinner?,2014-06-01,"Drama, Documentary",Prime Video ,,Movie,,,,Yi Jian-director
Not Just Football,2018-10-10,"Biography, Documentary",Prime Video ,,Movie,,,,
The Imperial Coroner,2021-04-29,"Drama, Mystery",Prime Video ,,TV Show,,7.6/10,1,"Su Xiaotong-actor, Wang Ziqi-actor, Yang Tingdong-actor, Zhao Yaoke-actor, Guo Qiucheng-actor, 穆怀虎-actor, Lanya Shi-actor, Wang Yanxin-actor, Zong Fengyan-actor, Chai Hao Wei-actor, Guo Jun-actor, Li Shengrong-actor, Jian Lou-actor"
Adventures Chosen,,Sport,"Free Services, Prime Video",,Movie,,,,
Karen’s Grande Dame Reunion,2022-04-17,"Documentary, Family",Prime Video ,,TV Show,,4.3/10,1,Karen Huger-actor
Queen Elizabeth II: End of A Reign,2020-07-14,"Biography, Documentary",Free Services,,Movie,,,,
Morphle - Adventures of Mila and Morphle,2019-10-01,"Action & Adventure, Animation","Prime Video, Prime Video",,Movie,,,,
The Father of Hockey,2015-04-07,"Documentary, Sport","Free Services, Prime Video",,Movie,,7.2/10,,
Requiem,2018-02-02,"Thriller, Horror","Netflix, Prime Video",United Kingdom,TV Show,18+ (TV-MA),6.4/10,1,"Lydia Wilson-actor, Joel Fry-actor, Joanna Scanlan-actor, Brendan Coyle-actor, Claire Rushbrook-actor, Tara Fitzgerald-actor, Clare Calbraith-actor, Sian Reese-Williams-actor, Sam Hazeldine-actor, James Frecheville-actor, Richard Harrington-actor, Simon Kunz-actor, Susan Breen-actor, Charles Pattinson-actor, Christopher Aird-actor, Elaine Pyke-actor, Kris Mrksa-actor, Willow Grylls-actor, Dominik Scherrer-actor, Natasha Khan-actor, Kris Mrksa-actor"
The Oscar Nominated Short Films 2019: Live Action,2019-02-08,,Prime Video ,,Movie,,7/10,,
The Beniker Gang,1985-01-01,Drama,Prime Video ,America,Movie,All (G),6.4/10,,"Ken Kwapis-director, Andrew McCarthy-actor, Jennifer Dundas-actor, Charles Fields-actor, Jeff Alan-Lee-actor, Danny Pintauro-actor, George Martin-actor, Will Patton-actor, J.T. Walsh-actor, Mary Hamill-actor, William Duell-actor, Anthony Heald-actor, Richmond Hoxie-actor, Peter McRobbie-actor, Paddy Croft-actor, Joyce Reehling-actor, Martha Byrne-actor, Stacey Glick-actor, Bill Smitrovich-actor, Frederick Ainsworth-actor, Luca Venantini-actor, Anna Bond-actor, Doro Bachrach-actor, Jeffrey Kindley-author"
Clean,2004-09-01,"Musical, Drama",Fandor,Canada,Movie,18+ (R),6.8/10,,"Olivier Assayas-director, Maggie Cheung-actor, Nick Nolte-actor, Béatrice Dalle-actor, Jeanne Balibar-actor, Don McKellar-actor, Martha Henry-actor, James Johnston-actor, James Dennis-actor, Rémi Martin-actor, Laëtitia Spigarelli-actor, Édouard Weil-actor, Niv Fichman-actor, Xavier Giannoli-actor, Xavier Marchand-actor, Olivier Assayas-author"
Where in the World Is Osama Bin Laden?,2008-01-21,"Comedy, Documentary",Prime Video ,America,Movie,13+ (PG-13),6.5/10,,"Morgan Spurlock-director, Morgan Spurlock-actor"
The Police: Certifiable,2008-11-11,Documentary,Prime Video ,America,Movie,,8.7/10,,"Jim Gable-director, Jordan Copeland-director, Sting-actor, Andy Summers-actor, Stewart Copeland-actor"
Prem Mhanje Prem Mhanje Prem Asta,2013-12-21,Romance,Prime Video ,,Movie,,6.8/10,,"Sachin Khedekar-actor, Mrinal Kulkarni-actor, Pallavi Joshi-actor, Sunil Barve-actor, Suhas Joshi-actor, Mohan Agashe-actor, Smita Talvalkar-actor"
Sweet Girl,2021-08-18,"Thriller, Drama",Netflix,America,Movie,18+ (R),5.5/10,,"Brian Andrew Mendoza-director, Jason Momoa-actor, Isabela Merced-actor, Manuel Garcia-Rulfo-actor, Amy Brenneman-actor, Adria Arjona-actor, Milena Rivero-actor, Justin Bartha-actor, Raza Jaffrey-actor, Lex Scott Davis-actor, Michael Raymond-James-actor, Dominic Fumusa-actor, Nelson Franklin-actor, Reggie Lee-actor, Will Blagrove-actor, Helen E. McNutt-actor, Tom McNutt-actor, Brian Howe-actor, Kristy Nolen-actor, Marie Zoumanigui-actor, Erin Barnes-actor, Katy O'Brian-actor, Brad Peyton-actor, Brian Andrew Mendoza-actor"
Return to the Wild: The Chris McCandless Story,2014-11-25,"Documentary, Action & Adventure","Hoopla, Prime Video",America,Movie,7+ (PG),6.6/10,,"Ann Johnson Prum-director, Jeanmarie Condon-director, Carine McCandless-actor, Walt McCandless-actor, Billie McCandless-actor, Sean Penn-actor, Wayne Westerberg-actor, Jan Burres-actor, Shelly McCandless-actor, Shawna Downing-actor, Ann Johnson Prum-actor, Jeanmarie Condon-actor, Ann Johnson Prum-author, Jeanmarie Condon-author"
Hoop Soldiers,2001-07-24,"Action & Adventure, Sport","Free Services, Prime Video",,Movie,18+ (R),5.3/10,,"Chris Rogers-director, Mike Acquisto-Gotti-actor, Byron Browne-actor, Angelica Frost-actor, Chris Hopkins-actor, A.J. Jarrell-actor, Manny Llanez-actor, Derek IaKeith Martin-actor, Kajuan Mitchell-actor, Terrence J. Rogers-actor, Jose Rosete-actor, Chris Rogers-author"
I cormorani,2016-12-05,Action & Adventure,"Free Services, Prime Video",Italy,Movie,,5.7/10,,"Fabio Bobbio-director, Samuele Bogni-actor, Matteo Turri-actor, Valentina Padovan-actor, Lorenzo Bruno-actor, Samuele Ceresa-actor, Valter Giachetto Meno-actor, Giuseppe Menuni-actor, Andrea Sconfienza-actor, Fabio Cavenaghi-actor, Giuditta Tarantelli-actor, Mirko Locatelli-actor, Paolo Cavenaghi-actor, Mirko Locatelli-actor, Fabio Bobbio-author, Paolo Spaccamonti-actor, Ramon Moro-actor"
Some Kind of a Nut,1969-09-14,Comedy,"Prime Video, Prime Video",America,Movie,,4.3/10,,"Garson Kanin-director, Dick Van Dyke-actor, Angie Dickinson-actor, Rosemary Forsyth-actor, Zohra Lampert-actor, Elliott Reid-actor, Steve Roland-actor, Dennis King-actor, Peter Turgeon-actor, Pippa Scott-actor, Heywood Hale Broun-actor, Peter Brocco-actor, Benny Baker-actor, Robert Ito-actor, David Doyle-actor, Carole Shelley-actor, Howard Hesseman-actor, Jennifer O'Neill-actor, Desiree Paterson-actor, Melba Moore-actor, Nancy Wickwire-actor, Tanya Lemani George-actor, Walter Mirisch-actor, Garson Kanin-author"
"Murder, She Baked: A Peach Cobbler Mystery",2016-01-10,"Drama, Mystery",Prime Video ,,Movie,All (G),6.8/10,,"Kristoffer Tabori-director, Alison Sweeney-actor, Cameron Mathison-actor, Barbara Niven-actor, Gabriel Hogan-actor, Lisa Durupt-actor, Michelle Harrison-actor, Roark Critchlow-actor, Garry Chalk-actor, Toby Levins-actor, Juliana Wimbles-actor, Anne Marie DeLuise-actor, Marion Eisman-actor, Rebecca Toolan-actor, Ty Olsson-actor, Jillian Fargey-actor, Candice May Langlois-actor, Julie Lynn-Mortensen-actor, Clare Filipow-actor, Sian Sladen-actor, Michael Meneer-actor, Harvey Kahn-actor, Alison Sweeney-actor, Barbara Lieberman-actor"
Intense Battles Reloaded,2021-07-01,"Action & Adventure, Crime",Prime Video ,,Movie,,4.1/10,,
The Darkness Outside,2022-01-27,"Drama, Horror","Free Services, Prime Video",America,Movie,,4.8/10,,"Ryan Callaway-director, Briana Aceti-actor, Haley Walter-actor, Breanna Engle-actor, Jenna Elise-actor, Macy Rubin-actor, Genevieve Tarrant-actor, Rob Nicholson-actor"
Runner,2017-03-02,"Drama, Action & Adventure",Prime Video ,,Movie,,5.5/10,,
Ghost Bait,2019-04-04,Horror,"Discovery+, Prime Video",,TV Show,,,1,
Living Large Hollywood,2015-01-01,Reality,Free Services,,TV Show,,,1,
Hitler: A Journey Through His World,2016-01-01,,Free Services,,Movie,,,,
LEGO DC Comics Super Heroes: Justice League - Gotham City Breakout,2016-06-21,"Comedy, Animation","HBO MAX, Prime Video",America,Movie,,6/10,,"Matt Peters-director, Melchior Zwyer-director, Sarah Hyland-actor, Nolan North-actor, Troy Baker-actor, Tara Strong-actor, John DiMaggio-actor, Tom Kenny-actor, Will Friedle-actor, Grey DeLisle-actor, Greg Cipes-actor, Khary Payton-actor, Scott Menville-actor, Amy Hill-actor, Hynden Walch-actor, Vanessa Marshall-actor, Jason Spisak-actor, Eric Bauza-actor, James Krieg-author, Tim Kelly-actor"
Lez Bomb,2018-11-09,"Drama, LGBTQ","Free Services, Prime Video",America,Movie,18+ (R),5.1/10,,"Jenna Laurenzo-director, Jenna Laurenzo-actor, Caitlin Mehner-actor, Brandon Micheal Hall-actor, Steve Guttenberg-actor, Elaine Hendrix-actor, Deirdre O'Connell-actor, Rob Moran-actor, Davram Stiefler-actor, A.B. Cassidy-actor, Jordyn DiNatale-actor, Bruce Dern-actor, Kevin Pollak-actor, Cloris Leachman-actor, Dorothi Fox-actor, Sondra James-actor, Lana Yoo-actor, Joe Carpenter-actor, Martin Sprock-actor, Jennifer Ruffalo-actor, Kevin Kane-actor, Adeel Ahmed-actor, Jenna Laurenzo-actor, Martin Sprock-actor"
Rocío y Rafael tuvieron su primera gran crisis por culpa de Alonso,2019-03-18,Drama,Prime Video ,,Movie,,,,
Sade: Bring Me Home – Live 2011,2011-05-21,Musical,Prime Video ,America,Movie,,8.5/10,,"Sophie Muller-director, Sade-actor, Andrew Hale-actor, Stuart Matthewman-actor, Paul S. Denman-actor, Leroy Osbourne-actor, Ryan Waters-actor, Tony Momrelle-actor, Pete Lewinson-actor, Karl Vanden Bossche-actor, Grant Jue-actor, Roger Davies-actor"
Behind the Power,2013-10-04,"Drama, Mystery",Prime Video ,Mexico,Movie,18+ (R),6/10,,"Javier Colinas-director, Luis Arrieta-actor, Paola Nuñez-actor, Hector Kotsifakis-actor, Lucero Lander-actor, Rubén Pablos-actor, Jorge de Marín-actor, Luis Arrieta-author"
Shopgirl,2005-10-21,"Drama, Romance","Hoopla, Prime Video",America,Movie,18+ (R),6.3/10,,"Anand Tucker-director, Steve Martin-actor, Claire Danes-actor, Jason Schwartzman-actor, Bridgette Wilson-actor, Sam Bottoms-actor, Frances Conroy-actor, Rebecca Pidgeon-actor, Gina Doctor-actor, Samantha Shelton-actor, Clyde Kusatsu-actor, Romy Rosemont-actor, Joshua Snyder-actor, Rachel Nichols-actor, Shane Edelman-actor, Emily Kuroda-actor, Jayzel Samonte-actor, Mark Kozelek-actor, Dana Schick-actor, John Fedevich-actor, Zak Sally-actor, Ray Buktenica-actor, Ashok Amritraj-actor, Jon Jashni-actor"
Incarnate,2016-12-01,"Horror, Thriller","Netflix, Prime Video",America,Movie,13+ (PG-13),5.2/10,,"Brad Peyton-director, Aaron Eckhart-actor, Natalija Nogulich-actor, Keir O'Donnell-actor, Catalina Sandino Moreno-actor, Carice van Houten-actor, Matt Nable-actor, Mark Henry-actor, Breanne Hill-actor, Karolina Wydra-actor, Vera Miao-actor, Emily Jackson-actor, Paul Vincent O'Connor-actor, Vanya Asher-actor, M.D. Walton-actor, Tomas Arana-actor, Emjay Anthony-actor, David Mazouz-actor, John Pirruccello-actor, Petra Sprecher-actor, Carlease Burke-actor, Mark Steger-actor, Jason Blum-actor, Michael Seitzman-actor"
Frank Sinatra: They Were Very Good Years,1997-01-01,Documentary,"Free Services, Prime Video",,TV Show,,,1,
Nobody Knows Anything!,2004-08-24,"Drama, Comedy","Free Services, Prime Video",America,Movie,18+ (R),3.1/10,,"William Tannen-director, Alanna Ubach-actor, Michael Lerner-actor, Mike Myers-actor, Janeane Garofalo-actor, Kristen Johnston-actor, Margaret Cho-actor, Robert Englund-actor, Ed Lauter-actor, Ryan Stiles-actor, Wayne Rogers-actor, Richard Kind-actor, Fred Willard-actor, Mary Kay Place-actor, Tim Meadows-actor, Virginia Madsen-actor, David Pasquesi-actor, Mitch Rouse-actor, Ben Stiller-actor, Stephen Colbert-actor, Charles Esten-actor, Alan Blumenfeld-actor, Brad Korzen-actor, Wayne Rogers-actor"
Cop Hunt,2016-11-24,"Action & Adventure, Crime","Free Services, Prime Video",Hungary,Movie,,3.7/10,,"Jozsef Kovalik-director, Zsolt Anger-actor, Kamarás Iván-actor, Oszkár Gáti-actor, Ganxsta Zolee-actor, Győző Szabó-actor, Károly Gesztesi-actor, Anna Götz-actor, Norbert Kovalik-actor, Veronika Madár-actor, Zsolt Nagy-actor, Dalma Nyitrai-actor, Zsolt Páll-actor, Gábor Salinger-actor, László Seprenyi-actor, Máté Gesztesi-actor, Ralph Berkin-actor, Zsolt Somogyi-actor, Jozsef Kovalik-author"
This Ain't No Mouse Music!,2014-09-26,Documentary,Prime Video ,America,Movie,,7.3/10,,"Chris Simon-director, Maureen Gosling-director, Ry Cooder-actor, Lightnin' Hopkins-actor, Michael Doucet-actor, Flaco Jiménez-actor, Taj Mahal-actor, Country Joe McDonald-actor, Bonnie Raitt-actor, Wilson Savoy-actor, Chris Strachwitz-actor"
Manhattan Night of Murder,1965-11-24,"Crime, Thriller",Prime Video ,Germany,Movie,,5.5/10,,"Harald Philipp-director, George Nader-actor, Heinz Weiss-actor, Monika Grimm-actor, Slobodan Dimitrijević-actor, Peter Kuiper-actor, Sigurd Fitzek-actor, Allen Pinson-actor, Elke Neidhart-actor, Richard Münch-actor, Henri Cogan-actor, Paul Müller-actor, Willy Semmelrogge-actor, Walter Bluhm-actor, Dirk Dautzenberg-actor, Uwe Reichmeister-actor, Silvia Solar-actor, Heinz Willeg-actor, Herbert Reinecker-author, K.B. Leder-author, Peter Thomas-actor"
Gold Rush,2010-12-03,Reality,"Free Services, Prime Video",,TV Show,7+ (TV-PG),7.2/10,12,"Parker Schnabel-actor, Chris Doumitt-actor, Paul Christie-actor, Monica Beets-actor, Kevin Beets-actor, Minnie Beets-actor, Mike Beets-actor, Len Hoekstra-actor, Rick Ness-actor, Mitch Blaschke-actor, Andy Spinks-actor, Dave Turin-actor, Dustin Hurt-actor, Fred Dodge-actor, Fred Hurt-actor, Gene Cheeseman-actor, Greg Remsburg-actor, Jack Hoffman-actor, James Harness-actor, Jimmy Dorsey-actor, Jim Thurber-actor, John Schnabel-actor, Todd Hoffman-actor, Tony Beets-actor"
The Truth About Charlie,2002-10-25,"Mystery, Thriller","Starz, Prime Video",Germany,Movie,13+ (PG-13),4.7/10,,"Jonathan Demme-director, Mark Wahlberg-actor, Thandiwe Newton-actor, Tim Robbins-actor, Christine Boisson-actor, LisaGay Hamilton-actor, Park Joong-hoon-actor, Ted Levine-actor, Stephen Dillane-actor, Sakina Jaffrey-actor, Simon Abkarian-actor, Magali Noël-actor, Agnès Varda-actor, Charles Aznavour-actor, Olivier Broche-actor, Anna Karina-actor, Philippe Katerine-actor, Philippe Duquesne-actor, Kenneth Utt-actor, Sotigui Kouyaté-actor, Paula Moore-actor, Françoise Bertin-actor, Edward Saxon-actor, Ilona Herzberg-actor"
Mischievous Kiss: Love in Tokyo,2013-03-29,"Comedy, Drama","Free Services, Prime Video",Japan,TV Show,,7.6/10,2,"Honoka Yahagi-actor, Yuuki Furukawa-actor, Yuki Yamada-actor, Nanami Fujimoto-actor, Sogen Tanaka-actor, Yuga Aizawa-actor, Yoji Tanaka-actor, Imoaraizaka Kakaricho-actor, Tomomi Nishimura-actor, Kasumi Yamaya-actor, Kanna Moriya-actor, Masaki Kaji-actor, Yoshiaki Miyagi-actor, Noémie Nakai-actor, Toshi Takeuchi-actor, 堀井新太-actor, Mirai Suzuki-actor, Risako Ito-actor, Julia Kawakami-actor, Ayu Matsuura-actor, Karin Ono-actor, Mayuko Okamoto-actor, Satoshi Kusaka-actor, Seiichi Ono-actor"
Sulthan,2021-04-02,"Romance, Action & Adventure",Prime Video ,India,Movie,18+ (R),6.2/10,,"Bhagyaraj Kannan-director, Karthi-actor, Rashmika Mandanna-actor, Ramachandra Raju-actor, Nawab Shah-actor, Lal-actor, Napoleon-actor, Abhirami Gopikumar-actor, Yogi Babu-actor, Hareesh Peradi-actor, Singampuli-actor, Ponvannan-actor, G. Marimuthu-actor, Giant Zanjeer-actor, Sathish-actor, Arjai-actor, Sentrayan-actor, M. S. Bhaskar-actor, Senthikumari-actor, Rama-actor, Mayilsamy-actor, Pandian-actor, S. R. Prabhu-actor, S. R. Prakashbabu-actor"
The Engineering That Built the World,2021-10-10,"History, Documentary","Philo, Prime Video",,TV Show,,7.6/10,1,
Listopad: A Memory of the Velvet Revolution,2014-10-24,"Action & Adventure, Comedy",Prime Video ,Czechia,Movie,13+ (PG-13),6.5/10,,"Gary Griffin-director, Igor Bareš-actor, Filip Cíl-actor, Petr Kantor-actor, Anita Krausová-actor, David Novotný-actor, Pavel Richta-actor, Filip Tomsa-actor, Klára Jandová-actor, David Rauch-actor, Arnošt Lustig-author"
Dragons: Race to the Edge,2015-06-26,"Comedy, Family","Netflix, Prime Video",America,TV Show,7+ (TV-PG),8.2/10,6,"Jay Baruchel-actor, America Ferrera-actor, Zack Pearlman-actor, Christopher Mintz-Plasse-actor, Andree Vermeulen-actor, T. J. Miller-actor, Chad Hammes-actor, Art Brown-actor, Douglas Sloan-actor"
AK47 vs M16: A Deadly Military Weapons Duel,,,"Free Services, Prime Video",,Movie,,,,
Two Weddings and a Funeral,2012-06-21,"Comedy, LGBTQ",Philo,South Korea,Movie,,6.2/10,,"Kim Jho Gwang-soo-director, Kim Dong-yoon-actor, Song Yong-Jin-actor, Ryu Hyun-kyung-actor, Jung Ae-yeun-actor, Park Jung-pyo-actor, Park Su-young-actor, Kim Joon-bum-actor, Lee Seung-joon-actor, Choi Il-hwa-actor, Yoo Yeon-seok-actor, Jeong In-gi-actor, Lee Mun-sik-actor, Kim Jung-young-actor, Lee Ji-youn-actor, Kim Yeong-don-actor, Kim Yoon-sin-author, Park Hae-young-author, Kim Dong-wook-actor"
The Caine Mutiny,1954-06-23,Drama,Prime Video ,America,Movie,,7.7/10,,"Edward Dmytryk-director, Humphrey Bogart-actor, José Ferrer-actor, Van Johnson-actor, Fred MacMurray-actor, Robert Francis-actor, May Wynn-actor, Tom Tully-actor, E.G. Marshall-actor, Arthur Franz-actor, Lee Marvin-actor, Warner Anderson-actor, Claude Akins-actor, Katherine Warren-actor, Jerry Paris-actor, Steve Brodie-actor, Sam Harris-actor, Bert Stevens-actor, Don Anderson-actor, Herbert Anderson-actor, Joe Haworth-actor, James Best-actor, Stanley Kramer-actor, Herman Wouk-author"
The Red Tent,1969-12-23,"Fantasy, Action & Adventure",Prime Video ,Italy,Movie,All (G),6.9/10,,"Mikhail Kalatozov-director, Peter Finch-actor, Sean Connery-actor, Claudia Cardinale-actor, Hardy Krüger-actor, Eduard Martsevich-actor, Grigori Gaj-actor, Nikita Mikhalkov-actor, Luigi Vannucchi-actor, Mario Adorf-actor, Donatas Banionis-actor, Massimo Girotti-actor, Yuriy Solomin-actor, Otar Koberidze-actor, Boris Khmelnitsky-actor, Yuri Vizbor-actor, Vladimir Smirnov-actor, Alberto Cavallone-author, Ennio De Concini-author, Richard DeLong Adams-author, Robert Bolt-author"
La Cucaracha,1998-05-14,"Crime, Thriller","Free Services, Prime Video",,Movie,18+ (R),5.9/10,,"Jack Perez-director, Eric Roberts-actor, Joaquim de Almeida-actor, Victor Rivers-actor, James McManus-actor, Tara Crespo-actor, Michael Peña-actor, James McManus-author"
Crime Shock: Asia Exposed,2013-01-01,,Hulu,,TV Show,,,1,
Anne-Marie,1936-03-06,Drama,The Criterion Channel,France,Movie,,6/10,,"Raymond Bernard-director, Annabella-actor, Pierre Richard-Willm-actor, Paul Azaïs-actor, Pierre Labry-actor, Abel Jacquin-actor, Christian Gérard-actor, Jean Murat-actor, Valentine Camax-actor, André Carnège-actor, Enrico Glori-actor, Jean Marconi-actor, Odette Talazac-actor, Antoine de Saint-Exupéry-author"
Behave Yourself!,1951-09-22,"Crime, Comedy","Free Services, Prime Video",America,Movie,,5.5/10,,"George Beck-director, Farley Granger-actor, Shelley Winters-actor, William Demarest-actor, Francis L. Sullivan-actor, Margalo Gillmore-actor, Lon Chaney Jr.-actor, Hans Conried-actor, Elisha Cook Jr.-actor, Glenn Anders-actor, Allen Jenkins-actor, Sheldon Leonard-actor, Marvin Kaplan-actor, Henry Corden-actor, Don Beddoe-actor, Kathleen Freeman-actor, Herb Vigran-actor, King Donovan-actor, George Beck-author"
Bully,2011-04-23,"Drama, Documentary","Netflix, Prime Video",America,Movie,13+ (PG-13),7.3/10,,"Lee Hirsch-director, Cynthia Lowen-actor, Lee Hirsch-actor, Cindy Waitt-actor, Cynthia Lowen-author, Lee Hirsch-author"
A Turtle's Tale: Sammy's Adventures,2010-08-03,"Animation, Action & Adventure","Free Services, Prime Video",Belgium,Movie,All (G),6/10,,"Ben Stassen-director, Yuri Lowenthal-actor, Gemma Arterton-actor, Isabelle Fuhrman-actor, Melanie Griffith-actor, Tim Curry-actor, John Hurt-actor, Robert Sheehan-actor, Kathy Griffin-actor, Jenny McCarthy-Wahlberg-actor, Gigi Perreau-actor, Eric Unger-actor, Kierstin Koppel-actor, Pat Carroll-actor, Charlie Adler-actor, Cam Clarke-actor, Alan Shearman-actor, Scott Menville-actor, W.K. Stratton-actor, Pamela Adlon-actor, Tim Dadabo-actor, Al Rodrigo-actor, Ben Stassen-actor, Caroline Van Iseghem-actor"
Fall In Love,2021-11-09,"History, Drama",Prime Video ,,TV Show,,8.9/10,1,"Chen Xingxu-actor, Zhang Jingyi-actor, Lin Yanjun-actor, Maggie Chen-actor, Ma Yue-actor, Dai Yaqi-actor, Shao Weitong-actor, Huo Zhengyan-actor, Xiu Qing-actor, Zheng Xiaoning-actor"
Bride and Prejudice: Forbidden Love,2020-02-24,,Free Services,,TV Show,,,1,
Fivestar Training with Wayne Rooney: Finishing,2014-05-27,,"Free Services, Prime Video",,Movie,,,,
Westbound,1959-04-25,,Prime Video ,America,Movie,,6.5/10,,"Budd Boetticher-director, Randolph Scott-actor, Virginia Mayo-actor, Karen Steele-actor, Michael Dante-actor, Andrew Duggan-actor, Michael Pate-actor, Wally Brown-actor, John Daheim-actor, Walter Barnes-actor, Henry Blanke-actor, Berne Giler-author"
Nosferatu.com,2016-11-20,"Crime, Horror",Prime Video ,France,Movie,,4/10,,"Julien Dève-director, Anthony Lefebvre-actor, Loïc Menage-actor, Adrien Leboulanger-actor, Leslie Fleutry-actor, Emmanuel Gost-actor, Michel Anthunes-actor, Mathieu Farcy-actor, Claire Lemetter-actor, Romain Berhault-actor, Alexis Iegay-actor, Amélie Douay-actor, Marc Prieur-actor, Julien fremont-actor, Lucille Gimonet-actor, Benjamin Chapelet-actor, Anne-Sophie Galletout-actor, Charles Sader-actor, Magdalena Carpentier-actor, Matthieu Samelor-actor, Jimmy Von Dräsilheim-actor, Rémi Gérard-actor, Gautier Cazenave-actor, Mickael Penisson-actor"
Candy Stripe Nurses,1974-05-01,"Mystery, Thriller","Free Services, Prime Video",America,Movie,18+ (R),4.6/10,,"Alan Holleb-director, Candice Rialson-actor, Robin Mattson-actor, María Rojo-actor, Roger Cruz-actor, Rod Haase-actor, Richard Gates-actor, Don Keefer-actor, Kendrew Lascelles-actor, Michael Ross Verona-actor, Kimberly Hyde-actor, Elana Casey-actor, john hudson-actor, Ruth Warshawsky-actor, June Christopher-actor, James Espinoza-actor, Al Alu-actor, Frank Lugo-actor, Ray Galvin-actor, Tom Baker-actor, Alma Beltran-actor, Bill Erwin-actor, Julie Corman-actor, Roger Corman-actor"
How to Train Your Dragon,2010-03-18,"Animation, Fantasy","Free Services, Prime Video",America,Movie,7+ (PG),8.1/10,,"Chris Sanders-director, Dean DeBlois-director, Jay Baruchel-actor, Gerard Butler-actor, Craig Ferguson-actor, America Ferrera-actor, Jonah Hill-actor, Christopher Mintz-Plasse-actor, T. J. Miller-actor, Kristen Wiig-actor, David Tennant-actor, Ashley Jensen-actor, Robin Atkin Downes-actor, Philip McGrade-actor, Kieron Elliott-actor, Bonnie Arnold-actor, Kristine Belson-actor, Tim Johnson-actor, Chris Sanders-author, Cressida Cowell-author, Dean DeBlois-author, Will Davies-author, John Powell-actor"
My Friend The Devil,1922-11-19,"Romance, Drama",Prime Video ,America,Movie,,,,"Harry F. Millarde-director, Charles Richman-actor, Peggy Shaw-actor, William H. Tooker-actor, Myrtle Stewart-actor, Adolph Milar-actor, Barbara Castleton-actor, Harry F. Millarde-actor, Georges Ohnet-author"
Unlocking the Cage,2016-01-25,"Documentary, Drama",HBO,America,Movie,16+,7/10,,"Chris Hegedus-director, D. A. Pennebaker-director, Chris Hegedus-actor, Rosadel Varela-actor, Frazer Pennebaker-actor, James Lavino-actor"
Target: Philadelphia,2019-02-02,Documentary,Free Services,,Movie,,,,Sean Slater-director
G3 Live in Concert,1997-08-08,Documentary,Prime Video ,,Movie,,8.6/10,,
Sinister 2,2015-08-19,"Horror, Mystery","Netflix, Prime Video",Canada,Movie,18+ (R),5.3/10,,"Ciarán Foy-director, James Ransone-actor, Shannyn Sossamon-actor, Robert Daniel Sloan-actor, Dartanian Sloan-actor, Lea Coco-actor, Tate Ellington-actor, John Beasley-actor, Lucas Jade Zumann-actor, Jaden Klein-actor, Laila Haley-actor, Caden M. Fritz-actor, Olivia Rainey-actor, Nicholas King-actor, Delphine Pontvieux-actor, Michael B. Woods-actor, Tory O. Davis-actor, Howie Johnson-actor, Grace Holuby-actor, John Francis Mountain-actor, Nicole Santini-actor, Stephen Varga-actor, Brian Kavanaugh-Jones-actor, Jason Blum-actor"
Sisterhood of the Red Garter,2015-09-01,"Drama, Comedy",Prime Video ,,Movie,,6.7/10,,
Mr. Drug Dealer,2008-11-01,"Action & Adventure, Mystery",Free Services,,Movie,,6.4/10,,"J. Xavier Velasco-director, Diana Golden-actor, Guillermo Navarrete-actor, Ignacio Armenta-actor, Luis Zepeda-actor, Fernando C. Finck-author"
Chip 'n' Dale: Park Life,2021-07-28,"Animation, Action & Adventure",Disney+,,TV Show,All (TV-G),5.7/10,1,"Matthew Géczy-actor, Kaycie Chase-actor, Bill Farmer-actor, Sylvain Caruso-actor, David Gasman-actor, Lee Delong-actor, Marc Du Pontavice-actor, Vincent Artaud-actor"
Mujer de cabaret,1991-04-11,"Action & Adventure, Drama",Free Services,Mexico,Movie,,5.7/10,,"Julián Pastor-director, Maribel Guardia-actor, Leonardo Daniel-actor, Isaura Espinoza-actor, Roberto Ballesteros-actor, Pedro Weber-actor, Hugo Stiglitz-actor, Diana Golden-actor, Diana Herrera-actor, Azela Robinson-actor, Myrrah Saavedra-actor, Malena Doria-actor, Lupita Adriana-actor, Abraham Cherem-actor, Carlos Vasallo-actor, Abraham Cherem-author, Alejandro Licona-author, Alejandro Giacomán-actor"
Little Nicky,2000-11-10,"Romance, Comedy","Free Services, Prime Video",America,Movie,13+ (PG-13),5.3/10,,"Steven Brill-director, Adam Sandler-actor, Patricia Arquette-actor, Harvey Keitel-actor, Rhys Ifans-actor, Tom 'Tiny' Lister Jr.-actor, Rodney Dangerfield-actor, Allen Covert-actor, Peter Dante-actor, Jonathan Loughran-actor, Robert Smigel-actor, Reese Witherspoon-actor, Dana Carvey-actor, Jon Lovitz-actor, Kevin Nealon-actor, Michael McKean-actor, Quentin Tarantino-actor, Blake Clark-actor, Rob Schneider-actor, John Witherspoon-actor, Clint Howard-actor, Leah Lail-actor, Jack Giarraputo-actor, Robert Simonds-actor"
Train,2008-10-16,"Horror, Thriller","Free Services, Prime Video",America,Movie,18+ (R),4.7/10,,"Gideon Raff-director, Thora Birch-actor, Gideon Emery-actor, Gloria Votsis-actor, Derek Magyar-actor, Todd Jensen-actor, Mike Straub-actor, Matthew Tibbs-actor, Boaz Davidson-actor, Danny Lerner-actor, Les Weldon-actor, Gideon Raff-author"
The Adventurers,1970-03-25,"Drama, Action & Adventure",Prime Video ,America,Movie,18+ (R),5.4/10,,"Lewis Gilbert-director, Charles Aznavour-actor, Alan Badel-actor, Candice Bergen-actor, Thommy Berggren-actor, Delia Boccardo-actor, Ernest Borgnine-actor, Rossano Brazzi-actor, Olivia de Havilland-actor, Bekim Fehmiu-actor, Anna Moffo-actor, Fernando Rey-actor, Leigh Taylor-Young-actor, Yolande Donlan-actor, John Ireland-actor, Jorge Martínez de Hoyos-actor, Christian Roberts-actor, Angela Scoular-actor, Sydney Tafler-actor, Yorgo Voyagis-actor, Milena Vukotić-actor, Loris Loddi-actor, Lewis Gilbert-actor, Harold Robbins-author"
The Sum of All Fears,2002-05-31,"Thriller, Drama","Paramount+, Prime Video",America,Movie,13+ (PG-13),6.4/10,,"Phil Alden Robinson-director, Ben Affleck-actor, Morgan Freeman-actor, James Cromwell-actor, Liev Schreiber-actor, Bridget Moynahan-actor, Alan Bates-actor, Ciarán Hinds-actor, Philip Baker Hall-actor, Ron Rifkin-actor, Bruce McGill-actor, Colm Feore-actor, Josef Sommer-actor, Ken Jenkins-actor, Michael Byrne-actor, John Beasley-actor, Jamie Harrold-actor, Ian Mongrain-actor, Russell Bobbitt-actor, Al Vandecruys-actor, Richard Cohee-actor, Philip Pretten-actor, Mace Neufeld-actor, Stratton Leopold-actor"
Hardcase,1972-02-01,Science-Fiction,Prime Video ,America,Movie,,6.5/10,,"John Llewellyn Moxey-director, Clint Walker-actor, Stefanie Powers-actor, Pedro Armendáriz Jr.-actor, Alex Karras-actor, E. Lopez Rojas-actor, Luis Mirando-actor, Martin LaSalle-actor, Matthew Rapf-actor, Joseph Barbera-actor, William Hanna-actor, Harold Jack Bloom-author, Sam Rolfe-author, Patrick Williams-actor"
4 Quarters of Silence,2017-04-29,"Drama, Documentary",Prime Video ,,Movie,,,,
Boy Soldiers of World War 2,,"Documentary, History",Free Services,,Movie,,,,
Breakin' All the Rules,2004-05-14,"Romance, Comedy","Peacock Premium, Prime Video",America,Movie,13+ (PG-13),5.6/10,,"Daniel Taplitz-director, Jamie Foxx-actor, Morris Chestnut-actor, Jennifer Esposito-actor, Gabrielle Union-actor, Peter MacNicol-actor, Heather Headley-actor, Octavia Spencer-actor, Bianca Lawson-actor, Jill Ritchie-actor, Danny Comden-actor, Patrick Cranshaw-actor, Tate Taylor-actor, Bob Stephenson-actor, Faune Chambers-actor, Trae Ireland-actor, Gerald Emerick-actor, Samantha Nagel-actor, Jessica Landon-actor, Lisa Tornell-actor, Paddy Cullen-actor, Daniel Taplitz-author"
Episode dated 1 January 2010,2010-01-01,Family,Kanopy,,Movie,,,,
Server Sundaram,1964-12-11,"Romance, Comedy","Prime Video, Prime Video",India,Movie,,7.8/10,,"R. Krishnan-director, S. Panju-director, Nagesh-actor, K R Vijaya-actor, R. Muthuraman-actor, S. N. Lakshmi-actor, Major Sundarrajan-actor, Manorama-actor, S. Rama Rao-actor, Rama Prabha-actor, S. V. Ranga Rao-actor, T. M. Soundararajan-actor, M. S. Viswanathan-actor, S. Maruti Rao-actor, Vaali-actor, A. V. Meiyappan-actor, K. Balachander-author, M. S. Viswanathan-actor, T. K. Ramamoorthy-actor"
Deadline,2009-01-01,"Horror, Drama",Prime Video ,America,Movie,18+ (R),4.5/10,,"Sean McConville-director, Brittany Murphy-actor, Thora Birch-actor, Tammy Blanchard-actor, Marc Blucas-actor, Claudia Troll-actor, Roger Betterton-actor, Sean McConville-actor, Shireen M. Hashim-actor, Norman Abdul Halim-actor, Sean McConville-author, Carlos José Alvarez-actor"
The Reality of Truth,2016-07-19,Documentary,Prime Video ,,Movie,7+ (PG),6.2/10,,"Laurent Lévy-director, Mike Zapolin-director, Tim Booth-actor, Deepak Chopra-actor, Peter Coyote-actor, Ram Dass-actor, Serena Dyer-actor, Amazon John Easterling-actor, Foster Gamble-actor, Charles Grob-actor, John Hagelin-actor, Mark Victor Hansen-actor, Thomas Jane-actor, Gurmukh Kaur Khalsa-actor, David Lynch-actor, Drew Pinsky-actor, Michelle Rodriguez-actor, Marianne Williamson-actor, Mike Zapolin-author"
Samurai Spy,1965-07-10,"Drama, Action & Adventure",The Criterion Channel,Japan,Movie,,7/10,,"Masahiro Shinoda-director, Kōji Takahashi-actor, Shintarō Ishihara-actor, Eitarō Ozawa-actor, Kei Satō-actor, Rokkō Toura-actor, Tetsurō Tamba-actor, Eiji Okada-actor, Seiji Miyaguchi-actor, Minoru Hodaka-actor, Misako Watanabe-actor, Yasunori Irikawa-actor, Jitsuko Yoshimura-actor, Jun Hamamura-actor, Takeshi Kusaka-actor, Hiroshi Aoyama-actor, Hisanobu Ichikawa-actor, Kentarô Imai-actor, Taku Kido-actor, Shin'ya Mizushima-actor, Hideto Nakagawa-actor, Shuichi Oki-actor, Shizuo Yamanouchi-actor, Koji Nakada-author"
Nothing Special,2010-01-01,"Comedy, Drama","Free Services, Prime Video",America,Movie,,4.2/10,,"Angela Garcia Combs-director, Julia Garcia Combs-actor, Karen Black-actor, Barbara Bain-actor, David Hardie-actor, Carlos De Antonis-actor, Marianne J. Murphy-actor, Mary Jo DuPrey-actor, John Kassir-actor, Eric Pierpoint-actor, Scott Ford-actor, Weston Blakesley-actor, Dougald Park-actor, Christine Breihan-actor, Christan Copeland-actor, Kerry Ann Reid-actor, Timothy Casto-actor, Josh Green-actor, Jessica Lauren Richmond-actor, Thom Cammer-actor, Janelle Blake-actor, Hedo Davis-actor, Angela Garcia Combs-actor, Richard Wilson-actor"
Ali & Ratu Ratu Queens,2021-06-17,"Drama, Comedy",Netflix,Indonesia,Movie,16+,7/10,,"Lucky Kuswandi-director, Iqbaal Dhiafakhri Ramadhan-actor, Nirina Zubir-actor, Asri Welas-actor, Tika Panggabean-actor, Happy Salma-actor, Aurora Ribero-actor, Marissa Anita-actor, Bayu Skak-actor, Cut Mini Theo-actor, Ibnu Jamil-actor, Gamaliel Eleazer-actor, Arief Didu-actor, Sita Nursanti-actor, Reza Chandika-actor, Rendha Rais-actor, Aline Jusria-actor, Malcolm Mikail-actor, Abbe Rachman-actor, Rofiq Sarfan-actor, Bitha Suryohadiprojo-actor, Umi Kalsum-actor, Meiske Taurisia-actor, Muhammad Zaidy-actor"
Ghoul,2015-02-26,"Horror, Thriller","Free Services, Prime Video",Czechia,Movie,,4.5/10,,"Petr Jákl-director, Jennifer Armour-actor, Jeremy Isabella-actor, Paul S. Tracey-actor, Alina Golovlyova-actor, Inna Belikova-actor, Petr Jákl-actor, Joe Lynch-actor, Rob Cohen-actor, Petr Bok-author, Petr Jákl-author"
The Young Montalbano,2012-02-23,"Drama, Crime",Prime Video ,,TV Show,,7.9/10,2,"Michele Riondino-actor, Andrea Tidona-actor, Alessio Vassallo-actor, Fabrizio Pizzuto-actor, Beniamino Marcone-actor, Sarah Felberbaum-actor, Adriano Chiaramida-actor, Alessio Piazza-actor, Maurilio Leto-actor, Giuseppe Santostefano-actor, Massimo De Rossi-actor, Massimiliano Davoli-actor, Gianluca Maria Tavarelli-actor"
River,2021-07-13,"Drama, Science-Fiction","Free Services, Prime Video",,Movie,,3.3/10,,
Highway to Havasu,2017-03-07,"Action & Adventure, Comedy","Free Services, Prime Video",America,Movie,18+ (R),3.7/10,,"Jeff Janke-director, Caleb Thomas-actor, Andrew Fromer-actor, Ben Edlin-actor, Kayla Compton-actor, Jesse Jane-actor, Kayden Kross-actor, Kaylani Lei-actor, Jeff Janke-author"
2 Premi Premache,2015-06-19,Romance,Prime Video ,,Movie,,5.2/10,,
Querelle,1982-08-05,Drama,HBO MAX,France,Movie,18+ (R),6.6/10,,"Rainer Werner Fassbinder-director, Brad Davis-actor, Franco Nero-actor, Jeanne Moreau-actor, Laurent Malet-actor, Hanno Pöschl-actor, Günther Kaufmann-actor, Burkhard Driest-actor, Roger Fritz-actor, Dieter Schidor-actor, Natja Brunckhorst-actor, Robert van Ackeren-actor, Werner Asam-actor, Isolde Barth-actor, Axel Bauer-actor, Neil Bell-actor, Gilles Gavois-actor, Wolf Gremm-actor, Karl-Heinz von Hassel-actor, Y Sa Lo-actor, Michael McLernon-actor, Frank Ripploh-actor, Dieter Schidor-actor, Sam Waynberg-actor"
The Garden Left Behind,2020-08-28,"Comedy, Drama","Free Services, Prime Video",Brazil,Movie,,5.9/10,,"Flavio Alves-director, Carlie Guevara-actor, Michael Madsen-actor, Edward Asner-actor, Danny Flaherty-actor, Anthony Abdo-actor, Alex Kruz-actor, Tamara M. Williams-actor, Dawn Young-actor, Bernadette Quigley-actor, Frances Lozada-actor, Ivana Black-actor, Brock Yurich-actor, Miriam Cruz-actor, Will Krisanda-actor, Kristen Parker Lovell-actor, Tym Moss-actor, Sarah Skeist-actor, Paul Castro Jr.-actor, Lawrence Samuels-actor, Amanda M. Rodriguez-actor, Geoff Lee-actor, Roy Wol-actor, Adam Beasley-actor"
Lumsden,1975-01-01,Documentary,"Fandor, Prime Video",Canada,Movie,,6.6/10,,"Peter Raymont-director, Peter Raymont-actor, Tom Daly-actor, Colin Low-actor, Peter Raymont-author"
Number 55,2014-11-20,Action & Adventure,"Free Services, Prime Video",,Movie,,6.9/10,,
Mountain Fever,2017-08-26,"Drama, Thriller",Free Services,France,Movie,,3.5/10,,"Hendrik Faller-director, Anya Korzun-actor, Julien Michel-actor, Julien Caplan-actor, Tom Miller-actor"
The X-Life,2011-01-10,"Sport, Reality","Free Services, Prime Video",,TV Show,,6.7/10,1,
After Yang,2022-03-04,"Science-Fiction, Drama","Showtime, Prime Video",America,Movie,7+ (PG),6.7/10,,"Kogonada-director, Colin Farrell-actor, Jodie Turner-Smith-actor, Malea Emma Tjandrawidjaja-actor, Justin H. Min-actor, Ritchie Coster-actor, Sarita Choudhury-actor, Clifton Collins Jr.-actor, Haley Lu Richardson-actor, Orlagh Cassidy-actor, Ava DeMary-actor, Lee Wong-actor, Brett Dier-actor, Eve Lindley-actor, Adeline Kerns-actor, Ansley Kerns-actor, Nana Mensah-actor, An Li Bogan-actor, Deborah Hedwall-actor, Katie Honaker-actor, Alberto Del Saz-actor, Jesse Kovarsky-actor, Andrew Goldman-actor, Caroline Kaplan-actor"
Baraka,1992-09-15,Documentary,"Free Services, Prime Video",America,Movie,All (G),8.5/10,,"Ron Fricke-director, Patrick Disanto-actor, Alton Walpole-actor, Mark Magidson-actor, Constantine Nicholas-author, Genevieve Nicholas-author, Mark Magidson-author, Ron Fricke-author, Michael Stearns-actor"
Axed To Pieces,2020-05-11,Horror,"Free Services, Prime Video",,Movie,,2.5/10,,"Dustin Ferguson-director, Shawn C. Phillips-actor, Julie Anne Prescott-actor, Dustin Ferguson-actor, Jennifer Nangle-actor, Joshua Moomey-actor, Jarad Allen-actor, Jerimiah Douglas-actor, Dustin Ferguson-actor, Jerimiah Douglas-actor, Dustin Ferguson-author, Jerimiah Douglas-author"
Prisoners of the Sun,2013-12-20,"Horror, Mystery","Free Services, Prime Video",Germany,Movie,16+,3.7/10,,"Roger Christian-director, David Charvet-actor, Carmen Chaplin-actor, John Rhys-Davies-actor, Emily Holmes-actor, Nick Moran-actor, Michael Higgs-actor, Gulshan Grover-actor, Mohamed Akhzam-actor, Joss Ackland-actor, Edy Arellano-actor, Ahmed Boulane-actor, Katherine Heath-actor, Isabella Orlowska-actor, Shane Richie-actor, Nourrdine Touami-actor, Joseph Beddelem-actor, Anthony Hickox-author, Peter Atkins-author"
Among the Great Apes with Michelle Yeoh,,Documentary,"Free Services, Prime Video",,Movie,,,,
The Bonesetter Returns,2005-06-23,"Drama, Horror","Free Services, Prime Video",Canada,Movie,,2.2/10,,"Brett Kelly-director, Jody Haucke-actor, Brett Kelly-actor, Mark Courneyea-actor, Anne-Marie Frigon-actor, Tara Rheaume-actor, Thea Nikolic-actor, Kyla Smith-actor, Derick Fage-actor, Debbie Rochon-actor, Brett Kelly-actor, Brett Kelly-author"
Tiger Zinda Hai,2017-12-18,"Action & Adventure, Thriller","Prime Video, Prime Video",India,Movie,7+ (PG),5.9/10,,"Ali Abbas Zafar-director, Salman Khan-actor, Katrina Kaif-actor, Girish Karnad-actor, Paresh Rawal-actor, Sudeep-actor, Angad Bedi-actor, Kumud Mishra-actor, Neha Hinge-actor, Ivan Rodrigues-actor, Nawab Shah-actor, Danish Bhatt-actor, Sajjad Delafrooz-actor, Anupriya Goenka-actor, Gavie Chahal-actor, Paresh Pahuja-actor, Sharma Vibhoutee-actor, Anant Vidhaat Sharma-actor, Zachary Coffin-actor, Kashmira Irani-actor, Najmeddin AlHadad-actor, Steve Lorrigan-actor, Aditya Chopra-actor, Ali Abbas Zafar-author"
Alonzo Bodden: Heavy Lightweight,2019-08-23,Comedy,"Prime Video, Prime Video",,TV Show,,6.4/10,1,
Duff Takes The Cake,2019-04-15,"Reality, Food","Philo, Prime Video",,TV Show,,6.8/10,2,
Tarzan and the Trappers,1958-01-01,Action & Adventure,"Free Services, Prime Video",America,Movie,All (G),4.9/10,,"Charles F. Haas-director, H. Bruce Humberstone-director, Sandy Howard-director, Gordon Scott-actor, Eve Brent-actor, Rickie Sorensen-actor, Leslie Bradley-actor, Maurice Marsac-actor, Bruce Lester-actor, Naaman Brown-actor, Scatman Crothers-actor, Sol Lesser-actor, Frederick Schlick-author, Robert Leach-author"
Beauty and the Beast: The Enchanted Christmas,1997-11-11,"Fantasy, Musical","Disney+, Prime Video",Canada,Movie,All (G),5.9/10,,"Andrew Knight-director, Paige O'Hara-actor, Robby Benson-actor, Jerry Orbach-actor, David Ogden Stiers-actor, Bernadette Peters-actor, Tim Curry-actor, Haley Joel Osment-actor, Paul Reubens-actor, Angela Lansbury-actor, Frank Welker-actor, Jeff Bennett-actor, Jim Cummings-actor, Kath Soucie-actor, Bill Motz-author, Bob Roth-author, Cindy Marcus-author, Flip Kobler-author, Rachel Portman-actor"
Ultimate Redemption,2016-12-08,Drama,"Free Services, Prime Video",,Movie,,6.1/10,,
Why She Smiles,2021-03-01,"Biography, Documentary","Free Services, Prime Video",,Movie,All (G),9.1/10,,
Punch-Drunk Love,2002-10-25,"Romance, Comedy","Free Services, Prime Video",America,Movie,18+ (R),7.3/10,,"Paul Thomas Anderson-director, Adam Sandler-actor, Emily Watson-actor, Philip Seymour Hoffman-actor, Luis Guzmán-actor, Mary Lynn Rajskub-actor, Robert Smigel-actor, Jason Andrews-actor, Don McManus-actor, David Schrempf-actor, Seann Conway-actor, Rico Bueno-actor, Hazel Mailloux-actor, Karen Kilgariff-actor, Julie Hermelin-actor, Salvador Curiel-actor, Jorge Barahona-actor, Ernesto Quintero-actor, Julius Steuer-actor, Lisa Spector-actor, Nicole Gelbard-actor, Mia Weinberg-actor, Daniel Lupi-actor, JoAnne Sellar-actor"
The Most Insane Motorcycle Ride,,,Prime Video ,,Movie,,,,
House of Frankenstein,1944-12-01,"Fantasy, Horror",Prime Video ,America,Movie,,6.2/10,,"Erle C. Kenton-director, Boris Karloff-actor, Lon Chaney Jr.-actor, J. Carrol Naish-actor, Elena Verdugo-actor, John Carradine-actor, Anne Gwynne-actor, Peter Coe-actor, Sig Ruman-actor, Lionel Atwill-actor, Glenn Strange-actor, George Zucco-actor, Charles Wagenheim-actor, Belle Mitchell-actor, William Edmunds-actor, Charles Miller-actor, Julius Tannen-actor, Hans Herbert-actor, Dick Dickinson-actor, George Lynn-actor, Olaf Hytten-actor, Frank Reicher-actor, Paul Malvern-actor, Edward T. Lowe Jr.-author"
The Outrage,1964-10-07,"Crime, Drama","Free Services, Prime Video",America,Movie,18+ (R),6.2/10,,"Martin Ritt-director, Paul Newman-actor, Laurence Harvey-actor, Claire Bloom-actor, Edward G. Robinson-actor, William Shatner-actor, Howard Da Silva-actor, Albert Salmi-actor, Thomas Chalmers-actor, Paul Fix-actor, Jeffrey Darwin Bowman-actor, A. Ronald Lubin-actor, Martin Ritt-actor, Michael Kanin-author, Alex North-actor"
Teacher's Pet,2004-01-16,"Family, Animation","Disney+, Prime Video",America,Movie,7+ (PG),5.7/10,,"Timothy Björklund-director, Nathan Lane-actor, Kelsey Grammer-actor, Shaun Fleming-actor, Debra Jo Rupp-actor, David Ogden Stiers-actor, Jerry Stiller-actor, Paul Reubens-actor, Megan Mullally-actor, Wallace Shawn-actor, Jay Thomas-actor, Estelle Harris-actor, Rosalyn Landor-actor, Rob Paulsen-actor, Genie Ann Francis-actor, Anthony Gearing-actor, Mae Whitman-actor, Lauren Tom-actor, Pamela Adlon-actor, Timothy Stack-actor, Emma Steinkellner-actor, Ken Swofford-actor, Stephen Swofford-actor, Bill Steinkellner-actor"
Dysfunctional Friends,2012-02-03,"Romance, Comedy","Free Services, Prime Video",America,Movie,,4.9/10,,"Corey Grant-director, Stacey Dash-actor, Reagan Gomez-Preston-actor, Wesley Jonathan-actor, Persia White-actor, Jason Weaver-actor, Stacy Keibler-actor, Terrell Owens-actor, Datari Turner-actor, Hosea Chanchez-actor, Christian Keyes-actor, Tatyana Ali-actor, Meagan Good-actor, Essence Atkins-actor, Keith Robinson-actor, Meghan Markle-actor, Stephen Chang-actor, Datari Turner-actor, Greg Carter-actor, Ira Antelis-actor, Corey Grant-author"
Daphne Dishes,,Food,"Discovery+, Prime Video",,TV Show,,,2,
The Adventurers,1995-08-02,"Drama, Action & Adventure","Free Services, Prime Video",Hong Kong,Movie,,6/10,,"Ringo Lam-director, Andy Lau-actor, Wu Chien-Lien-actor, Rosamund Kwan-actor, Paul Chun-actor, David Chiang Da-Wei-actor, Ben Ng-actor, 程东-actor, Parkman Wong-actor, Wong Kam-Kong-actor, William Ho Ka-Kui-actor, Phillip Ko-actor, Nam Yin-actor, Four Tse-actor, So Wai-Nam-actor, George Cheung-actor, Van Darkholme-actor, Victor Wong-actor, Ron Yuan-actor, Tiffany Chen Ming-Ying-actor, Ringo Lam-author, Sandy Shaw-author, Yip Gong-Yam-author"
The Childhood of a Leader,2016-07-22,"Horror, Mystery",Prime Video ,Belgium,Movie,,6.1/10,,"Brady Corbet-director, Bérénice Bejo-actor, Liam Cunningham-actor, Robert Pattinson-actor, Stacy Martin-actor, Yolande Moreau-actor, Sophie Curtis-actor, Rebecca Dayan-actor, Caroline Boulton-actor, Tom Sweet-actor, Roderick Hill-actor, Antoine de Clermont-Tonnerre-actor, Brady Corbet-actor, Chris Coen-actor, Helena Danielsson-actor, Brady Corbet-author, Mona Fastvold-author, Scott Walker-actor"
The Instrumental Chemist,2018-03-15,"Biography, Documentary","Free Services, Prime Video",,Movie,,,,
Affliction,1998-02-12,"Thriller, Drama","Free Services, Prime Video",Canada,Movie,18+ (R),6.9/10,,"Paul Schrader-director, Nick Nolte-actor, James Coburn-actor, Sissy Spacek-actor, Willem Dafoe-actor, Brigid Tierney-actor, Holmes Osborne-actor, Jim True-Frost-actor, Tim Post-actor, Mary Beth Hurt-actor, Christopher Heyerdahl-actor, Marian Seldes-actor, Brawley Nolte-actor, Janine Theriault-actor, Wayne Robson-actor, Sean McCann-actor, Sheena Larkin-actor, Susan Almgren-actor, Mark Camacho-actor, Eugene Lipinski-actor, Éric Berger-actor, Frank K. Isaac-actor, Linda Reisman-actor, Barr B. Potter-actor"
Before the Ferry Arrives,2019-09-14,"Animation, Comedy",Prime Video ,,Movie,,,,
The Rusty Knife,1958-03-11,"Crime, Action & Adventure",The Criterion Channel,Japan,Movie,,6.7/10,,"Toshio Masuda-director, Yûjirô Ishihara-actor, Mie Kitahara-actor, Shôji Yasui-actor, Jō Shishido-actor, Akira Kobayashi-actor, Masao Shimizu-actor, Naoki Sugiura-actor, Toshio Takahara-actor, Shigeru Amachi-actor, Mari Shiraki-actor, Takiko Mizunoe-actor, Shintarō Ishihara-author, Toshio Masuda-author, Masaru Satō-actor"
Derrida,2002-03-12,"Drama, Documentary",Fandor,America,Movie,,6.5/10,,"Amy Ziering-director, Kirby Dick-director, Jacques Derrida-actor, Amy Ziering-actor, Ryuichi Sakamoto-actor"
Made in Japan,2015-03-17,Drama,"Free Services, Prime Video",,Movie,,6.7/10,,"Josh Bishop-director, Elijah Wood-actor, Tomi Fujiyama-actor"
Cabás,2012-11-15,"Drama, Science-Fiction",Prime Video ,Spain,Movie,,6.4/10,,"Pablo Hernando-director, Xabi Tolosa-actor, Lorena Iglesias-actor, Héctor Gómez-actor, Rosa Torres-actor, Julián Génisson-actor, Pedro Toro-actor, Vicenç Miralles-actor, Elena Serrano-actor, Francisco Serrano-actor, Nacho Vigalondo-actor, Pablo Hernando-author"
Cold Blood,2008-10-22,"Drama, Crime","fuboTV, Prime Video",,TV Show,14+ (TV-14),7.3/10,5,
A Life of Her Own,1950-09-01,"Romance, Drama",Prime Video ,America,Movie,,6.2/10,,"George Cukor-director, Lana Turner-actor, Ray Milland-actor, Tom Ewell-actor, Louis Calhern-actor, Ann Dvorak-actor, Barry Sullivan-actor, Margaret Phillips-actor, Jean Hagen-actor, Phyllis Kirk-actor, Sara Haden-actor, Hermes Pan-actor, Dorothy Abbott-actor, Tommy Bernard-actor, Whit Bissell-actor, Marlo Dwyer-actor, Bess Flowers-actor, Kathleen Freeman-actor, Beverly Garland-actor, Glen Gregory-actor, Percy Helton-actor, Queenie Leonard-actor, Voldemar Vetluguin-actor, Isobel Lennart-author"
Le Mans 24 Hours 2016,2016-06-18,Sport,"Free Services, Prime Video",,Movie,,,,
The Trotsky,2010-05-05,"Drama, Comedy","Free Services, Prime Video",Canada,Movie,,6.7/10,,"Jacob Tierney-director, Jay Baruchel-actor, Emily Hampshire-actor, Geneviève Bujold-actor, Colm Feore-actor, Jessica Paré-actor, Tommie-Amber Pirie-actor, Kaniehtiio Horn-actor, Erika Rosenbaum-actor, Saul Rubinek-actor, Michael Murphy-actor, David Julian Hirsh-actor, Jesse Rath-actor, Liane Balaban-actor, Taylor Baruchel-actor, Dan Beirne-actor, Domini Blythe-actor, Jonathan Bosco-actor, Hélène Bourgeois Leclerc-actor, Sarah-Jeanne Labrosse-actor, Justin Bradley-actor, Anne-Marie Cadieux-actor, Kevin Tierney-actor, Jacob Tierney-author"
Human Harvest,2015-04-07,"Crime, Documentary","Hoopla, Prime Video",,Movie,,8.1/10,,"Leon Lee-director, Ethan Gutmann-actor, Shi-Wei Huang-actor, Carlos Iglésias-actor, David Kilgour-actor, Yumei Liu-actor, David Matas-actor, Damon Noto-actor, Yubin Pang-actor, Enver Tohti-actor, Torsten Trey-actor, Xiusong Tu-actor, Xiuxing Zhang-actor, Wanqi Zhu-actor, Rourou Zhuang-actor, Leon Lee-actor, Jason Loftus-actor, Leon Lee-author"
Squadron of Doom,1949-12-15,"Action & Adventure, Science-Fiction","Prime Video, Prime Video",America,Movie,,5/10,,"Clifford Smith-director, Ford Beebe-director, John 'Dusty' King-actor, Jean Rogers-actor, Noah Beery Jr.-actor, Hooper Atchley-actor, Stanley Blystone-actor, Al Bridge-actor, Edmund Cobb-actor, James Eagles-actor, Chester Gan-actor, Selmer Jackson-actor, Barney A. Sarecky-actor, Ben Koenig-actor, Norman S. Hall-author, Ray Trampe-author, Wyndham Gittens-author, Clifford Vaughan-actor"
Christian Audigier the Vif,2018-06-22,Documentary,Free Services,,Movie,16+,7.5/10,,Didier Beringuer-director
In the Army Now,1994-08-12,Comedy,"Hoopla, Prime Video",America,Movie,7+ (PG),4.9/10,,"Daniel Petrie Jr.-director, Pauly Shore-actor, Andy Dick-actor, Lori Petty-actor, David Alan Grier-actor, Esai Morales-actor, Lynn Whitfield-actor, Art LaFleur-actor, Fabiana Udenio-actor, Glenn Morshower-actor, Beau Billingslea-actor, Peter Spellos-actor, Brendan Fraser-actor, Michael Rotenberg-actor, Cyrus Yavneh-actor, Nicholas Hassitt-actor, Adam Small-author, Daniel Petrie Jr.-author, Fax Bahr-author, Ken Kaufman-author, Stu Krieger-author, Robert Folk-actor"
Four Christmases and a Wedding,2017-12-02,"Comedy, Drama","Free Services, Prime Video",America,Movie,16+,5.9/10,,"Marita Grabiak-director, Arielle Kebbel-actor, Madison Smith-actor, Markie Post-actor, Donna Benedicto-actor, Cassidy Nugent-actor, Judge Reinhold-actor, Courtney Richter-actor, Corey Sevier-actor, Caitlin Stryker-actor, Jarrod Terrell-actor, Robyn Lawley-actor, Jannen Karr-actor, Ian Harrison-actor, Darren Staten-actor, Paralee Cook-actor, Tyler Gibson-actor, Andrew Beha-actor, Gidget-actor, Barbara Kymlicka-author"
Vertical Frontier,2002-11-01,"Documentary, History","Free Services, Prime Video",,Movie,,7.1/10,,"Kristi Denton Cohen-director, Tom Brokaw-actor, Alison Owings-author, Kristi Denton Cohen-author"
Beyond Erotica,1974-05-29,"Thriller, Drama",Prime Video ,Spain,Movie,18+ (R),4.9/10,,"José María Forqué-director, David Hemmings-actor, Alida Valli-actor, Andrea Rau-actor, Francisco Rabal-actor, Nuria Gimeno-actor, Galeazzo Benti-actor, Aquiles Guerrero-actor, Lucila Herrera-actor, Gonzalo Fernández de Córdoba hijo-actor, Rudy Hernández-actor, Enrique Soto-actor, Hermógenes Sáinz-author, José María Forqué-author"
Green Guild,2011-07-08,"Biography, Documentary","Free Services, Prime Video",,Movie,,8.6/10,,
Mudcats,2012-02-09,Reality,"Free Services, Prime Video",,TV Show,14+ (TV-14),7.3/10,2,
The Last Alarm,1940-06-25,"Drama, Crime","Prime Video, Prime Video",America,Movie,,5.7/10,,"William West-director, J. Farrell MacDonald-actor, Warren Hull-actor, Polly Ann Young-actor, Mary Gordon-actor, George Pembroke-actor, Joel Friedkin-actor, Bruce MacFarlane-actor, Eddie Hart-actor, Willard Hall-actor, Charles Anthony Hughes-actor, Charles R. Phipps-actor, Eddie Kane-actor, James Coughlin-actor, Al Bain-actor, T.R. Williams-actor, Al Martin-author"
Force Of Impact,2006-08-15,"Thriller, LGBTQ","Free Services, Prime Video",Canada,Movie,18+ (R),3.7/10,,"Sam Irvin-director, Antonio Sabàto, Jr.-actor, Rae Dawn Chong-actor, Michael Boisvert-actor, Dominic Zamprogna-actor, Michael Moriarty-actor, Rob LaBelle-actor, Keith Shaw-author"
The Kick,2011-11-03,"Comedy, Action & Adventure","Free Services, Prime Video",South Korea,Movie,13+ (PG-13),5.5/10,,"Prachya Pinkaew-director, Cho Jae-hyun-actor, Ye Ji-won-actor, Na Tae-joo-actor, Taemi-actor, Petchtai Wongkamlao-actor, JeeJa Yanin-actor, Do Shi-gang-actor, Lee Kwan-hun-actor, Kim Yiroo-actor, Brahim Achabbakhe-actor, Gang Seong-gyu-actor, Lee Jong-suk-author"
The Trial Begins,2007-09-07,Drama,Prime Video ,France,Movie,,5.5/10,,"Vincenzo Marra-director, Fanny Ardant-actor, Michele Lastella-actor, Giulia Bevilacqua-actor, Augusto Zucchi-actor, Antonio Gerardi-actor, Piero Albertelli-actor, Barbara Valmorin-actor"
Super Robot Monkey Team Hyperforce Go!,2004-09-18,"Comedy, Family",Disney+,America,TV Show,7+ (TV-PG),6.3/10,4,"Greg Cipes-actor, Kevin Michael Richardson-actor, Corey Feldman-actor, Mark Hamill-actor, Brandon Auman-author, Thomas Hart-author, Ciro Nieli-actor"
Black Files Declassified,2020-04-02,"Documentary, Reality","Philo, Prime Video",,TV Show,,6.7/10,2,
My Body is Political,2017-11-30,Documentary,"Free Services, Prime Video",Brazil,Movie,,5.9/10,,"Alice Riff-director, Linn da Quebrada-actor, Paula Beatriz-actor, Giu Nonato-actor, Fernando Ribeiro-actor, Heverton Lima-actor, Alice Riff-author"
Christmas with Cookie,2016-11-01,"Comedy, Horror","Free Services, Prime Video",,Movie,,4.5/10,,"Alan Maxson-director, Shawn Schminke-director, Alan Maxson-actor"
Unakkaga Ellam Unakkaga,1999-09-24,"Romance, Comedy",Prime Video ,India,Movie,,6.1/10,,"Sundar C-director, Karthik Muthuraman-actor, Rambha-actor, Goundamani-actor, Vinu Chakravarthy-actor, Vivek-actor, Anju Prabhakar-actor, Sachu-actor, Ashwini-actor, Balu Anand-actor, Vinodini-actor, Madhan Bob-actor, S. S. Chandran-actor, Vaiyapuri-actor, Jai Ganesh-actor, Kaaka Radhakrishnan-actor, Vichitra-actor, G. Venugopal-actor, K. Muralidharan-actor, V. Swaminathan-actor, Sundar C-author, Yuvan Shankar Raja-actor"
The Long Good Friday,1980-11-01,"Thriller, Drama",HBO MAX,United Kingdom,Movie,18+ (R),7.6/10,,"John Mackenzie-director, Bob Hoskins-actor, Helen Mirren-actor, Dave King-actor, Bryan Marshall-actor, Derek Thompson-actor, Eddie Constantine-actor, Paul Freeman-actor, P.H. Moriarty-actor, Alan Ford-actor, Stephen Davies-actor, Paul Barber-actor, Karl Howman-actor, Nick Stringer-actor, Brian Hall-actor, Paul Kember-actor, Patti Love-actor, Leo Dolan-actor, Pierce Brosnan-actor, Daragh O'Malley-actor, Kevin McNally-actor, Tony Rohr-actor, Barry Hanson-actor, Barrie Keeffe-author"
Agatha Christie - Unfinished Portrait,1990-09-20,"Biography, Documentary",BritBox,,Movie,7+ (PG),7.1/10,,
Tupamaro: Urban Guerrillas,2019-05-27,"Drama, Documentary","Free Services, Prime Video",Mexico,Movie,,6.8/10,,"Martin Andres Markovits-director, Martin Andres Markovits-author"
Star Trek: Prodigy,2021-10-28,"Drama, Family",Paramount+,,TV Show,7+ (TV-PG),6.8/10,1,"Brett Gray-actor, Ella Purnell-actor, Jason Mantzoukas-actor, Angus Imrie-actor, Rylee Alazraqui-actor, Dee Bradley Baker-actor, Jimmi Simpson-actor, John Noble-actor, Kate Mulgrew-actor, Alex Kurtzman-actor, Dan Hageman-actor, Heather Kadin-actor, Katie Krentz-actor, Kevin Hageman-actor, Rod Roddenberry-actor, Trevor Roth-actor, Nami Melumad-actor, Dan Hageman-actor, Kevin Hageman-actor"
Loafer,1973-03-12,"Romance, Thriller",Prime Video ,India,Movie,,6.5/10,,"A. Bhimsingh-director, Dharmendra-actor, Mumtaz-actor, Prem Nath-actor, Om Prakash-actor, Anil Dhawan-actor, Madan Puri-actor, Farida Jalal-actor, Roopesh Kumar-actor, Mukri-actor, K.N. Singh-actor, Padma Khanna-actor, Iftekhar-actor, Faryal-actor, V. Gopal-actor, Keshto Mukherjee-actor, Bhushan Tiwari-actor, Madhu-actor, Sherry-actor, Rani-actor, Raj Rani-actor, Kamaldeep-actor, R.C. Kumar-actor, Nabendu Ghosh-author"
Haunted Maze,2017-01-01,"Horror, Thriller","Free Services, Prime Video",America,Movie,,2.9/10,,"Susan Engel-director, David Mingrino-actor, John Beasley-actor"
Accel World,2012-04-07,"Animation, Anime","Free Services, Prime Video",,TV Show,14+ (TV-14),7.1/10,2,"Yuki Kaji-actor, Kenichi Suzumura-actor, Shintaro Asanuma-actor, Sanae Kobayashi-actor, Haruka Tomatsu-actor, Sachika Misawa-actor, Ayako Kawasumi-actor, Aki Toyosaki-actor, 日高里菜-actor"
Red Lights,2012-03-02,"Mystery, Thriller",Free Services,Spain,Movie,18+ (R),6.2/10,,"Rodrigo Cortés-director, Sigourney Weaver-actor, Robert De Niro-actor, Cillian Murphy-actor, Elizabeth Olsen-actor, Toby Jones-actor, Joely Richardson-actor, Karen David-actor, Craig Roberts-actor, Burn Gorman-actor, Gina Bramhill-actor, Jan Cornet-actor, Leonardo Sbaraglia-actor, Garrick Hagon-actor, Jeany Spark-actor, Eloise Webb-actor, Mitchell Mullen-actor, Josette Simon-actor, Jesse Bostick-actor, Adrián Guerra-actor, Rodrigo Cortés-actor, Lisa Wilson-actor, Rodrigo Cortés-author"
A Mother's Revenge,2016-05-08,"Drama, Mystery","Free Services, Prime Video",America,Movie,16+,4.6/10,,"Fred Olen Ray-director, Jamie Luner-actor, Steven Brand-actor, Audrey Whitby-actor, Gerald Webb-actor, Jason-Shane Scott-actor, Debbie Rochon-actor, Chelsea London Lloyd-actor, Paul Spitale-actor, Mary-Kate O'Connell-actor, Macro Malo-actor, Byron W. Brown-actor, Kaelin Lamberson-actor, Linda Mesi-actor, Yvette L. Leli-Aragon-actor, Joe Fishel-actor, Rich Lounello-actor, Fred Olen Ray-actor, Fred Olen Ray-author"
What Happens in Vegas,2008-05-07,"Romance, Comedy","HBO MAX, Prime Video",America,Movie,13+ (PG-13),6.1/10,,"Tom Vaughan-director, Cameron Diaz-actor, Ashton Kutcher-actor, Rob Corddry-actor, Lake Bell-actor, Jason Sudeikis-actor, Treat Williams-actor, Deirdre O'Connell-actor, Michelle Krusiec-actor, Dennis Farina-actor, Zach Galifianakis-actor, Queen Latifah-actor, Krysten Ritter-actor, Ricky Garcia-actor, Andrew Daly-actor, Benita Robledo-actor, Dennis Miller-actor, Amanda Setton-actor, Toni Busker-actor, Jessica McKee-actor, Ricardo Walker-actor, Valerie Orlik-actor, Dean Georgaris-actor, Jimmy Miller-actor"
The Adventures of Elmo in Grouchland,1999-10-01,"Family, Comedy","HBO MAX, Prime Video",Germany,Movie,All (G),5.7/10,,"Gary Halvorson-director, Kevin Clash-actor, Mandy Patinkin-actor, Vanessa Williams-actor, Sonia Manzano-actor, Roscoe Orman-actor, Stephanie D'Abruzzo-actor, Dave Goelz-actor, Carmen Osbahr-actor, Joey Mazzarino-actor, Jerry Nelson-actor, Martin P. Robinson-actor, David Rudman-actor, Caroll Spinney-actor, Steve Whitmire-actor, Alison Bartlett-actor, Frank Oz-actor, Ruth Buzzi-actor, Emilio Delgado-actor, Loretta Long-actor, Bob McGrath-actor, Drew Allison-actor, Alex Rockwell-actor, Marjorie Kalins-actor"
I Am a Dancer,2017-12-01,Documentary,Free Services,,Movie,,,,
The Greatest Journeys on Earth: California - Journeys of the Adventurers,2007-01-01,,Prime Video ,,Movie,,,,
Heart of the Rio Grande,1942-03-11,"Action & Adventure, Comedy","Free Services, Prime Video",America,Movie,,6.6/10,,"William Morgan-director, Gene Autry-actor, Smiley Burnette-actor, Fay McKenzie-actor, Edith Fellows-actor, Pierre Watkin-actor, Joe Strauch Jr.-actor, William Haade-actor, Sarah Padden-actor, Jean Porter-actor, Yakima Canutt-actor, Champion-actor, Edmund Cobb-actor, Milton Kibbee-actor, Nora Lane-actor, Mady Lawrence-actor, Frankie Marvin-actor, Howard Mitchell-actor, Jimmy Wakely-actor, Chuck Baldra-actor, Johnny Bond-actor, Budd Buster-actor, Lillie Hayward-author, Winston Miller-author"
"Canadian Wrestling's Elite: Featuring Jake ""The Snake"" Roberts",2018-08-25,"Animation, Documentary","Free Services, Prime Video",,Movie,,7.7/10,,"Scott Carnegie-director, Kevin Lee Davidson-actor, Tony Kozina-actor, A.J. Larocque-actor, Brian Logan-actor, Brian Logan-actor, Scott McDowell-actor, Aurelian Smith Jr.-actor, Danny Warren-actor, Scott Carnegie-actor, Kyle Bornais-actor, Scott Carnegie-author"
Animal Farm,1999-10-03,"Family, Drama","Free Services, Prime Video",United Kingdom,Movie,7+ (PG),6/10,,"John Stephenson-director, Kelsey Grammer-actor, Ian Holm-actor, Julia Louis-Dreyfus-actor, Julia Ormond-actor, Pete Postlethwaite-actor, Paul Scofield-actor, Patrick Stewart-actor, Peter Ustinov-actor, Alan Stanford-actor, Caroline Gray-actor, Gail Fitzpatrick-actor, Jimmy Keogh-actor, Greg Smith-actor, Alan Janes-author, Martyn Burke-author, Richard Harvey-actor"
Merry Switchmas,2021-12-09,Family,"BET+, Prime Video",,Movie,,7.5/10,,
The Mysterious Monroe House,2019-01-31,Documentary,"Free Services, Prime Video",,Movie,,4/10,,
Spree,2015-12-31,"Crime, Drama","Free Services, Prime Video",America,Movie,,5.6/10,,"Henry Chastain-director, Connor Maginnis-actor, Cyrus Westerlund-actor, Noah Dean Davenport-actor, Brett Fike-actor, Greg Rice-actor, John Esler Vansant-actor, Colette Zaborniak-actor, Justin Woods-actor, Silas Finley-actor, Henry Chastain-actor, Ryan Chastain-actor, Henry Chastain-author"
Transformers: Cyberverse,2018-09-01,"Action & Adventure, Animation","Free Services, Prime Video",America,TV Show,7+ (TV-PG),6.6/10,5,"Jeremy Levy-actor, Billy Bob Thompson-actor, Jake Tillman-actor, Ryan Andes-actor"
This Old House,1979-01-01,"Reality, Documentary","Free Services, Prime Video",,TV Show,All (TV-G),7.8/10,43,"Kevin O'Connor-actor, Tom Silva-actor, Richard Trethewey-actor, Jenn Nawada-actor, Mauro Henrique-actor, Mark McCullough-actor, Heath Eastman-actor, Charlie Silva-actor, Bob Vila-actor, Jeff Sweenor-actor, Norm Abram-actor, Roger Cook-actor, Steve Thomas Rooney-actor, Bruce Irving-actor, David Vos-actor, Deborah Hood-actor, Hilary Finkel Buxton-actor, Jennifer Wells-actor, Sarah Monzon-actor, Michael Burton-actor, Russell Morash-actor, Russell Morash-actor"
Aby Warburg: Metamorphosis and Memory,2016-03-01,"Biography, Documentary",Kanopy,,Movie,,,,
Phillip Kopczynski: Live at Spokane Comedy Club,2021-09-28,"Stand-up & Talk, Comedy","Free Services, Prime Video",America,Movie,18+ (R),,,"Jake Sanders-director, Phillip Kopczynski-actor, Phillip Kopczynski-author"
Incident,2012-01-01,"Drama, Comedy",Prime Video ,,Movie,18+ (R),7.5/10,,Daniel F. Cardone-director
Pumpkins,2018-01-21,Horror,"Free Services, Prime Video",United Kingdom,Movie,,2.6/10,,"Maria Lee Metheringham-director, Maria Lee Metheringham-actor, Terry Wood-actor, Dale Hooley-actor, Nathan Jordie Keers-actor, Will Metheringham-actor, James Bayes-actor, Debra Marie Mawdsley-actor, Sarah Jayne Curry-actor, Roland Martial-actor, Iona Mckeown-actor, Georgia Annable-actor, Craig Edwards-actor, George Walker-actor, Marcella Edgecombe-Craig-actor, Anthony Wakefield-actor, Stefan Michaels-actor, Mark Hindman Smith-actor, David Healy-actor, John Micheal Foulger-actor, Mark Blake Smith-actor, Samantha Hindman-actor, Maria Lee Metheringham-actor, Maria Lee Metheringham-author"
Aguruphobia,2015-09-01,Comedy,"Free Services, Prime Video",,Movie,,7.7/10,,
The Fire Within,2002-04-16,Documentary,"Free Services, Prime Video",,Movie,,7.5/10,,Leanne Whitney-director
The Indian Scarf,1963-09-13,"Drama, Crime",Prime Video ,Germany,Movie,,6.6/10,,"Alfred Vohrer-director, Heinz Drache-actor, Corny Collins-actor, Klaus Kinski-actor, Gisela Uhlen-actor, Hans Nielsen-actor, Siegfried Schürenberg-actor, Hans Clarin-actor, Eddi Arent-actor, Ady Berber-actor, Elisabeth Flickenschildt-actor, Richard Häussler-actor, Alexander Engel-actor, Alfred Vohrer-actor, Rainer Brandt-actor, Horst Wendlandt-actor, Edgar Wallace-author, George Hurdalek-author, Harald G. Petersson-author, Peter Thomas-actor"
Airspeed,2001-05-10,Documentary,Prime Video ,,Movie,,,,
Private Peaceful,2012-10-12,"Romance, Drama",Prime Video ,United Kingdom,Movie,13+ (PG-13),6.2/10,,"Pat O'Connor-director, Jack O'Connell-actor, George MacKay-actor, Richard Griffiths-actor, Frances de la Tour-actor, Maxine Peake-actor, Alexandra Roach-actor, John Lynch-actor, Anthony Flanagan-actor, Paul Ready-actor, Eline Powell-actor, James Laurenson-actor, Stephen Kennedy-actor, David Yelland-actor, Kyle Summercorn-actor, James McArdle-actor, Paul Bentall-actor, Anna Carteret-actor, Paul Chequer-actor, Hero Fiennes Tiffin-actor, Samuel Bottomley-actor, Guy de Beaujeu-actor, Simon Reade-actor, Austin Shaw-actor"
Sunrise,2014-10-03,"Mystery, Drama",Free Services,France,Movie,,6.3/10,,"Partho Sen-Gupta-director, Adil Hussain-actor, Tannishtha Chatterjee-actor, Gulnaaz Ansari-actor, Komal Gupta-actor, Esha Amlani-actor, Ashalata Wabgaonkar-actor, Marc Irmer-actor, Nina Lath Gupta-actor, Partho Sen-Gupta-actor, Rakesh Mehra-actor, Partho Sen-Gupta-author"
Murder in the Mirror,2000-01-19,"Drama, Mystery",Prime Video ,America,Movie,,4.7/10,,"James Keach-director, Jane Seymour-actor, James Farentino-actor, Robert Desiderio-actor, Zeus Mendoza-actor, Hayley DuMond-actor, Nan Martin-actor, Philip Rosenberg-author, Rob Gilmer-author"
Sum of Histories,2015-09-30,"Drama, Romance","Free Services, Prime Video",Belgium,Movie,,6.8/10,,"Lukas Bossuyt-director, Charlotte Anne Bongaerts-actor, Koen De Graeve-actor, Bart Hollanders-actor, Emma Kirstin-actor, Matteo Simoni-actor, Karina Smulders-actor, Robrecht Vanden Thoren-actor, Leo Achten-actor, Xandra Van Welden-actor, Frank van Passel-actor, Helena Vlogaert-actor, Ivy Vanhaecke-actor, Karin S. de Boer-actor, Lukas Bossuyt-author"
Yesterday's Target,1996-04-22,"Drama, Thriller","Free Services, Prime Video",America,Movie,18+ (R),3.9/10,,"Barry Samson-director, Daniel Baldwin-actor, Stacy Haiduk-actor, T. K. Carter-actor, Richard Herd-actor, LeVar Burton-actor, Malcolm McDowell-actor, Frank Birney-actor, Trevor Goddard-actor, Albert T. Dickerson III-actor, Larry Estes-actor, Miles A. Copeland III-actor, David Bourla-author"
Reluctant Witness,2015-09-02,"Action & Adventure, Drama",Free Services,Canada,Movie,,4.8/10,,"Monika Mitchell-director, Mia Kirshner-actor, Paul McGillion-actor, Madeleine Arthur-actor, James Kirk-actor, Bruce Ramsay-actor, John Cassini-actor, Venus Terzo-actor, Jenn MacLean-Angus-actor, B. J. Harrison-actor, Raul Inglis-actor, Peighton Brown-actor, Yvette Dudley-Neuman-actor, Kirk Shaw-actor, Roslyn Muir-author, Paul Michael Thomas-actor"
Elephant Kingdom,2016-09-20,"Action & Adventure, Family","Starz, Prime Video",America,Movie,7+ (PG),3.1/10,,"Melanie Simka-director, Cary Elwes-actor, Alexa PenaVega-actor, Carlos PenaVega-actor, Patrick Warburton-actor, Ambyr Childers-actor, Garrett Clayton-actor, Mikey Bolts-actor, Doug Davidson-author, Jocelyn Wright-author, Mychal Simka-author"
The Dark Sleep,2012-03-02,"Drama, Horror",Prime Video ,America,Movie,,4.3/10,,"Brett Piper-director, Taylor Nicole Adams-actor, Steve Diasparra-actor, Ashley Galloway-actor, Ken VanSant-actor, Mark Polonia-actor, Brett Piper-author, Jon Greathouse-actor"
Children Who Chase Lost Voices,2011-05-07,"Animation, Anime",Prime Video ,Japan,Movie,7+ (PG),7.1/10,,"Makoto Shinkai-director, Hisako Kanemoto-actor, Kazuhiko Inoue-actor, Miyu Irino-actor, 日高里菜-actor, Fumiko Orikasa-actor, Sumi Shimamoto-actor, Junko Takeuchi-actor, Kanae Itō-actor, Tamio Ohki-actor, Aki Kanada-actor, Ai Horanai-actor, Saya Horigome-actor, Mayumi Tsuchiya-actor, Tomomi Saito-actor, Takeshi Maeda-actor, Risa Mizuno-actor, Yuuna Inamura-actor, Yuka Terasaki-actor, Makoto Shinkai-actor, Noritaka Kawaguchi-actor, Makoto Shinkai-author"
Elmer Elephant,1936-03-28,"Family, Animation",Disney+,America,Movie,All (G),6.9/10,,"Wilfred Jackson-director, Bernice Hansen-actor, Clarence Nash-actor, Pinto Colvig-actor, Walt Disney-actor, Bianca Majolie-author, Earl Hurd-author, Ted Sears-author, Leigh Harline-actor"
Hercules and the Tyrants of Babylon,1964-12-25,"Fantasy, Action & Adventure","Free Services, Prime Video",Italy,Movie,,4.2/10,,"Domenico Paolella-director, Peter Lupus-actor, Helga Liné-actor, Mario Petri-actor, Arturo Dominici-actor, Piero Lulli-actor, Livio Lorenzon-actor, Anna Maria Polani-actor, Tullio Altamura-actor, Franco Balducci-actor, Diego Pozzetto-actor, Mirko Valentin-actor, Diego Michelotti-actor, Rosy De Leo-actor, Eugenio Bottari-actor, Andrea Scotti-actor, Adriano Vitale-actor, Salvatore Borgese-actor, Jeff Cameron-actor, Pietro Ceccarelli-actor, Gilberto Galimberti-actor, Emilio Messina-actor, Fortunato Misiano-actor, Domenico Paolella-author"
I'd Give My Life,1936-08-13,Drama,"Prime Video, Prime Video",,Movie,,6.1/10,,"Edwin L. Marin-director, Guy Standing-actor, Frances Drake-actor, Tom Brown-actor, Janet Beecher-actor, Robert Gleckler-actor, Helen Lowell-actor, Paul Hurst-actor, Charles C. Wilson-actor, Charles Richman-actor, Thomas E. Jackson-actor"
Holmes Family Rescue,2021-12-04,"Home & Garden, Reality","Philo, Prime Video",,TV Show,,8.3/10,1,"Mike Holmes-actor, Michael Holmes Jr.-actor, Sherry Holmes-actor"
The Stranger,1991-05-07,Drama,HBO MAX,France,Movie,,8/10,,"Satyajit Ray-director, Utpal Dutt-actor, Dipankar Dey-actor, Mamata Shankar-actor, Bikram Bhattacharya-actor, Dhritiman Chatterjee-actor, Subrata Chatterjee-actor, Promode Ganguly-actor, Ajit Banerjee-actor, Rabi Ghosh-actor, Sourav Banerjee-actor, Daniel Toscan du Plantier-actor, Gérard Depardieu-actor, Satyajit Ray-actor, Daniel Toscan du Plantier-actor, Gérard Depardieu-actor, Satyajit Ray-author, Satyajit Ray-actor"
Elvira's Movie Macabre: Don't Look in the Basement,2010-01-01,,"Prime Video, Prime Video",,Movie,,,,
Born to Dance,1936-11-27,"Musical, Comedy",Prime Video ,America,Movie,,6.7/10,,"Roy Del Ruth-director, Eleanor Powell-actor, James Stewart-actor, Virginia Bruce-actor, Una Merkel-actor, Sid Silvers-actor, Frances Langford-actor, Raymond Walburn-actor, Alan Dinehart-actor, Buddy Ebsen-actor, Juanita Quigley-actor, Georges-actor, Jalna-actor, Reginald Gardiner-actor, Barnett Parker-actor, J. Marshall Smith-actor, L. Dwight Snyder-actor, Jay Johnson-actor, Del Porter-actor, Barbara Bedford-actor, Jack Cummings-actor, Jack McGowan-author, Sid Silvers-author"
Life in a Walk,2015-12-01,"Action & Adventure, Documentary",Free Services,,Movie,7+ (PG),6.6/10,,"Will Roth-actor, Yogi Roth-actor"
Buck Run,2019-01-06,Drama,"Free Services, Prime Video",America,Movie,,5.7/10,,"Nick Frangione-director, James Le Gros-actor, Nolan Lyons-actor, Amy Hargreaves-actor, Kevin J. O'Connor-actor, Lecy Goranson-actor, Jim Parrack-actor, Angus Macfadyen-actor, David Hauslein-author, Chris Brokaw-actor"
How To Smell A Rose: A Visit with Ricky Leacock at his Farm in Normandy,2014-08-31,"Biography, Documentary",Prime Video ,,Movie,,6.8/10,,"Gina Leibrecht-director, Les Blank-director, Richard Leacock-actor, Les Blank-actor"
Sacrilège,2017-11-04,"Animation, Drama","Kanopy, Prime Video",France,Movie,,7.6/10,,"Christophe M. Saber-director, Mehdi Djaadi-actor, Kamel Kheroufi-actor, Nassim Kheroufi-actor, Samir Khelfaoui-actor, Océane Court-actor, Sofiane Ziani-actor, Djemel Barek-actor, Niddal El Mellouhi-actor, Elena Tatti-actor, Elodie Brunner-actor, François Morisset-actor, Christophe M. Saber-author"
Black Beauty,1946-08-29,"Romance, Drama","Free Services, Prime Video",America,Movie,,5.8/10,,"Max Nosseck-director, Mona Freeman-actor, Richard Denning-actor, Evelyn Ankers-actor, Charles Evans-actor, J. M. Kerrigan-actor, Moyna MacGill-actor, Terry Kilburn-actor, Tom Dillon-actor, Arthur Space-actor, John Burton-actor, Olaf Hytten-actor, Leyland Hodgson-actor, Clifford Brooke-actor, Highland Dale-actor, Edward L. Alperson-actor, Agnes Christine Johnston-author, Anna Sewell-author, Lillie Hayward-author, Dimitri Tiomkin-actor"
The Wiggles: Go Santa Go,2013-11-06,Family,Prime Video ,Australia,Movie,All (G),6.2/10,,"Martin Murphy-director, Emma Watkins-actor, Anthony Field-actor, Lachlan Gillespie-actor, Simon Pryce-actor, Jay Laga'aia-actor"
A Fool There Was,1915-01-12,"Action & Adventure, Drama","Free Services, Prime Video",America,Movie,,5.7/10,,"Frank Powell-director, Theda Bara-actor, Edward José-actor, Mabel Frenyear-actor, May Allison-actor, Runa Hodges-actor, Clifford Bruce-actor, Frank Powell-actor, Minna Gale-actor, Victor Benoit-actor, Creighton Hale-actor, Frank Powell-actor, William Fox-actor, Porter Emerson Browne-author"
12 Angry Men,1997-08-17,"Crime, Drama","Free Services, Prime Video",America,Movie,13+ (PG-13),7.8/10,,"William Friedkin-director, Courtney B. Vance-actor, Ossie Davis-actor, George C. Scott-actor, Armin Mueller-Stahl-actor, Dorian Harewood-actor, James Gandolfini-actor, Tony Danza-actor, Jack Lemmon-actor, Hume Cronyn-actor, Mykelti Williamson-actor, Edward James Olmos-actor, William Petersen-actor, Mary McDonnell-actor, Tyrees Allen-actor, Douglas Spain-actor, Terence A. Donnelly-actor, Reginald Rose-author"
"Just Sex, Nothing Personal",2018-12-20,"Romance, Comedy","Free Services, Prime Video",Ukraine,Movie,,6.2/10,,"Olga Ryashina-director, Roman Lutskyi-actor, Natalya Mazur-actor, Serhiy Prytula-actor, Angelika Nikolaeva-actor, Oksana Hrebeniuk-actor, Serhiy Prytula-author"
The Pajama Game,1957-08-29,"Musical, Comedy","Free Services, Prime Video",America,Movie,,6.7/10,,"George Abbott-director, Stanley Donen-director, Doris Day-actor, John Raitt-actor, Carol Haney-actor, Eddie Foy Jr.-actor, Reta Shaw-actor, Barbara Nichols-actor, Thelma Pelish-actor, Ralph Dunn-actor, Jack Straw-actor, Larri Thomas-actor, George Abbott-author, Richard Bissell-author"
Spirits of the Somme,,,Prime Video ,,Movie,,,,
The Straits,2012-02-02,"Drama, Crime","Free Services, Prime Video",Australia,TV Show,,7.2/10,1,"Brian Cox-actor, Rena Owen-actor, Aaron Fa'aoso-actor, Jimi Bani-actor, Firass Dirani-actor, Susannah Bayes-Morton-actor, Emma Lung-actor, Andy Anderson-actor, Helen Panckhurst-actor, Penny Chapman-actor, Carole Sklan-actor, David Ogilvy-actor, Tony Ayres-actor"
1066: A Year to Conquer England,2017-02-28,"Documentary, Drama","Paramount+, Prime Video",,TV Show,7+ (TV-PG),6.7/10,1,"Dan Snow-actor, Juliet Stevenson-actor, Clive Russell-actor, Ed Stoppard-actor, Andrew Havill-actor, Adam James-actor, Simon Meacock-actor, Tim Preece-actor, David Sterne-actor, Freya Parker-actor, Jotham Annan-actor, Alun Raglan-actor, Robin Dashwood-actor, Dan Snow-actor"
Kizumonogatari II: Passionate Blood,2016-07-01,"Fantasy, Anime",Prime Video ,Japan,Movie,,7.7/10,,"Akiyuki Simbo-director, Tatsuya Oishi-director, Hiroshi Kamiya-actor, Yui Horie-actor, Maaya Sakamoto-actor, Takahiro Sakurai-actor, Masashi Ebara-actor, Miyu Irino-actor, Hochu Otsuka-actor, Atsuhiro Iwakami-actor, Mitsutoshi Kubota-actor, Takuya Matsushita-actor, Nisio Isin-author, Satoru Kōsaki-actor, Nisio Isin-actor"
Intensive Care,2018-07-01,"Action & Adventure, Comedy","Free Services, Prime Video",America,Movie,18+ (R),3.9/10,,"Jared Bentley-director, Tara Macken-actor, Jai Rodriguez-actor, Kevin Sizemore-actor, Jose Rosete-actor, Leslie Easterbrook-actor, Darrin Henson-actor, Gunnar Sizemore-actor, Austin Pollard-actor, Mihaela Gavrila-actor, Kevin Sizemore-actor, Peter Rimac-actor, Randy Bobbitt-actor, Rebecca DeLuca-actor, Darrin Scane-author, Eric Storlie-author, Jared Bentley-author"
Praize A Thon,2021-12-04,Comedy,Free Services,,Movie,,9.1/10,,
Jurassic Prey,2015-06-23,"Action & Adventure, Horror",Free Services,America,Movie,,1.7/10,,"Mark Polonia-director, Danielle Donahue-actor, Jeff Kirkendall-actor, Bob Dennis-actor, James Carolus-actor, Steve Diasparra-actor, Ken Van Sant-actor, Todd Carpenter-actor, Kelsey Kaufmann-actor, Houston Baker-actor, John Oak Dalton-author"
Alex Strangelove,2018-04-16,"Comedy, LGBTQ",Netflix,America,Movie,18+ (R),6.3/10,,"Craig Johnson-director, Daniel Doheny-actor, Madeline Weinstein-actor, Antonio Marziale-actor, Daniel Zolghadri-actor, Nik Dodani-actor, Fred Hechinger-actor, Dante Costabile-actor, Annie Q.-actor, Kathryn Erbe-actor, Joanna Adler-actor, William Ragsdale-actor, Ayden Mayeri-actor, Isabella Amara-actor, Sophie Faulkenberry-actor, David Fierro-actor, Jesse James Keitel-actor, Ben Stiller-actor, Jared Goldman-actor, Nicholas Weinstock-actor, Craig Johnson-author"
Resurrection Corporation,2021-04-30,"Animation, Comedy",Prime Video ,,Movie,,7.5/10,,
The Rolling Stones: Stones in Exile,2010-05-14,"Documentary, Musical",Prime Video ,,Movie,,7.1/10,,"Stephen Kijak-director, Mick Jagger-actor, Keith Richards-actor, Mick Taylor-actor, Bill Wyman-actor, Charlie Watts-actor, Benicio del Toro-actor, Sheryl Crow-actor, Jack White-actor, Martin Scorsese-actor, Ashli Haynes-actor, Caleb Followill-actor, Marshall Chess-actor, Anita Pallenberg-actor, Liz Phair-actor, Andy Johns-actor"
Crimewave,1985-04-12,"Comedy, Crime","Free Services, Prime Video",America,Movie,13+ (PG-13),5.6/10,,"Sam Raimi-director, Louise Lasser-actor, Reed Birney-actor, Sheree J. Wilson-actor, Paul L. Smith-actor, Brion James-actor, Edward R. Pressman-actor, Bruce Campbell-actor, Frances McDormand-actor, Anne Cooper-actor, Bridget Hoffman-actor, Richard Bright-actor, Antonio Fargas-actor, Hamid Dana-actor, John Hardy-actor, Emil Sitka-actor, Hal Youngblood-actor, Sean Farley-actor, Richard DeManincor-actor, Carrie Hall-actor, Wiley Harker-actor, Julius Harris-actor, Robert Tapert-actor, Edward R. Pressman-actor"
The Greatest Journeys on Earth: France - Journeys of the Sun King,2007-06-01,,Prime Video ,,Movie,,,,
"Van Cliburn in Moscow, Vol. 3",,,Prime Video ,,Movie,,,,Van Cliburn-actor
Dog: Impossible,2019-09-01,"Documentary, Reality","Disney+, Prime Video",,TV Show,,7.6/10,2,"Matt Beisner-actor, Stef DiOrio-actor"
"Hailey Dean Mysteries: Murder, With Love",2016-10-23,"Drama, Mystery","Hallmark Movies Now, Prime Video",America,Movie,All (G),6.5/10,,"Terry Ingram-director, Kellie Martin-actor, Nancy Grace-actor, Cindy Busby-actor, Giacomo Baessato-actor, Viv Leacock-actor, Jesse Moss-actor, Lucia Walters-actor, Michael Kopsa-actor, Matthew MacCaull-actor, Peter Bryant-actor, Sarah Boey-actor, Kate Crutchlow-actor, Ted Cole-actor, Susan Hogan-actor, Tom Butler-actor, Norman Misura-actor, Deborah Ramsay-actor, Carmel Amit-actor, Jason Stevens-actor, Matt Ellis-actor, Hiro Kanagawa-actor, Christian Bruyère-actor, Jonathan Greene-author"
God Bless Ozzy Osbourne,2011-04-24,"Musical, Documentary",Prime Video ,America,Movie,7+ (PG),7.4/10,,"Mike Fleiss-director, Mike Piscitelli-director, Ozzy Osbourne-actor, Sharon Osbourne-actor, Geezer Butler-actor, Paul McCartney-actor, Zakk Wylde-actor, Robert Trujillo-actor, Kelly Osbourne-actor, Bill Ward-actor, Henry Rollins-actor, Tommy Lee-actor, John Frusciante-actor, Tony Iommi-actor, Jack Osbourne-actor, Jack Osbourne-actor, Sharon Osbourne-actor, Michael Einziger-actor"
Tentacle 8,2014-03-25,"Mystery, Drama","Free Services, Prime Video",America,Movie,,4.1/10,,"John Chi-director, Brett Rickaby-actor, Amy Motta-actor, John Churchill-actor, Bruce Gray-actor, John Henry Whitaker-actor, Matt Borlenghi-actor, Rod Britt-actor, Rocky McMurray-actor, John Chi-author"
Little Sorcerer,2022-05-06,"Action & Adventure, Animation",Prime Video ,,Movie,,3.9/10,,
Fitting,2012-04-01,"Drama, Comedy",Prime Video ,,Movie,,8.3/10,,
Reckless,2014-06-29,"Crime, Drama",Prime Video ,America,TV Show,7+ (TV-PG),7/10,1,"Michael Gladis-actor, Shawn Hatosy-actor, Cam Gigandet-actor, Anna Wood-actor, Georgina Haig-actor, Adam Rodríguez-actor, Kim Wayans-actor, Gregory Harrison-actor, Catherine Hardwicke-actor, Corey Miller-actor, Dana Stevens-actor, Ian Sanders-actor, Kim Moses-actor, Dana Stevens-actor"
Vendetta,2022-05-17,"Action & Adventure, Thriller",Prime Video ,America,Movie,18+ (R),3.7/10,,"Jared Cohn-director, Clive Standen-actor, Theo Rossi-actor, Mike Tyson-actor, Thomas Jane-actor, Bruce Willis-actor, Maddie Nichols-actor, Cabot Basden-actor, Amar Balaggan-actor, Benjamin Rappaport-actor, Corey Large-actor, Ross Mrazek-actor, Jared Cohn-author"
Home Run Showdown,2012-07-27,"Family, Sport","Free Services, Prime Video",America,Movie,,4.8/10,,"Oz Scott-director, Dean Cain-actor, Matthew Lillard-actor, Annabeth Gish-actor, Barry Bostwick-actor, Wayne Duvall-actor, Kaleigh Ryan-actor, Cristina Sasso-actor, Marcus Shultz-actor, Kyle Kirk-actor, Derek Brandon-actor, Dena Hysell-Cornejo-actor, Joe Gressis-actor, John Bella-author, Tim Cavanaugh-author, Austin Wintory-actor"
Footloose in the Italian Lakes: Garda Como Lugano Maggiore,2016-03-09,Documentary,Prime Video ,,Movie,,,,
A Question of Origins,,Documentary,Prime Video ,,Movie,,4.3/10,,
Secret Window,2004-03-12,"Mystery, Thriller",Prime Video ,America,Movie,13+ (PG-13),6.5/10,,"David Koepp-director, Johnny Depp-actor, John Turturro-actor, Maria Bello-actor, Timothy Hutton-actor, Charles S. Dutton-actor, Len Cariou-actor, Joan Heney-actor, John Dunn-Hill-actor, Vlasta Vrána-actor, Matt Holland-actor, Gillian Ferrabee-actor, Bronwen Mantel-actor, Elizabeth Marleau-actor, Kyle Allatt-actor, Richard Jutras-actor, Gavin Polone-actor, Ezra Swerdlow-actor, David Koepp-author, Stephen King-author, Geoff Zanelli-actor, Philip Glass-actor"
The Personals: Improvisations on Romance in the Golden Years,1999-04-25,"Animation, Documentary","Kanopy, Prime Video",,Movie,,6.4/10,,Keiko Ibi-director
The Night Clerk,2011-03-01,"Drama, Thriller",Prime Video ,France,Movie,,6.4/10,,"Raphaël Jacoulot-director, Jean-Pierre Bacri-actor, Vincent Rottiers-actor, Ludmila Mikaël-actor, Sylvie Testud-actor, Céline Sallette-actor, François Perrot-actor, Xavier Robic-actor, India Hair-actor, Melha Bossard-actor, Lise Macheboeuf-author, Raphaël Jacoulot-author"
Greatest Heroes and Legends of The Bible: Daniel and the Lion's Den,1998-01-01,Animation,"Free Services, Prime Video",Canada,Movie,,,,"Glenn Patterson-director, Charlton Heston-actor, Stephen Barlow-actor, Paul Dobson-actor, Julie Faye-actor, Saffron Henderson-actor, Brent Murphy-actor, Jacques Borassa-actor, Chris Gray-actor, William R. Kowalchuk-actor, Andrew Greenberg-actor, Seth Willenson-actor, Howard Rumberg-author"
The Price of Power,1969-12-18,,Free Services,Italy,Movie,,6.4/10,,"Tonino Valerii-director, Giuliano Gemma-actor, Warren Vanders-actor, María Cuadra-actor, Ray Saunders-actor, Fernando Rey-actor, Van Johnson-actor, Julio Peña-actor, José Suárez-actor, Benito Stefanelli-actor, Ángel del Pozo-actor, Francisco Sanz-actor, Ernesto Gastaldi-author, Massimo Patrizi-author"
Flyboys,2006-09-22,"Action & Adventure, Drama","Free Services, Prime Video",United Kingdom,Movie,13+ (PG-13),6.5/10,,"Tony Bill-director, James Franco-actor, David Ellison-actor, Jean Reno-actor, Philip Winchester-actor, Todd Boyce-actor, Mac McDonald-actor, Abdul Salis-actor, Karen Ford-actor, Scott Hazell-actor, Ruth Bradley-actor, Tim Pigott-Smith-actor, Tyler Labine-actor, Gail Downey-actor, Augustin Legrand-actor, Keith McErlean-actor, Jennifer Decker-actor, Lex Shrapnel-actor, Martin Henderson-actor, Kate Robbins-actor, Dean Devlin-actor, Marc Frydman-actor, David Brown-actor, Duncan Reid-actor"
Attack on Titan,2015-08-01,"Horror, Drama",Prime Video ,Japan,Movie,,5.1/10,,"Shinji Higuchi-director, Haruma Miura-actor, Kiko Mizuhara-actor, Kanata Hongo-actor, Nanami Sakuraba-actor, Takahiro Miura-actor, Satomi Ishihara-actor, Hiroki Hasegawa-actor, Ayame Misaki-actor, Pierre Taki-actor, Jun Kunimura-actor, 渡部秀-actor, Rina Takeda-actor, Nana Seino-actor, 松尾谕-actor, Momoko Kato-actor, Chisako Hara-actor, Ryo Tanaka-actor, Genki Kawamura-actor, Yuji Ishida-actor, Akihiro Yamauchi-actor, Tomohiro Machiyama-author, Yusuke Watanabe-author, Shiro Sagisu-actor"
A Time to Kill,2020-06-04,"Documentary, Crime","Philo, Prime Video",,TV Show,14+ (TV-14),7.1/10,5,
Time of Death,2013-11-01,"Documentary, Reality","fuboTV, Prime Video",,TV Show,18+ (TV-MA),8.6/10,1,
Gimme Shelter,2013-10-17,Drama,"Free Services, Prime Video",America,Movie,13+ (PG-13),6.4/10,,"Ron Krauss-director, Vanessa Hudgens-actor, Rosario Dawson-actor, Brendan Fraser-actor, Stephanie Szostak-actor, James Earl Jones-actor, Dascha Polanco-actor, Emily Meade-actor, Ann Dowd-actor, Candace Smith-actor, Tashiana Washington-actor, Sheila Tapia-actor, Eddie Schweighardt-actor, Laneya Wiles-actor, Jeff Rice-actor, Ron Krauss-actor, Ron Krauss-author"
Raging Bull,1980-11-14,"Biography, Drama","Prime Video, Prime Video",America,Movie,18+ (R),8.2/10,,"Martin Scorsese-director, Robert De Niro-actor, Joe Pesci-actor, Cathy Moriarty-actor, Frank Vincent-actor, Nicholas Colasanto-actor, Theresa Saldana-actor, Mario Gallo-actor, John Turturro-actor, Joseph Bono-actor, Frank Adonis-actor, Charles Scorsese-actor, Rita Bennett-actor, Bernie Allen-actor, Gene LeBell-actor, Victor Magnotta-actor, Shay Duffin-actor, Jack Lotz-actor, Kevin Breslin-actor, Coley Wallace-actor, Fred Dennis-actor, Harvey Parry-actor, Irwin Winkler-actor, Robert Chartoff-actor"
George for Real,2015-01-01,Documentary,"Free Services, Prime Video",,Movie,,,,
Blue-Eyed Butcher,2012-03-03,"Mystery, Thriller",Prime Video ,America,Movie,18+ (R),5.6/10,,"Stephen T. Kay-director, Sara Paxton-actor, Justin Bruening-actor, Lisa Edelstein-actor, Michael Gross-actor, Annie Corley-actor, Joshua Snyder-actor, W. Earl Brown-actor, Lucinda Jenney-actor, David Marciano-actor, Matthew Del Negro-actor, Erin Cahill-actor, Annie Wersching-actor, Jon Curry-actor, Sam McMurray-actor, Vyto Ruginis-actor, Pat Skipper-actor, Nancy Grace-actor, Jonathan Patrick Moore-actor, Cade Owens-actor, Aaron Lustig-actor, Zuleyka Silver-actor, Kyle A. Clark-actor, Frank von Zerneck-actor"
Boeing 777: The Heavy Check,2016-12-01,Documentary,Prime Video ,France,Movie,,7.1/10,,Josselin Mahot-director
Blink,2018-03-02,Drama,Prime Video ,America,Movie,18+ (R),4.7/10,,"Courtney Glaude-director, Bianca Siplin-actor, Will Scott-actor, Courtney Glaude-actor, Dorrian Wilson-actor, Jada broen-actor, Mrs. Ross-actor, Howard Calvert-actor, Marty Blair-actor, Courtney Glaude-actor, Courtney Glaude-actor, Courtney Glaude-author"
Torture Chamber,2013-10-10,"Thriller, Horror","Free Services, Prime Video",America,Movie,18+ (R),2.9/10,,"Dante Tomaselli-director, Vincent Pastore-actor, Christie Sanford-actor, Lynn Lowry-actor, Ron Millkie-actor, Carmen LoPorto-actor, Ellie Pettit-actor, Richard D. Busser-actor, Steven Lobman-actor, Raine Brown-actor, Danny Lopes-actor, Bill Boorman-actor, Andrew George Jr.-actor, Lily Suda-actor, Jennifer Agostini-actor, Al Sapienza-actor, Allen Rosenberg-actor, Lela Frechette-actor, Bartolo Raffaele-actor, Dante Tomaselli-actor, Milka Stanisic-actor, Gary Vitello-actor, Maria Tassiello-actor, Dante Tomaselli-author"
Kelly's Heroes,1970-01-01,"Comedy, Action & Adventure",Prime Video ,America,Movie,7+ (PG),7.6/10,,"Brian G. Hutton-director, Clint Eastwood-actor, Telly Savalas-actor, Don Rickles-actor, Carroll O'Connor-actor, Donald Sutherland-actor, Gavin MacLeod-actor, Hal Buckley-actor, Stuart Margolin-actor, Jeff Morris-actor, Richard Davalos-actor, Perry Lopez-actor, Tom Troupe-actor, Harry Dean Stanton-actor, Dick Balduzzi-actor, Gene Collins-actor, Len Lesser-actor, David Hurst-actor, Fred Pearlman-actor, Michael Clark-actor, George Fargo-actor, Dee Pollock-actor, Gabriel Katzka-actor, Harold Loeb-actor"
Cheese: A Love Story,2021-06-09,Documentary,Hulu,,TV Show,,8.2/10,1,
Breakfast with Curtis,2013-12-04,"Comedy, Drama","Fandor, Prime Video",,Movie,,6.6/10,,"Laura Colella-director, Jonah Parker-actor, Theo Green-actor, David A. Parker-actor, Aaron Jungels-actor, Yvonne Parker-actor, Virginia Laffey-actor, Adele Parker-actor, Laura Colella-actor, Gideon Parker-actor, Laura Colella-author"
Design Star: Next Gen,2021-02-24,"Reality, Home & Garden",Philo,,TV Show,,,1,"Allison Holker-actor, Jonathan Adler-actor, Lauren Makk-actor"
Vampire Wars,2017-01-01,,Free Services,,Movie,,,,
Trust,1990-09-09,"Comedy, Drama",Prime Video ,United Kingdom,Movie,18+ (R),7.4/10,,"Hal Hartley-director, Adrienne Shelly-actor, Martin Donovan-actor, Rebecca Nelson-actor, John MacKay-actor, Edie Falco-actor, Gary Sauer-actor, Matt Malloy-actor, Suzanne Costollos-actor, Jeff Howard-actor, Karen Sillas-actor, Tom Thon-actor, Hannah Sullivan-actor, Marko Hunt-actor, Kathryn Mederos-actor, Bill Sage-actor, Julie Kessler-actor, Robby Anderson-actor, Christopher Cooke-actor, Leo Gosse-actor, Bruce Weiss-actor, Hal Hartley-actor, Jerome Brownstein-actor, Hal Hartley-author"
Antonio Lopez 1970: Sex Fashion & Disco,2018-09-13,"Biography, Documentary","Free Services, Prime Video",America,Movie,,6.8/10,,"James Crump-director, Joan Juliet Buck-actor, Paul Caranicas-actor, Michael Chow-actor, Tina Chow-actor, Pat Cleveland-actor, Grace Coddington-actor, Bob Colacello-actor, Bill Cunningham-actor, Patti D'Arbanville-actor, Jane Forth-actor, Jerry Hall-actor, Charles James-actor, Grace Jones-actor, Donna Jordan-actor, Karl Lagerfeld-actor, Jessica Lange-actor, Antonio Lopez-actor, Juan Ramos-actor, Yves Saint-Laurent-actor, Corey Tippin-actor"
Vikings,2013-03-03,"Romance, Action & Adventure","Prime Video, Prime Video",Canada,TV Show,18+ (TV-MA),8.5/10,6,"Alex Høgh Andersen-actor, Jordan Patrick Smith-actor, Marco Ilsø-actor, Peter Franzén-actor, Georgia Hirst-actor, Danila Kozlovsky-actor, Alexander Ludwig-actor, Alyssa Sutherland-actor, Ben Robson-actor, Clive Standen-actor, Donal Logue-actor, Ferdia Walsh-Peelo-actor, Gabriel Byrne-actor, George Blagden-actor, Gustaf Skarsgård-actor, Jennie Jacques-actor, Jessalyn Gilsig-actor, Katheryn Winnick-actor, Linus Roache-actor, Maude Hirst-actor, Moe Dunford-actor, Nathan O'Toole-actor, Ruby O'Leary-actor, Travis Fimmel-actor"
Tom Petty: Fallin' Free,2019-01-01,,Free Services,,Movie,,,,
The Snow Queen,1957-10-22,"Animation, Fantasy",Free Services,Russia,Movie,,7.5/10,,"Lev Atamanov-director, Vladimir Gribkov-actor, Mariya Babanova-actor, Yanina Zhejmo-actor, Sergei Martinson-actor, Aleksei Konsovsky-actor, Irina Murzayeva-actor, Anna Komolova-actor, Sandra Dee-actor, Vera Popova-actor, Elena Ponsova-actor, Vera Bendina-actor, Tatyana Linnik-actor, Galina Kozhakina-actor, Yudif Glizer-actor, Mariya Sinelnikova-actor, Lev Atamanov-actor, Robert Faber-actor, Georgiy Grebner-author, Hans Christian Andersen-author, Lev Atamanov-author, Nikolay Erdman-author"
Sealed Cargo,2015-07-28,"Action & Adventure, Drama",Free Services,Bolivia,Movie,,5.3/10,,"Julia Vargas Weise-director, Luis Bredow-actor, Gustavo Cubero-actor, Pakriti Maduro-actor, Daniela Lema-actor, Fernando Arce-actor, Marcelo Quina-actor, Gustavo Sánchez Parra-actor, Juan Claudio Lechín-author, Julia Vargas Weise-author"
Out of Reach,2016-12-31,,Fandor,,Movie,,,,Efrat Rasner-director
Marvin's Christmas,2021-12-25,Comedy,"Free Services, Prime Video",,Movie,,,,
Bloodsworth: An Innocent Man,2015-10-01,"Crime, Documentary","Free Services, Prime Video",,Movie,16+,7/10,,
Roseanne,1988-10-18,"Family, Comedy","Free Services, Prime Video",America,TV Show,7+ (TV-PG),7/10,11,"Roseanne Barr-actor, John Goodman-actor, Sara Gilbert-actor, Lecy Goranson-actor, Michael Fishman-actor, Laurie Metcalf-actor, Ames McNamara-actor, Jayden Rey-actor, Emma Kenney-actor, Sarah Chalke-actor, Chuck Lorre-actor, James Berg-actor, Tom Werner-actor, Matt Williams-actor"
David and Goliath,2015-03-13,"Action & Adventure, Drama",Free Services,America,Movie,7+ (PG),3.8/10,,"Timothy A. Chey-director, Miles Sloman-actor, Jerry Sokolosky-actor, Makenna Guyler-actor, Paul Hughes-actor, Joseph Emms-actor, Richard Summers-Calvert-actor, Jared Morgan-actor, Tom Bonington-actor, Adam Wittek-actor, Jujo Ballo-actor, Simon Davies-actor, Sebastien Taulbee-actor, Arthur Richardson-actor, Rich Rubin-actor, Neder Ghouati-actor, David Turrell-actor, Susan F. Chey-actor, Timothy A. Chey-actor, Timothy A. Chey-author"
Witness for the Prosecution,1957-12-17,"Mystery, Thriller","Free Services, Prime Video",America,Movie,,8.4/10,,"Billy Wilder-director, Tyrone Power-actor, Marlene Dietrich-actor, Charles Laughton-actor, Elsa Lanchester-actor, John Williams-actor, Henry Daniell-actor, Ian Wolfe-actor, Torin Thatcher-actor, Norma Varden-actor, Una O'Connor-actor, Francis Compton-actor, Philip Tonge-actor, Ruta Lee-actor, Bess Flowers-actor, Leoda Richards-actor, Patrick Aherne-actor, Eddie Baker-actor, Brandon Beach-actor, Colin Kenny-actor, Fred Rapport-actor, Danny Borzage-actor, Arthur Hornblow Jr.-actor, Edward Small-actor"
Bāhubali 2: The Conclusion,2017-04-27,"Drama, Action & Adventure","Netflix, Prime Video",India,Movie,7+ (PG),8.2/10,,"S.S. Rajamouli-director, Prabhas-actor, Rana Daggubati-actor, Sathyaraj-actor, Anushka Shetty-actor, Nassar-actor, Ramya Krishnan-actor, Subbaraju-actor, Tamanna Bhatia-actor, Prudhviraj-actor, Rohini-actor, Ashrita Vemuganti-actor, Tanikella Bharani-actor, Bharani Shankar-actor, Kalpalatha-actor, Iliya Sotirov-actor, K Raghavendra Rao-actor, Prasad Devineni-actor, Shobu Yarlagadda-actor, S.S. Rajamouli-author, M.M. Keeravaani-actor"
Air Eagles,1931-12-20,"Romance, Drama","Prime Video, Prime Video",America,Movie,,5/10,,"Phil Whitman-director, Lloyd Hughes-actor, Bill Ramsey-actor, Shirley Grey-actor, Berton Churchill-actor, Matty Kemp-actor, Otis Harlan-actor, Kathrin Clare Ward-actor, Eddie Fetherston-actor, Olin Francis-actor, John Ince-actor, Lew Meehan-actor, George Morrell-actor, Larry Darmour-actor, Hampton Del Ruth-author, Walter Q. MacDonald-author, Lee Zahler-actor"
Where There's a Will,2006-05-06,"Drama, Comedy",Prime Video ,,Movie,,6.2/10,,"John Putch-director, Marion Ross-actor, Frank Whaley-actor, Christine Elise-actor, Keith Carradine-actor"
Le Storie di via Carnia,2015-05-21,Documentary,Free Services,,Movie,,,,
The Crocodiles,2009-03-26,"Family, Action & Adventure",Prime Video ,Germany,Movie,,6.1/10,,"Christian Ditter-director, Nick Romeo Reimann-actor, Leonie Tepe-actor, Fabian Halbig-actor, Manuel Steitz-actor, David Hürten-actor, Javidan Imani-actor, Robin Walter-actor, Nicolas Schinseck-actor, Nora Tschirner-actor, Maria Schrader-actor, Smudo-actor, Jacob Matschenz-actor, Axel Stein-actor, Oktay Özdemir-actor, Marina Hambuch-actor, Heiner Beeker-actor, Achim Bauer-actor, Klaus Neugebauer-actor, Christoph Blum-actor, Horst Neugebauer-actor, Oliver Zentgraf-actor, Anita Schneider-actor, Christian Becker-actor"
Have a Good Trip: Adventures in Psychedelics,2020-05-11,"Documentary, Comedy",Netflix,America,Movie,18+ (R),6.8/10,,"Donick Cary-director, Nick Offerman-actor, Sarah Silverman-actor, Adam Scott-actor, Rosie Perez-actor, Adam Horovitz-actor, A$AP Rocky-actor, 安东尼·波登-actor, Ben Stiller-actor, Bill Kreutzmann-actor, Carrie Fisher-actor, Natasha Lyonne-actor, Lewis Black-actor, Nick Kroll-actor, Paul Scheer-actor, Reggie Watts-actor, Rob Corddry-actor, Shepard Fairey-actor, Sting-actor, Will Forte-actor, Fred Willard-actor, Haley Joel Osment-actor, Mike Rosenstein-actor, Donick Cary-author"
Choose Yourself: The James Altucher Story,2020-08-14,Documentary,Prime Video ,,TV Show,,7.1/10,1,
Zero Distance,2019-03-22,"Mystery, Thriller",Prime Video ,,Movie,,6.7/10,,Abdulaziz Alshlahei-director
Rainbow Rangers,2018-11-05,"Action & Adventure, Animation","Netflix, Prime Video",,TV Show,All (TV-G),4.4/10,4,"Aileen Mythen-actor, Dan Russell-actor, Elizabeth Simmons-actor, Juliette Crosbie-actor, Penelope Rawlins-actor, Phillipa Alexander-actor, Zehra Naqvi-actor, Elise Allen-actor, Rob Minkoff-actor, Shane Morris-actor, Tim Mansfield-actor"
BNK48: One Take,2020-04-01,Documentary,Netflix,Thailand,Movie,,5.9/10,,Manatsanun Panlertwongskul-director
Lidice,2011-06-02,Drama,"Free Services, Prime Video",Czechia,Movie,,6.8/10,,"Petr Nikolaev-director, Karel Roden-actor, Zuzana Fialová-actor, Zuzana Bydžovská-actor, Roman Luknár-actor, Marek Adamczyk-actor, Jan Budař-actor, Ondřej Novák-actor, Adam Kubišta-actor, Veronika Khek Kubařová-actor, Detlef Bothe-actor, Joachim Paul Assböck-actor, Bořík Procházka-actor, Mariusz Osmelak-actor, Sabina Remundová-actor, Anna Kratochvílová-actor, Ondřej Havel-actor, Marika Šoposká-actor, Pavlína Štorková-actor, Robert Nebřenský-actor, Jan Vondráček-actor, Miroslav Hanuš-actor, Adam Dvořák-actor, Zdeněk Mahler-author"
Daniel Tosh: People Pleaser,2016-04-17,"Documentary, Comedy",Prime Video ,America,Movie,,7.9/10,,"Marcus Raboy-director, Daniel Tosh-actor, Christie Lynn Smith-actor, Daniel Tosh-actor, John Irwin-actor, Daniel Tosh-author"
Pennhurst,2012-10-08,Horror,Free Services,America,Movie,,2.7/10,,"Michael Rooker-director, Beverley Mitchell-actor, Haylie Duff-actor, Michael Rooker-actor, Jimmy Palumbo-actor, J. LaRose-actor, Amanda Dunn-actor, Michael McKiddy-actor, Robb Pruitt-actor, Jessica Funtenatto-actor, Heather Ichihashi-actor, Sarah Van Auken-actor, Craig Newman-actor, Andrew Tardif-actor, Andrew Betz-actor, Ryan Windish-actor, Catherine LaValle-actor, Patrick McDade-actor, Tim Smith Jr.-actor, Richard Christy-actor, Jack Hoffman-actor, Marc Bicking-actor, Jason Pinardo-actor, Tom Rooker-actor"
Lorna,2014-11-09,"Comedy, Drama",Prime Video ,Philippines,Movie,,7.3/10,,"Sigrid Andrea Bernardo-director, Shamaine Buencamino-actor, Lav Diaz-actor, Felix Roco-actor, Maria Isabel Lopez-actor, Raquel Villavicencio-actor, Jim Paredes-actor, Juan Rodrigo-actor, Angel Aquino-actor, Miguel Faustmann-actor, Karl Medina-actor, Ronald Arguelles-actor, Sigrid Andrea Bernardo-author"
PBS KIDS Love Math and Science!,2013-12-16,Children,Prime Video ,,TV Show,,,1,
Seven Worlds Collide: Neil Finn & Friends Live at the St. James,2001-11-26,Documentary,Prime Video ,,Movie,,8.8/10,,"Paul Casserly-director, Neil Finn-actor, Eddie Vedder-actor, Johnny Marr-actor"
Black Water,2007-06-01,"Action & Adventure, Drama",Free Services,Australia,Movie,18+ (R),5.8/10,,"Andrew Traucki-director, David Nerlich-director, Diana Glenn-actor, Maeve Dermody-actor, Andy Rodoreda-actor, Ben Oxenbould-actor, Fiona Press-actor, Paulina Němcová-actor, Andrew Traucki-actor, David Nerlich-actor, Michael Robertson-actor, Gary Rogers-actor, Germaine McCormack-Kos-actor, Michelle Harrison-actor, David Nerlich-author"
Groundhog Dave,2019-02-05,Animation,"Free Services, Prime Video",,Movie,,6.7/10,,"James Snider-director, Todd Quills-actor, Jeremy Rottinger-actor, Thomas Carr-actor, Chen Tsung-actor, Tony Roberts-actor, Dave Soltura-actor, Jonathan Carley-actor, Larry G. Jones-actor, Simon Hill-actor, B.C. Furtney-author"
Naked Ambition: An R Rated Look at an X Rated Industry,2009-04-30,"Thriller, Documentary",Free Services,,Movie,18+ (R),4.8/10,,"Michael Grecco-director, Mary Carey-actor, Joanna Angel-actor, Janine Lindemulder-actor, Sunny Lane-actor, Peter North-actor, Evan Stone-actor, Jesse Jane-actor, Grand Maitre de Valmont-actor, Randy West-actor, Julia Ann-actor, Tera Patrick-actor, Larry Flynt-actor, Ron Jeremy-actor, Jenna Jameson-actor, Charles Holland-actor, Jeremy Troy-actor, Charles Holland-author, Jens Funke-actor, Josef Peters-actor"
Sin Island,2018-02-14,Thriller,Prime Video ,Philippines,Movie,,5.6/10,,"Gino M. Santos-director, Coleen Garcia-actor, Xian Lim-actor, Nathalie Hart-actor, TJ Trinidad-actor, Bernard Palanca-actor, Dominic Ochoa-actor, Thou Reyes-actor, Desiree del Valle-actor, Nikki Valdez-actor, Lito Pimentel-actor, Ricardo Cepeda-actor, McCoy De Leon-actor, Marina Benipayo-actor, Joyce Ann Burton-actor, Charlie Dizon-actor, Jerome Tan-actor, Marjorie B. Lachica-actor, Jancy E. Nicolas-author, Keiko Aquino-author"
Outlaws of the Desert,1941-11-01,Action & Adventure,"Prime Video, Prime Video",America,Movie,,5.9/10,,"Howard Bretherton-director, William Boyd-actor, Andy Clyde-actor, Brad King-actor, Duncan Renaldo-actor, Jean Phillips-actor, Forrest Stanley-actor, Nina Guilbert-actor, Luli Deste-actor, Alberto Morin-actor, George J. Lewis-actor, Jean Del Val-actor, Jamiel Hasson-actor, Mickey Eissa-actor, Charles Murphy-actor, Bill Nestell-actor, George Woolsley-actor, Bernard McConville-author, J. Benton Cheney-author"
Oddball,2015-09-17,"Action & Adventure, Family","Free Services, Prime Video",Australia,Movie,7+ (PG),6.4/10,,"Stuart McDonald-director, Shane Jacobson-actor, Sarah Snook-actor, Alan Tudyk-actor, Coco Jack Gillies-actor, Richard Davies-actor, Deborah Mailman-actor, Tegan Higginbotham-actor, Dave Lawson-actor, Frank Woodley-actor, Terry Camilleri-actor, John Leary-actor, Stephen Kearney-actor, Eloise Oxer-actor, Jarrod Leitch-actor, Lauren Dodge-actor, Beau Hurren-actor, Chris Weir-actor, Ben Morieson-actor, Clay Dunn-actor, Shoko Asano-actor, Peter Ivan-author"
Wall Street Cowboy,1939-08-06,Action & Adventure,"Free Services, Prime Video",America,Movie,,6.1/10,,"Joseph Kane-director, Roy Rogers-actor, George 'Gabby' Hayes-actor, Raymond Hatton-actor, Ann Baldwin-actor, Pierre Watkin-actor, Craig Reynolds-actor, Ivan Miller-actor, Reginald Barlow-actor, Adrian Morris-actor, Jack Roper-actor, Jack Ingram-actor, Lynton Brent-actor, Fred Burns-actor, Thomas Carr-actor, George Chesebro-actor, Jennifer Gray-actor, Ted Mapes-actor, George Montgomery-actor, Nick Stewart-actor, Al Taylor-actor, Louisiana Lou-actor, Gerald Geraghty-author, Norman S. Hall-author"
Lunatics: A Love Story,1991-01-01,"Drama, Romance",Free Services,America,Movie,13+ (PG-13),5.9/10,,"Josh Becker-director, Ted Raimi-actor, Deborah Foreman-actor, Bruce Campbell-actor, Henrietta Hermelin-actor, George Aguilar-actor, Brian McCree-actor, Eddy Roumaya-actor, Michelle Stacey-actor, John Hardy-actor, Anna Aycox-actor, Carol Vernon-actor, Josefa Rigial-actor, Philip A. Gillis-actor, Keegan-Michael Key-actor, Bruce Campbell-actor, James A. Courtney-actor, Josh Becker-author"
The Migrants,2019-09-23,Documentary,Prime Video ,,Movie,,,,
Lola Montès,1955-12-23,"Romance, Drama",HBO MAX,France,Movie,,7.3/10,,"Max Ophüls-director, Martine Carol-actor, Peter Ustinov-actor, Adolf Wohlbrück-actor, Henri Guisol-actor, Lise Delamare-actor, Paulette Dubost-actor, Oskar Werner-actor, Jean Galland-actor, Will Quadflieg-actor, Héléna Manson-actor, Germaine Delbat-actor, Carl Esmond-actor, Jacques Fayet-actor, Friedrich Domin-actor, Werner Finck-actor, Ivan Desny-actor, Ady Berber-actor, Margarete Haagen-actor, Walter Kiaulehn-actor, Willy Rösner-actor, Elinor von Wallerstein-actor, Albert Caraco-actor, André Haguet-actor"
Yabba-Dabba Dinosaurs,2020-02-03,"Comedy, Animation","HBO MAX, Prime Video",,TV Show,7+ (TV-PG),4.5/10,1,"Jessica DiCicco-actor, Ely Henry-actor, Eric Bauza-actor, Jeff Bergman-actor, Kevin Michael Richardson-actor, Tress MacNeille-actor, Grey DeLisle-actor, Mark Marek-actor, Marly Halpern-Graser-actor, Sam Register-actor, Alessandro Tabora-actor"
M*A*S*H,1972-09-17,"Drama, Comedy","Hulu, Prime Video",America,TV Show,7+ (TV-PG),8.4/10,11,"Alan Alda-actor, Mike Farrell-actor, Loretta Swit-actor, Jamie Farr-actor, Harry Morgan-actor, David Ogden Stiers-actor, William Christopher-actor, Gary Burghoff-actor, Larry Linville-actor, McLean Stevenson-actor, Wayne Rogers-actor, Allan Katz-actor, Dan Wilcox-actor, Dennis Koenig-actor, Don Reo-actor, Jim Mulligan-actor, John Rappaport-actor, Larry Gelbart-actor, Thad Mumford-actor, Burt Metcalfe-actor, Gene Reynolds-actor, Allan Katz-author, Bill Idelson-author, David Isaacs-author"
2019 BFGoodrich Tires Mint 400 powered by Monster Energy,2019-06-29,Sport,Prime Video ,,Movie,,,,
Unleashed,2020-10-22,"Comedy, Reality","TVision, Prime Video",,TV Show,,3.2/10,1,
Probable Cause,1994-11-20,"Drama, Action & Adventure","Free Services, Prime Video",,Movie,18+ (R),5.2/10,,"Paul Ziller-director, Kate Vernon-actor, James Downing-actor, David Neale-actor, David McNally-actor, Kirk Baltz-actor, Michael Ironside-actor"
The Graduates/Los Graduados,2013-10-28,Documentary,Prime Video ,,TV Show,,7.2/10,1,
Angela,2018-03-16,Drama,Prime Video ,,Movie,,,,
The Nine Lives of Tomas Katz,2000-03-01,"Fantasy, Comedy","Free Services, Prime Video",Germany,Movie,,6.8/10,,"Ben Hopkins-director, Tom Fisher-actor, Ian McNeice-actor, Tony Maudsley-actor, William Keen-actor, Andrew Melville-actor, Toby Jones-actor, Asif Kapadia-actor, Jamille Jinnah-actor, Kris Krishnamma-actor, Sophie Bevan-actor, Kiki Kendrick-actor, Trevor Thomas-actor, Amelia Curtis-actor, Tilly Blackwood-actor, David de Keyser-actor, John Ramm-actor, Janet Henfrey-actor, Boyd Clack-actor, Tara Savage-actor, Callum Savage-actor, Oliver Parkes-actor, Caroline Hewitt-actor, Hans W. Geißendörfer-actor"
Frankln and the Super Sleepover/Frankln and the Snoring Situation,2012-02-03,"Animation, Family",Kanopy,,Movie,,,,
The Steamroller and the Violin,1961-12-30,"Family, Drama",The Criterion Channel,Russia,Movie,7+ (PG),7.4/10,,"Andrei Tarkovsky-director, Igor Fomchenko-actor, Vladimir Zamanskiy-actor, Marina Adzhubei-actor, Yuri Brusser-actor, Vyacheslav Borisov-actor, Lyudmila Semyonova-actor, Tanya Prokhorova-actor, Natalya Arkhangelskaya-actor, Marina Figner-actor, Antonina Maksimova-actor, Aleksandr Ilin-actor, Andrei Konchalovsky-author, Andrei Tarkovsky-author"
Wish Upon,2017-07-07,"Fantasy, Horror","Free Services, Prime Video",Canada,Movie,13+ (PG-13),5/10,,"John R. Leonetti-director, Joey King-actor, Ryan Phillippe-actor, Ki Hong Lee-actor, Mitchell Slaggert-actor, Shannon Purser-actor, Sydney Park-actor, Elisabeth Röhm-actor, Josephine Langford-actor, Alexander Nunez-actor, Daniela Barbosa-actor, Kevin Hanchard-actor, Sherilyn Fenn-actor, Raegan Revord-actor, Alice Lee-actor, Victor Sutton-actor, Albert Chung-actor, Michelle Alexander-actor, Sean Jones-actor, Natalie Prinzen-Klages-actor, Jerry O'Connell-actor, Sherryl Clark-actor, Barbara Marshall-author"
Army of Shadows,1969-09-10,"Thriller, Drama",Prime Video ,France,Movie,,8.1/10,,"Jean-Pierre Melville-director, Lino Ventura-actor, Paul Meurisse-actor, Jean-Pierre Cassel-actor, Simone Signoret-actor, Claude Mann-actor, Paul Crauchet-actor, Christian Barbier-actor, Serge Reggiani-actor, Alain Dekok-actor, Alain Mottet-actor, Alain Libolt-actor, Jean-Marie Robain-actor, Albert Michel-actor, Denis Sadier-actor, Georges Sellier-actor, Marco Perrin-actor, Hubert de Lapparent-actor, Colin Mann-actor, Anthony Stuart-actor, Gérard-Antoine Huart-actor, Percival Russel-actor, Jacques Dorfmann-actor, Jean-Pierre Melville-author"
Er relajo der Loro,2012-06-15,Comedy,Free Services,Venezuela,Movie,,6.3/10,,"John Petrizzelli-director, Emilio Lovera-actor, Gonzalo Cubero-actor, Luis Gerónimo Abreu-actor, Alejo Felipe-actor"
Gair Kanooni,1989-03-17,"Drama, Comedy",Free Services,India,Movie,,4.3/10,,"Prayag Raj-director, Govinda-actor, Rajinikanth-actor, Kader Khan-actor, Sridevi-actor, Shashi Kapoor-actor, Kimi Katkar-actor, Aruna Irani-actor, Rohini Hattangadi-actor, Ranjeet-actor, Tej Sapru-actor, Satyendra Kapoor-actor, Viju Khote-actor, Shiva Rindani-actor, Ashalata Wabgaonkar-actor, Bhagwan Dada-actor, Pinchoo Kapoor-actor, Mukri-actor, Chetna M. Modi-actor, Kader Khan-author, K.K. Shukla-author, Prayag Raj-author, Pushpa Raj-author"
Shrek the Musical,2013-09-17,"Comedy, Fantasy","Netflix, Prime Video",America,Movie,13+ (PG-13),6.9/10,,"Michael John Warren-director, Brian d'Arcy James-actor, Sutton Foster-actor, Daniel Breaker-actor, Christopher Sieber-actor, John Tartaglia-actor, Haven Burton-actor, Jennifer Cody-actor, Bobby Daye-actor, Leah Greenhaus-actor, Jacob Ming-Trent-actor, Marissa O'Donnell-actor, Jennifer Simard-actor, Rachel Stern-actor, Ryan Duncan-actor, Caro Newling-actor, Chris Rouchard-actor, Jon Kamen-actor, Justin Wilkes-actor, Pippa Harris-actor, Sam Mendes-actor, David Lindsay-Abaire-author"
Billy Bathgate,1991-11-01,"Crime, Drama",Prime Video ,America,Movie,18+ (R),5.9/10,,"Robert Benton-director, Loren Dean-actor, Dustin Hoffman-actor, Nicole Kidman-actor, Bruce Willis-actor, Steve Buscemi-actor, Stanley Tucci-actor, Steven Hill-actor, Billy Jaye-actor, John Costelloe-actor, Timothy Jerome-actor, Mike Starr-actor, Robert F. Colesberry-actor, Stephen Joyce-actor, Frances Conroy-actor, Moira Kelly-actor, Kevin Corrigan-actor, Rob Kramer-actor, Xander Berkeley-actor, Katharine Houghton-actor, Jack Mulcahy-actor, Arlene Donovan-actor, Robert F. Colesberry-actor, E. L. Doctorow-author"
Shine,2017-10-25,Drama,"Free Services, Prime Video",United Kingdom,Movie,18+ (R),4.7/10,,"Anthony Nardolillo-director, Jadi Collado-actor, Musetta Vander-actor, Alysia Reiner-actor, David Zayas-actor, Artem Chigvintsev-actor, Gilbert Saldivar-actor, Kimberli Flores-actor, Natalie Peri-actor, Jorge Burgos-actor, Anthony Nardolillo-author, Corey Deshon-author"
Slumber Party Massacre II,1987-10-30,"Comedy, Horror","Free Services, Prime Video",America,Movie,18+ (R),4.6/10,,"Deborah Brock-director, Crystal Bernard-actor, Jennifer Rhodes-actor, Kimberly McArthur-actor, Patrick Lowe-actor, Juliette Cummins-actor, Heidi Kozak-actor, Cindy Eilbacher-actor, Atanas Ilitch-actor, Joel Hoffman-actor, Scott Westmoreland-actor, Michael Delano-actor, Hamilton Mitchell-actor, Don Daniel-actor, Deborah Brock-actor, Don Daniel-actor, Roger Corman-actor, Deborah Brock-author, Richard Cox-actor"
The Billionaire,2011-10-20,"Romance, Comedy",Prime Video ,Thailand,Movie,,7.7/10,,"Songyos Sugmakanan-director, Pachara Chirathivat-actor, Walanlak Kumsuwan-actor, Piak Poster-actor, Somboonsuk Niyomsiri-actor, Nawapol Thamrongrattanarit-author"
Homemade Astronauts,2021-05-13,"Documentary, Reality",Philo,,TV Show,14+ (TV-14),6.8/10,1,
Rebuilding Hope: The Children of 9/11,2021-09-07,"Drama, Documentary",Discovery+,,Movie,,8.3/10,,Ellen Goosenberg Kent-director
All I Can Say,2022-04-08,Documentary,Kanopy,,Movie,,7.7/10,,"Colleen Hennessy-director, Danny Clinch-director, Shannon Hoon-director, Taryn Gould-director, Shannon Hoon-actor, Glen Graham-actor, Christopher Thorn-actor, Brad Smith-actor, Rogers Stevens-actor"
The Assassin's Code,2018-05-11,"Drama, Thriller","Free Services, Prime Video",America,Movie,18+ (R),5/10,,"David A. Armstrong-director, Justin Chatwin-actor, Peter Stormare-actor, Mark Thompson-actor, Robin Thomas-actor, Yancy Butler-actor, Elizabeth Anweis-actor, Edward Lee Cornett-author, Valerie Grant-author"
Shoeshine,1946-04-27,"Romance, Drama","Free Services, Prime Video",Italy,Movie,,8/10,,"Vittorio De Sica-director, Franco Interlenghi-actor, Rinaldo Smordoni-actor, Annielo Mele-actor, Bruno Ortenzi-actor, Emilio Cigoli-actor, Paolo William Tamburella-actor, Adolfo Franci-author, Cesare Giulio Viola-author, Cesare Zavattini-author, Sergio Amidei-author, Alessandro Cicognini-actor"
Tickle Me,1965-06-30,"Romance, Comedy",Prime Video ,America,Movie,,5.8/10,,"Norman Taurog-director, Elvis Presley-actor, Julie Adams-actor, Jocelyn Lane-actor, Jack Mullaney-actor, Merry Anders-actor, Bill Williams-actor, Edward Faulkner-actor, Connie Gilchrist-actor, Barbara Werle-actor, John Dennis-actor, Grady Sutton-actor, Allison Hayes-actor, Ines Pedroza-actor, Lilyan Chauvin-actor, Angela Greene-actor, Richard Reeves-actor, Ben Schwalb-actor, Emanuel L. Wolf-actor, Edward Bernds-author, Elwood Ullman-author, Walter Scharf-actor"
Built by Hand,2019-07-23,Documentary,"Philo, Prime Video",,TV Show,,,1,
Women is Losers,2021-03-16,"History, Drama",HBO MAX,America,Movie,,5.5/10,,"Lissette Feliciano-director, Lorenza Izzo-actor, Bryan Craig-actor, Simu Liu-actor, Chrissie Fit-actor, Liza Weil-actor, Steven Bauer-actor, Alejandra Miranda-actor, Cranston Johnson-actor, Alessandra Torresani-actor, Lincoln Bonilla-actor, Shalim Ortiz-actor, Liisa Cohen-actor, Ivana De Maria-actor, Ben Geurens-actor, Malcolm Madera-actor, Angelo Alvarez-actor, Liam G. Walters-actor, Kathy Goodin-actor, Krystal Ellsworth-actor, David M Sandoval Jr.-actor, Sam Li-actor, Andrea Chung-actor, Alan Pao-actor"
Walk on the Wild Side,,Documentary,"Free Services, Prime Video",,Movie,,,,
Pussy Kills,2017-08-15,"Drama, Thriller","Free Services, Prime Video",America,Movie,,3.6/10,,"Gabriel Black-director, Lina Maya-actor, Izzy Martinez-actor, Mitch Lemos-actor, Kraig Million-actor, Dave Jia-actor, Ana Margarita Jones-actor, Anthony Correa-actor, Chiko Mendez-actor, Joel Rod-actor, Gabriel Black-author"
The Texas Chainsaw Massacre 2,1986-08-22,"Comedy, Horror","Free Services, Prime Video",America,Movie,18+ (R),5.5/10,,"Tobe Hooper-director, Caroline Williams-actor, Dennis Hopper-actor, Bill Johnson-actor, Jim Siedow-actor, Bill Moseley-actor, Lou Perryman-actor, Tobe Hooper-actor, Ken Evert -actor, Harlan Jordan-actor, Kirk Sisco-actor, James N. Harrell-actor, Kinky Friedman-actor, Barry Kinyon-actor, Chris Douridas-actor, Judy Kelly-actor, John Martin Ivey-actor, Wirt Cain-actor, Dan Jenkins-actor, Menahem Golan-actor, Yoram Globus-actor, Henry W. Holmes Jr.-actor, James Jorgensen-actor, L.M. Kit Carson-author"
Anbessa,2019-02-11,"Drama, Documentary",Prime Video ,Ethiopia,Movie,,6.5/10,,"Mo Scarpelli-director, Asalif Tewold-actor, Caitlin Mae Burke-actor, Mo Scarpelli-actor, Danielle Perissi-actor, Gelila Bekele-actor, Mo Scarpelli-author"
Hospitality,2018-12-07,"Mystery, Thriller","Free Services, Prime Video",America,Movie,,4.9/10,,"David Guglielmo-director, Nick Chakwin-director, Emmanuelle Chriqui-actor, Sam Trammell-actor, JR Bourne-actor, Jim Beaver-actor, Conner McVicker-actor, Howard Barish-actor, David Guglielmo-author, Nick Chakwin-author"
The State of Eugenics,,Documentary,Kanopy,,Movie,,8/10,,"Dawn Sinclair Shapiro-director, Kevin Begos-actor, Irene Clark-actor, Brenda Feigen-actor"
Foundations of Western Civilization II: A History of the Modern Western World,2006-01-01,"Documentary, History",Prime Video ,,TV Show,,,1,
Rent Control,2003-10-22,"Romance, Comedy","Free Services, Prime Video",America,Movie,7+ (PG),3.8/10,,"David Eric Brenner-director, Melissa Joan Hart-actor, Ryan Browning-actor, Carmen Electra-actor, Lynne Marie Stewart-actor, Don Novello-actor, Joseph D. Reitman-actor, Joel Michaely-actor, Beege Barkette-actor, Andrew Kavovit-actor, Alan Dale-actor, Tony Devon-actor, Nicole Marie Lenz-actor, Richard Livingston-actor, Ron Perkins-actor, Shirley Prestia-actor, Earl Schuman-actor, Zuhair Haddad-actor, Jamielyn Lippman-actor, Allison Graham-actor, Holly Wiersma-actor, Joseph P. Genier-actor, Mike Elliott-actor, Ali Forman-actor"
Dear Lemon Lima,2009-10-23,"Comedy, Drama",Prime Video ,,Movie,13+ (PG-13),6.3/10,,"Suzi Yoonessi-director, Savanah Wiltfong-actor, Shayne Topp-actor, Eleanor Hutchins-actor, Kari Nissena-actor, Beth Grant-actor, Elaine Hendrix-actor, Meaghan Jette Martin-actor, Vanessa Marano-actor, Melissa Leo-actor, Emma Dumont-actor, Zane Huett-actor, Maia Lee-actor, Jada Morrison-actor, Taylor Finlon-actor, Chase Wright Vanek-actor, Dusty Sager-actor, Suzi Yoonessi-author"
Harland Williams: A Force of Nature,2011-04-01,"Stand-up & Talk, Comedy","Free Services, Prime Video",America,Movie,,5.5/10,,"Harland Williams-actor, Jay Chapman-actor, Tom Stern-actor"
Questlove's Potluck,2020-05-28,,Discovery+,,Movie,,,,
All My Girls,1980-04-24,Drama,Kanopy,Germany,Movie,,6.8/10,,"Iris Gusner-director, Andrzej Pieczyński-actor, Lissy Tempelhof-actor, Monica Bielenstein-actor, Madeleine Lierck-actor, Barbara Schnitzler-actor, Viola Schweizer-actor, Eveline Splitt-actor, Jaecki Schwarz-actor, Carmen-Maja Antoni-actor, Fritz Marquardt-actor, Heide Kipp-actor, Klaus Piontek-actor, Wolfgang Dehler-actor, Gertraud Kreissig-actor, Roland Kuchenbuch-actor, Dirk Jungnickel-actor, Gabriele Kotte-author, Günter Haubold-author, Iris Gusner-author"
Raven,2022-01-18,"Drama, Romance","Free Services, Prime Video",America,Movie,,2.7/10,,"Natasha 'Breezy' Malone-director, Tamieka Chavis-actor, Jarod Lindsey-actor, Edmond Cofie-actor, Kristin Lauria-actor, Sierra Wright-actor, Alesha Moore-actor, Mike Provenzano-actor"
McMafia,2018-01-01,"Drama, Crime","AMC Premiere, Prime Video",United Kingdom,TV Show,14+ (TV-14),7.6/10,1,"James Norton-actor, Merab Ninidze-actor, Juliet Rylance-actor, Faye Marsay-actor, Oshri Cohen-actor, Hoji Fortuna-actor, Misha Glenny-author, Hossein Amini-actor, James Watkins-actor"
Dirty Beautiful,2015-02-28,"Drama, Romance","Free Services, Prime Video",,Movie,,5.4/10,,"Tim Bartell-director, Ricky Mabe-actor, Jordan Monaghan-actor, Conor Leslie-actor, Darin Heames-actor, Zoe Chao-actor, Stu James-actor, Tim Bartell-author"
Tiger Cage II,1990-08-11,"Action & Adventure, Comedy",Prime Video ,Hong Kong,Movie,16+,6.9/10,,"Yuen Woo-ping-director, Donnie Yen-actor, David Wu Dai-Wai-actor, Robin Shou-actor, Rosamund Kwan-actor, Carol Cheng-actor, Cynthia Yang Li Ching-actor, Leung Lam Ling-actor, Lo Lieh-actor, Michael F. Woods-actor, John Paul Salvitti-actor, Dickson Lee-actor, Garry Chow Ging-Yeung-actor, Anita Lee-actor, Cha Chuen-Yee-actor, Mandy Chan Chi-Man-actor, Lee Yiu-Ging-actor, Fong Chi-Ho-author, Kim Yip Kwong-Kim-author, Patrick Yuen Yeuk-Gwong-author"
Shaolin Deadly Kicks,1982-10-22,"Action & Adventure, Drama","Free Services, Prime Video",Hong Kong,Movie,,5.3/10,,"Wu Ma-director, Dorian Tan Tao-Liang-actor, Lo Lieh-actor, Wang Hsieh-actor, Doris Lung Chun-Erh-actor, Lo Dik-actor, Ou-Yang Sha-Fei-actor, Kim Sa-Ok-actor, Chin Kang-actor"
The Men Haters Club,1910-08-26,Comedy,Prime Video ,America,Movie,,5.9/10,,"Florence Turner-actor, Edith Storey-actor, Rose Tapley-actor, Leo Delaney-actor"
Legado del mar,2017-06-15,Documentary,Free Services,,Movie,,,,
Dear Rodeo - The Cody Johnson Story,2021-08-10,Documentary,"Free Services, Prime Video",America,Movie,,8.2/10,,"Cody Johnson-actor, Reba McEntire-actor, Taya Kyle-actor"
The Big Meeting,2019-09-06,Documentary,Prime Video ,United Kingdom,Movie,,7.6/10,,"Daniel Draper-director, Jeremy Corbyn-actor, Dennis Skinner-actor, D.B.C. Pierre-actor, Paul Mason-actor, Ian Lavery-actor, Richard Burgon-actor, Angela Rayner-actor, Billy Bragg-actor, John Irvin-actor, Charlotte Austin-actor, Heather Wood-actor, Laura Daly-actor, Lynn Gibson-actor, Stephen Guy-actor, Heather Ward-actor, Robert Colls-actor, Selina Todd-actor, Ross Forbes-actor, George Robson-actor, Robert McManners-actor, Emma Shankland-actor, Christie Allanson-actor, Daniel Draper-actor"
West Michigan,2021-04-13,"Comedy, Drama","Free Services, Prime Video",America,Movie,,4.8/10,,"Riley Warmoth-director, Chloe Ray Warmoth-actor, Riley Warmoth-actor, Seth Lee-actor, Berkley Bragg-actor, Sydney Agudong-actor, Riley Warmoth-author"
Boi,2019-03-29,"Mystery, Thriller",Netflix,China,Movie,18+ (R),5/10,,"Jorge M. Fontana-director, Bernat Quintana-actor, Adrian Pang-actor, Andrew Lua-actor, Miranda Gas-actor, Anatoly Chugunov-actor, Fina Rius-actor, Man Mourentan-actor, José Sacristán-actor, Pol López-actor, Berta Pipó-actor, Mar del Hoyo-actor, Pau Vinyals-actor, Anna Alarcón-actor, Macarena Gómez-actor, David Sust-actor, Rachel Lascar-actor, Alvaro Portanet Hernández-actor, Amadeo Hernández Bueno-actor, Pedro Hernández Santos-actor, Jorge M. Fontana-author"
Fear X,2003-01-13,"Mystery, Thriller","Free Services, Prime Video",Brazil,Movie,13+ (PG-13),6/10,,"Nicolas Winding Refn-director, John Turturro-actor, Deborah Kara Unger-actor, Stephen Eric McIntyre-actor, William Allen Young-actor, Gene Davis-actor, Mark Houghton-actor, Jacqueline Ramel-actor, James Remar-actor, Nadia Litz-actor, Amanda Ooms-actor, Liv Corfixen-actor, Frank Adamson-actor, Susan Kelso-actor, Sharon Bajer-actor, Nicholas Turturro-actor, Henrik Danstrup-actor, Hubert Selby Jr.-author, Nicolas Winding Refn-author, Brian Eno-actor, Dean Landon-actor, J. Peter Schwalm-actor"
Son of Cain,2013-05-31,Thriller,Prime Video ,Spain,Movie,,6.1/10,,"Jesús Monllaó Plana-director, Jack Taylor-actor, José Coronado-actor, María Molins-actor, Julio Manrique-actor, David Solans-actor, Helena De la Torre-actor, David Victori-author, Sergio Barrejón-author"
Horsehead,2014-09-07,"Fantasy, Horror","Free Services, Prime Video",France,Movie,,4.8/10,,"Romain Basset-director, Lilly-Fleur Pointeaux-actor, Catriona MacColl-actor, Fu'ad Aït Aattou-actor, Shane Woodward-actor, Gala Besson-actor, Murray Head-actor, Vernon Dobtcheff-actor, Philippe Nahon-actor, Joe Sheridan-actor, Emmanuel Bonami-actor, Karim Chériguène-author, Romain Basset-author"
Sorceress,1987-09-23,"History, Drama","Kanopy, Prime Video",France,Movie,,6.4/10,,"Pamela Berger-director, Suzanne Schiffman-director, Christine Boisson-actor, Tchéky Karyo-actor, Féodor Atkine-actor, Raoul Billerey-actor, Jean Carmet-actor, Catherine Frot-actor, Maria de Medeiros-actor, Gilette Barbier-actor, Nicole Félix-actor, Jean Dasté-actor, Mathieu Schiffman-actor, Michel Karyo-actor, Joëlle Bernier-actor"
Moonshiners: American Spirit,2022-04-13,"Reality, Documentary","Philo, Prime Video",,TV Show,,8.2/10,1,
Two Conjectures About Marriage,2022-02-21,"Romance, Drama",Prime Video ,,TV Show,,,1,
Deliver Us from Evil,2006-06-24,"Crime, Documentary","Free Services, Prime Video",America,Movie,18+ (R),7.9/10,,"Amy J. Berg-director, Oliver O'Grady-actor, Thomas P. Doyle-actor, Pope Benedict XVI-actor, Adam-actor, Monsignor Cain-actor, Jane Degroot-actor, Ann Marie Jyono-actor, Amy J. Berg-actor, Frank Donner-actor, Amy J. Berg-author"
A Mirthworm Masquerade,1986-09-02,"Animation, Family",Free Services,,Movie,,8.6/10,,
"Wenn du wüsstest, wie schön es hier ist",2015-03-19,"Drama, Crime","Free Services, Prime Video",Austria,Movie,,7.1/10,,"Andreas Prochaska-director, Gerhard Liebmann-actor, Simon Hatzl-actor, Ines Honsel-actor, Manuel Sefciuc-actor, Fritz Egger-actor, Susanne Kubelka-actor, Arthur Klemt-actor, Robert Putzinger-actor, Branko Samarovski-actor, Magdalena Kropiunig-actor, Michael Glantschnig-actor, Dominik Warta-actor, Heinrich Baumgartner-actor, Julia Herzog-actor, Philine Schmölzer-actor, Jana Thomaschütz-actor, Klaus Graf-actor, Stefan Hafner-author, Thomas Weingartner-author"
Snow White's New Adventure,2016-09-29,"Animation, Family",Prime Video ,,Movie,7+ (PG),5.5/10,,"Ben Zhao-director, Felicia Zoberman-actor, Riley Jackson-actor"
Diggerz: Black Lung Rises,2019-01-10,"Drama, Fantasy","Free Services, Prime Video",,Movie,,3.8/10,,"David B. Craig-director, Kirk Loudon-director, Lauren Leal-actor, Steven Roth-actor, Damon Pampolina-actor, Alex Niva-actor, Johanna Winkel-actor, Erin Presley-Froemke-actor, David B. Craig-author, Kirk Loudon-author"
The Whisper of Ziggurat: Untold Secrets of Elamite Civilization,2020-10-26,"Documentary, Animation","Free Services, Prime Video",,Movie,13+ (PG-13),,,"Ryan Rad-director, Ghazal Majidi-actor, Ghazal Majidi-author, Ryan Rad-author"
Murdered by Morning,2020-01-19,"Drama, Mystery","Free Services, Prime Video",,TV Show,,6.9/10,2,
Parts of the Same Circle,2012-10-20,"Drama, Family","Free Services, Prime Video",,Movie,,4.7/10,,
The Honeymooners,1977-11-28,Comedy,"Free Services, Prime Video",,Movie,,8.1/10,,
Insidious,2008-05-01,"Drama, Mystery",Prime Video ,,Movie,,6/10,,"Jerry Schram-director, Peter Claymore-actor, Brenda Cooney-actor, Megan Corry-actor"
Blunt News,2021-09-09,Comedy,Prime Video ,,Movie,,,,
Andrea,,Drama,Prime Video ,,Movie,,,,
Murder on Flight 502,1975-11-21,"Drama, Mystery",Prime Video ,America,Movie,7+ (PG),5.3/10,,"George McCowan-director, Ralph Bellamy-actor, Polly Bergen-actor, Theodore Bikel-actor, Sonny Bono-actor, Dane Clark-actor, Laraine Day-actor, Fernando Lamas-actor, George Maharis-actor, Farrah Fawcett-actor, Hugh O'Brian-actor, Molly Picon-actor, Walter Pidgeon-actor, Robert Stack-actor, Brooke Adams-actor, Danny Bonaduce-actor, Vincent Baggetta-actor, Rosemarie Stack-actor, Elizabeth Stack-actor, Steve Franken-actor, Philip Sterling-actor, Pepper Martin-actor, David Chasman-actor, J. Bret Garwood-actor"
Ghost in the Shell: Stand Alone Complex - The Laughing Man,2005-09-23,"Crime, Science-Fiction","Free Services, Prime Video",Japan,Movie,7+ (PG),8.2/10,,"Kenji Kamiyama-director, Atsuko Tanaka-actor, Osamu Saka-actor, Yutaka Nakano-actor, Kouichi Yamadera-actor, Toru Okawa-actor, Taro Yamaguchi-actor, Sakiko Tamagawa-actor, Ross Douglas-actor, Takashi Onozuka-actor, Akio Otsuka-actor, Ai Orikasa-actor, Jouji Nakata-actor, Ken Narita-actor, Maaya Sakamoto-actor, Minami Takayama-actor, Miyu Irino-actor, Dai Sato-author, Junichi Fujisaku-author, Yoshiki Sakurai-author, Yoko Kanno-actor"
Township ER,,,Prime Video ,,Movie,,,,
The Secret World of Arrietty,2010-07-16,"Animation, Fantasy","HBO MAX, Prime Video",Japan,Movie,All (G),7.6/10,,"Hiromasa Yonebayashi-director, Mirai Shida-actor, Ryunosuke Kamiki-actor, Tomokazu Miura-actor, Keiko Takeshita-actor, Kirin Kiki-actor, Shinobu Ōtake-actor, Tatsuya Fujiwara-actor, Toshio Suzuki-actor, Hayao Miyazaki-actor, Hayao Miyazaki-author, Keiko Niwa-author, Mary Norton-author"
While The Rest Of Us Die,2020-11-17,Documentary,"Free Services, Prime Video",,TV Show,,7.7/10,2,
From Justin to Kelly,2003-06-20,"Romance, Musical",Prime Video ,America,Movie,7+ (PG),1.9/10,,"Robert Iscove-director, Kelly Clarkson-actor, Justin Guarini-actor, Brandon Henschel-actor, Greg Siff-actor, Brian Dietzen-actor, Jason Yribar-actor, Justin Gorence-actor, Christopher Bryan-actor, Yamil Piedra-actor, Katherine Bailess-actor, Anika Noni Rose-actor, Theresa San-Nicholas-actor, Kaitlin Riley-actor, Renee Robertson-actor, Marc Macaulay-actor, Toi Svane Stepp-actor, Louis Smith 'Tre Luv'-actor, Michael Yo-actor, Sherman Roberts-actor, Jessica Sutta-actor, Camila Quaresma-actor, John Steven Agoglia-actor, Robert Engelman-actor"
The Help,2011-08-09,"Action & Adventure, Drama","HBO MAX, Prime Video",America,Movie,13+ (PG-13),8.1/10,,"Tate Taylor-director, Emma Stone-actor, Viola Davis-actor, Octavia Spencer-actor, Bryce Dallas Howard-actor, Jessica Chastain-actor, Anna Camp-actor, Ahna O'Reilly-actor, Allison Janney-actor, Mary Steenburgen-actor, Mike Vogel-actor, Sissy Spacek-actor, Chris Lowell-actor, Cicely Tyson-actor, Aunjanue Ellis-actor, David Oyelowo-actor, Dana Ivey-actor, LaChanze-actor, Brian Kerwin-actor, Wes Chatham-actor, Ted Welch-actor, Shane McRae-actor, Brunson Green-actor, Chris Columbus-actor"
Ground Control to Psychoelectric Girl,2011-04-15,"Animation, Anime","Free Services, Prime Video",,TV Show,All (TV-G),6.6/10,1,"Ai Nonaka-actor, Oogame Asuka-actor, Yuka Iguchi-actor, Emiri Kato-actor, Miyu Irino-actor, Mai Fuchigami-actor, Jun'ichirou Tanaka-actor, Yuniko Ayana-author, Akiyuki Simbo-actor"
Arvin Mitchell: Circus Purpose,,,"Free Services, Prime Video",,Movie,,,,
Pornstar Pandemic,2020-07-28,Documentary,Free Services,America,Movie,,3.5/10,,"Edward James-director, DeAngelo Jackson-actor, Pierce Paris-actor, Dante Colle-actor, Jack Loft-actor, Elijah Wilde-actor, Alex Lecomte-actor, Edward James-actor, Edward James-actor"
One Breath: The Story of William Trubridge,2012-06-14,,Prime Video ,America,Movie,,7.8/10,,"Nicolas Rossier-director, Nicolas Rossier-actor"
Dinosaur,2000-05-19,"Animation, Action & Adventure","Disney+, Prime Video",America,Movie,7+ (PG),6.4/10,,"Eric Leighton-director, Ralph Zondag-director, D. B. Sweeney-actor, Alfre Woodard-actor, Ossie Davis-actor, Max Casella-actor, Hayden Panettiere-actor, Samuel E. Wright-actor, Julianna Margulies-actor, Peter Siragusa-actor, Joan Plowright-actor, Della Reese-actor, Baker Bloodworth-actor, Pam Marsden-actor, John Harrison-author, James Newton Howard-actor"
Meeting Michael,2020-12-01,Documentary,"Free Services, Prime Video",,Movie,,5.9/10,,
Ludovic: Magic in the Air,2003-09-24,"Animation, Family",Prime Video ,,Movie,,6.8/10,,Co Hoedeman-director
Izzy Gets the F*ck Across Town,2018-06-22,"Musical, Comedy","Free Services, Prime Video",America,Movie,,5.5/10,,"Christian Papierniak-director, Mackenzie Davis-actor, Carrie Coon-actor, Alex Russell-actor, Alia Shawkat-actor, Haley Joel Osment-actor, Annie Potts-actor, Brandon T. Jackson-actor, Lakeith Stanfield-actor, Rob Huebel-actor, Sarah Goldberg-actor, Kyle Kinane-actor, Luka Jones-actor, Meghan Lennox-actor, Sheldon Bailey-actor, Lauren Miller-actor, Melinda McGraw-actor, Ryan Simpkins-actor, Dolly Wells-actor, Salme Geransar-actor, Michelle Haro-actor, Suzanne LaChasse-actor, Christian Papierniak-actor, Mackenzie Davis-actor"
The Princess Castle,1996-01-01,"Family, Animation","Free Services, Prime Video",America,Movie,,7.3/10,,"Diane Eskenazi-director, Becky Mancuso-Winding-actor, Loris Kramer Lunsford-actor, Libby Hinson-author"
Awkward.,2011-07-19,"Drama, Comedy","Free Services, Prime Video",America,TV Show,14+ (TV-14),7.5/10,5,"Ashley Rickards-actor, Beau Mirchoff-actor, Nikki DeLoach-actor, Jillian Rose Reed-actor, Brett Davern-actor, Molly Tarlov-actor, Desi Lydic-actor, Greer Grammer-actor, Jessica Lu-actor, Lauren Iungerich-actor"
Traffik,2018-04-20,"Drama, Thriller","Free Services, Prime Video",America,Movie,18+ (R),5.9/10,,"Deon Taylor-director, Paula Patton-actor, Omar Epps-actor, Missi Pyle-actor, Laz Alonso-actor, Luke Goss-actor, William Fichtner-actor, Dawn Olivieri-actor, Priscilla Quintana-actor, Lorin McCraley-actor, Roselyn Sánchez-actor, Lisa Hitchcock Kallstrom-actor, Stacey Arwen Raab-actor, Scott Anthony Leet-actor, William W. Barbour-actor, Claude Duhamel-actor, Adrian Bustamante-actor, Ramsey Hanchette-actor, Dick Ziker-actor, John Lobato-actor, Deon Taylor-author"
Unlucky,2014-08-08,Mystery,Prime Video ,,Movie,,,,
The Line,2013-05-22,"Drama, Thriller","Hoopla, Prime Video",South Korea,Movie,,,,"Soo-Jin Kim-director, Kyu-young Choi-actor, Myung-ha Lee-actor, Soo-Jin Kim-author"
Ali Baba and the 7 Dwarfs,2015-11-12,"Action & Adventure, Comedy","Netflix, Prime Video",Turkey,Movie,13+ (PG-13),5.6/10,,"Cem Yılmaz-director, Cem Yılmaz-actor, Çetin Altay-actor, Irina Ivkina-actor, Zafer Algöz-actor, Can Yılmaz-actor, Yosi Mizrahi-actor, Bahtiyar Engin-actor, Yavor Baharov-actor, Duygu Bal-actor, Cem Yılmaz-actor, Muzaffer Yıldırım-actor, Öner Işık-actor, Cem Yılmaz-author"
I Survived a Serial Killer,2021-08-18,"Documentary, Crime","Philo, Prime Video",,TV Show,,,1,
Tuck Everlasting,2002-10-11,"Fantasy, Drama","Disney+, Prime Video",America,Movie,7+ (PG),6.6/10,,"Jay Russell-director, Alexis Bledel-actor, William Hurt-actor, Sissy Spacek-actor, Jonathan Jackson-actor, Scott Bairstow-actor, Ben Kingsley-actor, Amy Irving-actor, Victor Garber-actor, Kosha Engler-actor, Richard Pilcher-actor, Bradley Coryell-actor, John Badila-actor, Julia Hart-actor, Naomi Kline-actor, Kathryn Kelley-actor, Brigid Cleary-actor, Sean Pratt-actor, Jean Schertler-actor, Dominic Angelella-actor, Theresa Flynn-actor, Jane Startz-actor, Marc Abraham-actor, Armyan Bernstein-actor"
Come on Eileen,2010-10-06,"Comedy, Drama",Prime Video ,United Kingdom,Movie,,6.5/10,,"Finola Geraghty-director, Jackie Howe-actor, Felix Malcolm Still-actor, Mercedes Grower-actor, Noel Fielding-actor, Julia Davis-actor, Freddie Jones-actor, Keith Allen-actor, Stephen Taylor-actor, Matt Cross-actor, Peter Barrett-actor, Melanie Hudson-actor, Pat Tookey-Dickson-actor, Jacob Read-actor, Jane Kemlo-actor, John Milroy-actor, Christian Dunne-actor, Amber Geraghty-actor, Louis Crump-actor, Leon Davis-actor, Shannon Murray-actor, Finola Geraghty-author"
Surviving Skokie,2015-11-08,Documentary,Free Services,America,Movie,,7.9/10,,"Blair Gershkow-director, Eli Adler-director, Eli Adler-actor, Jack Adler-actor, Blair Gershkow-actor, Eli Adler-actor, Blair Gershkow-author"
LenaLove,2016-09-22,"Romance, Thriller","Free Services, Prime Video",Germany,Movie,,5.7/10,,"Florian Gaag-director, Emilia Schüle-actor, Jannik Schümann-actor, Sina Tkotsch-actor, Kyra Sophia Kahre-actor, Anna Bederke-actor, Felix Knopp-actor, Sandra Borgmann-actor, Georg Böhm-actor, Andrea Wenzl-actor, Dagmar Leesch-actor, Thomas Niehaus-actor, Veit Stübner-actor, Jean-Luc Bubert-actor, Moritz Leu-actor, Chatri Brüning-actor, Jacob Matschenz-actor, Florian Gaag-author, Richard Ruzicka-actor"
Blitzkrieg,2002-06-01,"Drama, Documentary","Free Services, Prime Video",,Movie,,7.6/10,,
Rogue Trip,2020-07-24,"Action & Adventure, Documentary",Disney+,,TV Show,7+ (TV-PG),7/10,1,"Bob Woodruff-actor, Mack Woodruff-actor"
Out on Stage,2018-07-24,Comedy,"Prime Video, Prime Video",,Movie,,7.1/10,,"Samuel Brownfield-director, Gloria Bigelow-actor, Janine Brito-actor, Christopher Smith Bryant-actor, A.B. Cassidy-actor, Anthony Desamito-actor, Joe Dosch-actor, Jared Goldstein-actor, Eric Hahn-actor, Casey Ley-actor, Rudy Valentino-actor, Jordan Pease-actor, Raneir Pollard-actor, Jonathan Rowell-actor, Brendan Scannell-actor, Kyle Shire-actor, Zach Noe Towers-actor, Irene Tu-actor, Daniel Webb-actor"
The Danger Element,2017-08-01,"Action & Adventure, Science-Fiction",Free Services,,Movie,16+,4.7/10,,"John Soares-director, Doug Jones-actor, Cassie Meder-actor, John Soares-actor"
Romance on the Range,1942-05-18,Comedy,"Free Services, Prime Video",America,Movie,,6.2/10,,"Joseph Kane-director, Roy Rogers-actor, George 'Gabby' Hayes-actor, Sally Payne-actor, Linda Hayes-actor, Edward Pawley-actor, Harry Woods-actor, Hal Taliaferro-actor, Glenn Strange-actor, Roy Barcroft-actor, Richard Alexander-actor, Pat Brady-actor, Frank Brownlee-actor, Chester Conklin-actor, Spade Cooley-actor, Jim Corey-actor, Hugh Farr-actor, Karl Farr-actor, Chick Hannan-actor, Selmer Jackson-actor, Jack Kirk-actor, Art Mix-actor, J. Benton Cheney-author"
Roads of Ithriyah,2022-01-10,"Drama, Action & Adventure","Free Services, Prime Video",,Movie,,8.6/10,,
The Last Fiction,2019-11-27,"Action & Adventure, Drama","Free Services, Prime Video",Iran,Movie,,6.9/10,,"Ashkan Rahgozar-director, Leila Hatami-actor, Parviz Parastouei-actor, Hamed Behdad-actor, Ashkan Khatibi-actor, Akbar Zanjanpour-actor, Baran Kosari-actor, Banipal Shoomoon-actor, Farrokh Nemati-actor, Hassan Pourshirazi-actor, Shaghayegh Farahani-actor, Melika Sharifinia-actor, Zoheir Yari-actor, Majid Mozaffari-actor, Bita Farrahi-actor, Ehsan Rasoulof-actor, Alireza-Ehsan Rahgozar-actor, Arman Rahgozar-actor, Ashkan Rahgozar-author, Christophe Rezai-actor"
Lewis Hamilton: The Winning Formula,2021-08-24,"Documentary, Sport","Free Services, Prime Video",United Kingdom,Movie,,3.3/10,,"Piers Garland-director, Lewis Hamilton-actor, Jenson Button-actor, Piers Garland-actor"
Lock Up: The Prisoners of Rikers Island,1994-01-01,"Crime, Documentary",HBO MAX,America,Movie,18+ (R),7.7/10,,"Jon Alpert-director, Nina Rosenblum-director, Jon Alpert-actor, Nina Rosenblum-actor, Sheila Nevins-actor"
My Big Fat Greek Wedding,2002-02-22,"Romance, Comedy","HBO MAX, Prime Video",Canada,Movie,7+ (PG),6.6/10,,"Joel Zwick-director, Nia Vardalos-actor, John Corbett-actor, Lainie Kazan-actor, Michael Constantine-actor, Andrea Martin-actor, Joey Fatone-actor, Louis Mandylor-actor, Gia Carides-actor, Christina Eleusiniotis-actor, Marita Zouravlioff-actor, Gerry Mendicino-actor, Bess Meisler-actor, Jayne Eastwood-actor, Fiona Reid-actor, Bruce Gray-actor, Frank Falcone-actor, Stavroula Logothettis-actor, Ian Gomez-actor, Gary Goetzman-actor, Rita Wilson-actor, Tom Hanks-actor, Norm Waitt-actor, Paul Brooks-actor"
Marlina the Murderer in Four Acts,2017-05-15,"Mystery, Thriller","The Criterion Channel, Prime Video",Indonesia,Movie,,6.9/10,,"Mouly Surya-director, Egy Fedly-actor, Marsha Timothy-actor, Tumpal Tampubolon-actor, Yoga Pratama-actor, Haydar Salishz-actor, Yayu A.W. Unru-actor, Norman R Akyuwen-actor, Ruly Lubis-actor, Satrya Ghozali-actor, Dea Panendra-actor, Ayez Kassar-actor, Dicky Dewasanto-actor, Leriardi Dami-actor, Rizky Rahardianto-actor, Benedikus Bara-actor, Nelson-actor, Nandito-actor, Rita Matumona-actor, Anggun Priambodo-actor, Safira Ahmad-actor, Aryanto Bitu-actor, Fauzan Zidni-actor, Rama Adi-actor"
There's Something in The Pilliga,2015-01-10,"Fantasy, Comedy","Free Services, Prime Video",Australia,Movie,,3.5/10,,"Dane Millerd-director, Brendan Byrne-actor, Rebecca Callander-actor, Leoni Leaver-actor, Craig Hawley-actor, Fay Beck-actor, Dane Millerd-author"
Archon Defender,2009-10-07,"Animation, Fantasy","Free Services, Prime Video",,Movie,,6.9/10,,"David T. Krupicz-director, Astrida Auza-actor, Robert Nolan-actor, Katie Uhlmann-actor, Amanda Jane Smith-actor, Dan Wooster-actor, Morgan Muscat-actor, Michael Mercy-actor, Daniel Wyse-actor, Chris Kerba-actor, David T. Krupicz-actor, Geoff Mays-actor, Peter Church-actor, Morgan Muscat-actor, David T. Krupicz-author"
TxT,2006-01-01,"Drama, Horror",Prime Video ,Philippines,Movie,,5/10,,"Michael Tuviera-director, Angel Locsin-actor, Dennis Trillo-actor, Oyo Boy Sotto-actor, Julia Clarete-actor, Dante Rivero-actor, Eugene Domingo-actor, Bing Loyzaga-actor, Perla Bautista-actor, Allan K.-actor, Malou Crisologo-actor, Paul Daza-author"
Dead Silent,1999-01-01,"Mystery, Thriller",Prime Video ,,Movie,,4.7/10,,"Roger Cardinal-director, Rob Lowe-actor, Catherine Mary Stewart-actor, Arlen Aguayo-Stewart-actor, Larry Day-actor, Sean Devine-actor, Allen Altman-actor, Mark Camacho-actor, Ed Fitzgerald-author, Paul Koval-author"
A Deadly Obsession,2012-10-18,"Sport, Action & Adventure","Free Services, Prime Video",America,Movie,,4.3/10,,"John Stimpson-director, Katee Sackhoff-actor, Bart Johnson-actor, Robyn Lively-actor, Grant Harvey-actor, Rachel Delante-actor, Bates Wilder-actor, John Shea-actor, Michael Cognata-actor, Andria Blackman-actor, Erin Cole-actor, Lynne Adams-actor, Mark DeAngelis-actor, Mark Donadio-actor, Miriam Marcus-actor, Fernando Szew-actor, Mark DeAngelis-actor, Adam Scott Weissman-author, Ed Grenga-actor"
The Final Prophecies,2010-04-01,"History, Documentary",Prime Video ,Israel,Movie,,7.1/10,,"Brent Miller Jr.-director, Kd Bowe-actor, Ronnie Cohen-actor, Allen Farmer-actor, Mike Flanders-actor, Arnold Fruchtenbaum-actor, Jay McCarl-actor, Brian McDaniel-actor, Nick Traveri-actor, Brent Miller Jr.-author"
Antrum,2018-10-14,Horror,"Free Services, Prime Video",Canada,Movie,,4.9/10,,"David Amito-director, Michael Laicini-director, Nicole Tompkins-actor, Rowan Smyth-actor, Dan Istrate-actor, Circus-Szalewski-actor, Kristen Elling-actor, Shu Sakimoto-actor, David Bond-actor, Eric Thirteen-actor, David Amito-author"
For Life or Death,1996-01-23,Action & Adventure,Free Services,,Movie,,5/10,,"Michael Lee Baron-director, Steven Kaman-director, James Lew-actor, Richard Norton-actor, Mark Pellegrino-actor, Kato Kaelin-actor, Karen Sheperd-actor, Nancy Kwan-actor"
Ernest's Greatest Hits Volume 2,1992-01-01,"Comedy, Family",Free Services,,Movie,,6.3/10,,Jim Varney-actor
Drums Along the Mohawk,1939-11-10,,Prime Video ,America,Movie,,7/10,,"John Ford-director, Claudette Colbert-actor, Henry Fonda-actor, Edna May Oliver-actor, Eddie Collins-actor, John Carradine-actor, Dorris Bowdon-actor, Jessie Ralph-actor, Arthur Shields-actor, Robert Lowery-actor, Roger Imhof-actor, Francis Ford-actor, Ward Bond-actor, Kay Linaker-actor, Russell Simpson-actor, Spencer Charters-actor, Si Jenks-actor, Jack Pennick-actor, Arthur Aylesworth-actor, Chief John Big Tree-actor, Charles Tannen-actor, Paul McVey-actor, Darryl F. Zanuck-actor, Lamar Trotti-author"
The Program,1993-09-24,"Action & Adventure, Drama","Hulu, Prime Video",America,Movie,18+ (R),6.4/10,,"David S. Ward-director, James Caan-actor, Halle Berry-actor, Omar Epps-actor, Craig Sheffer-actor, Kristy Swanson-actor, Abraham Benrubi-actor, Duane Davis-actor, Jon Pennell-actor, Andrew Bryniarski-actor, Michael Flippo-actor, Ernest Dixon-actor, Joey Lauren Adams-actor, Leon Pridgen-actor, Samuel Goldwyn Jr.-actor, Duncan Henderson-actor, Tom Rothman-actor, Aaron Latham-author, David S. Ward-author, Michel Colombier-actor"
The Orbs,2013-05-31,"Fantasy, Horror",Free Services,,Movie,18+ (R),5.2/10,,"Jesse H. Knight-director, Christy Johnson-actor, Patrick G. Keenan-actor, David Joy-actor, Jesse H. Knight-author"
I Need You Dead!,2020-03-13,"Comedy, Horror","Free Services, Prime Video",,Movie,,7.3/10,,"Rocko Zevenbergen-director, Lloyd Kaufman-actor, Mindy Dougherty-actor, Hunter O'Harrow-actor, Jason Reynolds-actor, Lance Caver-actor, Montetré-actor, Danielle Neblock-actor, Derek Slade Tucker-actor, Dan Fitz-actor, Estevan Muñoz-actor, Evelyn Gail-actor, Kevin Thomas Klearman-actor, Ada Hurtado-actor, Ben Johnson-actor, Michael Morrison-actor, Carson Brom-actor, Sean Abplanalp-actor, Daniel Mortemore-actor, Mayou Roffe-actor, Rodney Mullet-actor, Neil McCalmont-actor, Rocko Zevenbergen-actor, Brian Zevenbergen-actor"
Frank Lloyd Wright,1998-01-23,"Biography, Documentary",Kanopy,,Movie,All (G),7.8/10,,
"Poe: In His Own Words, An Evening with Edgar Allan Poe",2016-10-25,Drama,"Free Services, Prime Video",,Movie,7+ (PG),,,"Mark W. Curran-director, Travis Rhett Wilson-actor, Mark W. Curran-author, Travis Rhett Wilson-author"
Mrs. Winterbourne,1996-04-19,"Romance, Comedy","HBO MAX, Prime Video",America,Movie,13+ (PG-13),6.2/10,,"Richard Benjamin-director, Shirley MacLaine-actor, Ricki Lake-actor, Brendan Fraser-actor, Jane Krakowski-actor, Loren Dean-actor, Miguel Sandoval-actor, Susan Haskell-actor, Debra Monk-actor, Cathryn de Prume-actor, Peter Gerety-actor, Kate Hennig-actor, Victor A. Young-actor, Paula Prentiss-actor, Dale Pollock-actor, Oren Koules-actor, Ross Canter-actor, Cornell Woolrich-author, Lisa-Maria Radano-author, Phoef Sutton-author, Patrick Doyle-actor"
The Great Outdoors,1988-06-17,"Drama, Comedy","AMC, Prime Video",America,Movie,7+ (PG),6.6/10,,"Howard Deutch-director, Dan Aykroyd-actor, John Candy-actor, Stephanie Faracy-actor, Annette Bening-actor, Chris Young-actor, Lucy Deakins-actor, Robert Prosky-actor, Ian Giatti-actor, Hilary Gordon-actor, Rebecca Gordon-actor, Zoaunne LeRoy-actor, Nancy Lenehan-actor, John Bloom-actor, Lewis Arquette-actor, Britt Leach-actor, Cliff Bemis-actor, Paul Hansen-actor, Debra Lee Ortega-actor, Sierra Somerville-actor, Christine Spiotta-actor, Chris Bass-actor, Arne Schmidt-actor, John Hughes-actor"
Leprechaun,1993-01-08,"Horror, Comedy","Free Services, Prime Video",America,Movie,18+ (R),4.7/10,,"Mark Jones-director, Warwick Davis-actor, Jennifer Aniston-actor, Ken Olandt-actor, Mark Holton-actor, Robert Hy Gorman-actor, Shay Duffin-actor, John Sanderford-actor, John Voldstad-actor, Pamela Mant-actor, William Newman-actor, David Permenter-actor, Raymond C. Turner-actor, Heather Kennedy-actor, Tim Garrick-actor, Alexandra Sachs-actor, Brandon Sachs-actor, Klexius Kolby-actor, David Tripet-actor, Jeffrey B. Mallian-actor, Mark Amin-actor, Mark Jones-author, Kevin Kiner-actor, Robert J. Walsh-actor"
Lobster Cop,2018-06-21,"Mystery, Comedy","Free Services, Prime Video",China,Movie,,5.1/10,,"Li Xinyun-director, Wang Qian-Yuan-actor, Yuan Shanshan-actor, Liu Hua-actor, You Kai Zhou-actor, Shen Teng-actor, Yuan Mao-actor, Li Xinyun-author"
The Perfect Catch,2017-04-22,"Family, Drama",Prime Video ,America,Movie,All (G),6.5/10,,"Steven R. Monroe-director, Nikki DeLoach-actor, Andrew W. Walker-actor, Lisa Durupt-actor, Chance Hurstfield-actor, Vincent Dangerfield-actor, P. Lynn Johnson-actor, Eric Keenleyside-actor, Brent Fidler-actor, Sean Campbell-actor, Jason Schombing-actor, Annabel Kershaw-actor, Ben Wilkinson-actor, Trevor Lerner-actor, Doron Bell-actor, Siobhán McCarthy-actor, Taylor St. Pierre-actor, Mike Gazzola-actor, Jaden Allen Wilson-actor, Maggie Sullivun-actor, Hannah Pederson-actor, Andy Nez-actor, Harvey Kahn-actor"
Law & Order: Criminal Intent,2001-09-30,"Drama, Crime","Free Services, Prime Video",America,TV Show,14+ (TV-14),7.5/10,10,"Vincent D'Onofrio-actor, Kathryn Erbe-actor, Julia Ormond-actor, Jay O. Sanders-actor, Alicia Witt-actor, Annabella Sciorra-actor, Chris Noth-actor, Courtney B. Vance-actor, Eric Bogosian-actor, Jamey Sheridan-actor, Jeff Goldblum-actor, Julianne Nicholson-actor, Chris Brancato-actor, Dick Wolf-actor, Peter Jankowski-actor, Walon Green-actor, Warren Leight-actor, Dick Wolf-actor"
Destiny in Space,1994-01-17,"Animation, Documentary",Hulu,America,Movie,,7/10,,"Ben Burtt-director, Gail Singer-director, James Neihouse-director, Phyllis Ferguson-director, Leonard Nimoy-actor, Graeme Ferguson-actor, Toni Myers-author, Maribeth Solomon-actor, Micky Erbe-actor"
Love in Store,2020-02-22,"Drama, Romance","Hallmark Movies Now, Prime Video",America,Movie,All (G),6.4/10,,"Paul Ziller-director, Alexandra Breckenridge-actor, Robert Buckley-actor, Lisa Chandler-actor, Jackée Harry-actor, Carlo Marks-actor, Naika Toussaint-actor, Holly Dignard-actor, Fiona Vroom-actor, Eric Gustafsson-actor, Anita Brown-actor, Jenny Mitchell-actor, Terence Kelly-actor, Cole Jackson-actor, Jake Ennis-actor, Dion Riley-actor, Jake Foy-actor, Trevor Hinton-actor, Kate Boutilier-actor, Chelsea de Puyjalon-actor, Emma Rendell-actor, Chris Wood-actor, Joie Botkin-author"
Chasing,2021-04-14,"Action & Adventure, Crime","Prime Video, Prime Video",India,Movie,,,,"K. Veerakumar-director, Varalaxmi Sarathkumar-actor, Balasaravanan-actor, Imman Annachi-actor, Super Subbarayan-actor, Mathialagan Muniandy-actor, Sona Heiden-actor, Mathialagan Muniandy-actor, K. Veerakumar-author"
Zaytoun,2012-10-14,"Drama, Action & Adventure","Free Services, Prime Video",Israel,Movie,,6.6/10,,"Eran Riklis-director, Stephen Dorff-actor, Ashraf Barhom-actor, Alice Taglioni-actor, Abdallah El Akal-actor, Loai Nofi-actor, Tarik Copti-actor, Jony Arbid-actor, Mira Awad-actor, Eitan Londner-actor, Morad Hasan-actor, Ashraf Farah-actor, Nidal Badarny-actor, Adham Abu Aqel-actor, Osamah Khoury-actor, Michil Khoury-actor, Ali Suliman-actor, Doraid Liddawi-actor, Hezi Gangina-actor, Nader Rizq-author"
Jojo Rabbit,2019-10-18,"Comedy, Drama",Prime Video ,Czechia,Movie,13+ (PG-13),7.9/10,,"Taika Waititi-director, Roman Griffin Davis-actor, Thomasin McKenzie-actor, Scarlett Johansson-actor, Taika Waititi-actor, Sam Rockwell-actor, Rebel Wilson-actor, Alfie Allen-actor, Stephen Merchant-actor, Archie Yates-actor, Luke Brandon Field-actor, Joe Weintraub-actor, Brian Caspe-actor, James McVan-actor, Judith Georgi-actor, Victoria Hogan-actor, Bethany Adams-actor, Iva Šindelková-actor, Matej Seifert-actor, Trish Osmond-actor, Odeta Cali-actor, Samuel Bogner-actor, Carthew Neal-actor, Chelsea Winstanley-actor"
A Tale to Tell,2020-12-25,Musical,Prime Video ,,Movie,,8.5/10,,
End of Days,1999-11-24,"Action & Adventure, Mystery","Starz, Prime Video",America,Movie,18+ (R),5.8/10,,"Peter Hyams-director, Arnold Schwarzenegger-actor, Gabriel Byrne-actor, Robin Tunney-actor, Kevin Pollak-actor, CCH Pounder-actor, Derrick O'Connor-actor, David Weisenberg-actor, Rainer Judd-actor, Miriam Margolyes-actor, Udo Kier-actor, Luciano Miele-actor, Michael O'Hagan-actor, Mark Margolis-actor, Jack Shearer-actor, Rod Steiger-actor, Eve Sigall-actor, Victor Varnado-actor, Robert Lesser-actor, Lloyd Garroway-actor, Gary Anthony Williams-actor, John Nielsen-actor, Armyan Bernstein-actor, Bill Borden-actor"
Fetching,2013-01-01,Comedy,Free Services,,Movie,,6.3/10,,
Muthukku Muthaaga,2011-03-18,"Drama, Family",Prime Video ,India,Movie,,8.1/10,,"Rasu Mathuravan-director, Harish Kumar-actor, Saranya Ponvannan-actor, Vikranth-actor, Natarajan Subramaniam-actor, Ilavarasu-actor, Oviya Helen-actor, Monica-actor, Singampuli-actor, Sujibala-actor, Varshini-actor, Prakash Chandra-actor, Veera Samar-actor, Rasu Mathuravan-actor, Rasu Mathuravan-author"
Backlash,2006-01-01,"Action & Adventure, Thriller",Free Services,America,Movie,18+ (R),3.2/10,,"David Chameides-director, Suzanne Karseras-actor, Kevin Levrone-actor, Danielle Burgio-actor, Lauren Mary Kim-actor, Bas Rutten-actor, G. Anthony Joseph-actor, Caitlin McKenna-Wilkinson-author"
Just a Boys' Game,1979-11-08,"Drama, Comedy",BritBox,United Kingdom,Movie,,8/10,,"John Mackenzie-director, Frankie Miller-actor, Ken Hutchison-actor, Gregor Fisher-actor, Jean Taylor Smith-actor, Hector Nicol-actor, Katherine Stark-actor, Jan Wilson-actor, Jim Byars-actor, Billy Greenlees-actor, John Murtagh-actor, Gaylie Runciman-actor, Billy Riddoch-actor, Sandy West-actor, Irene Sunters-actor, Martin Cochrane-actor, Elaine Collins-actor, Freddie Boardley-actor, Michael Malone-actor, James Morrison-actor, Hamish Taylor-actor, Eddie Kane-actor, Richard Eyre-actor, Peter McDougall-author"
My Favorite Shapes by Julio Torres,2019-08-10,"Stand-up & Talk, Comedy","HBO MAX, Prime Video",America,Movie,16+,6.6/10,,"Dave McCary-director, Julio Torres-actor, Emma Stone-actor, Ryan Gosling-actor, Lin-Manuel Miranda-actor, Julio Torres-author"
27: Gone Too Soon,2018-03-26,Documentary,"Free Services, Prime Video",United Kingdom,Movie,7+ (PG),4.9/10,,"Simon Napier-Bell-director, Steve Blame-actor, Barney Hoskyns-actor, Chris Salewicz-actor, Dan Gillespie Sells-actor, Dylan Jones-actor, Keith Cameron-actor, Mick O'Shea-actor, Olly Alexander-actor, Paul Gambaccini-actor, Peter Jenner-actor, Tom Robinson-actor, Tris Penna-actor, Ann Robinson-actor, Brian Jones-actor, Jimi Hendrix-actor, Janis Joplin-actor, Jim Morrison-actor, Kurt Cobain-actor, Amy Winehouse-actor, Gary Numan-actor, Simon Napier-Bell-author"
The Woman Who Dared,1944-02-03,Drama,The Criterion Channel,France,Movie,,7.2/10,,"Jean Grémillon-director, Madeleine Renaud-actor, Charles Vanel-actor, Anne Vandène-actor, Jean Debucourt-actor, Raymonde Vernay-actor, Anne-Marie Labaye-actor, Albert Rémy-actor, Léonce Corne-actor, Robert Le Fort-actor, Jacques Beauvais-actor, Michel François-actor, Raoul Marco-actor, Gaston Mauger-actor, Paul Demange-actor, Henry Houry-actor, Fernand Blot-actor, Marius David-actor, Bernard La Jarrige-actor, Marcel Laporte-actor, Pierre Leproux-actor, Georges Sellier-actor, Raoul Ploquin-actor, Albert Valentin-author"
The White House: Inside the Gates,2004-03-09,Documentary,Free Services,,Movie,,,,
Lost River: Lincoln's Secret Weapon,2010-01-10,History,"Free Services, Prime Video",America,Movie,,6/10,,"Jason Urban-director, Tami Sutton-actor, Fritz Klein-actor, James Reeves-actor, Joe Jones-actor, Jason Urban-actor, Joe Dunlap-actor, Bruce Bridegroom-actor, Bruce Bridegroom-author"
Miss Meadows,2014-09-12,"Comedy, Drama","Free Services, Prime Video",America,Movie,,5.7/10,,"Karen Leigh Hopkins-director, Katie Holmes-actor, James Badge Dale-actor, Callan Mulvey-actor, Mary Kay Place-actor, Saidah Arrika Ekulona-actor, James Landry Hébert-actor, Kate Linder-actor, Stephen Bishop-actor, Jean Smart-actor, Harry Zinn-actor, Joe Fishel-actor, Ava Kolker-actor, James Keane-actor, Graham Beckel-actor, Gregory Allen Smith-actor, Anna Moravcik-actor, Tyler Corbet-actor, Milly Hopkins-actor, Charlotte Labadie-actor, Aubree Stone-actor, Amy Kravockuck-actor, Eric Brenner-actor, Rob Carliner-actor"
Cinema Bandi,2021-05-14,"Drama, Comedy",Netflix,India,Movie,All (G),7.9/10,,"Praveen Kandregula-director, Sirivennela Yanamandhala-actor, Sandeep Varanasi-actor, Trishara-actor, Sindhu Sreenivasa Murthy-actor, Munivenkatapa-actor, Uma Yg-actor, Vikas Vasistha-actor, Rag Mayur-actor, Krishna D.K.-actor, Raj Nidimoru-actor, Krishna Prathyusha-author, Praveen Kandregula-author, Vasanth Maringanti-author, Sirish Satyavolu-actor"
Father Figures,2017-12-21,"Sport, Comedy","Free Services, Prime Video",America,Movie,18+ (R),5.5/10,,"Lawrence Sher-director, Owen Wilson-actor, Ed Helms-actor, J.K. Simmons-actor, Katt Williams-actor, Terry Bradshaw-actor, Ving Rhames-actor, Christopher Walken-actor, Glenn Close-actor, Katie Aselton-actor, Retta-actor, Harry Shearer-actor, June Squibb-actor, Ivan Mallon-actor, Ali Wong-actor, Robert Jon Mello-actor, Zachary Haven-actor, Mary Grill-actor, Ann McKenzie-actor, Jessica Gomes-actor, Sarah Skeist-actor, Debra Stipe-actor, Ali Bell-actor, Andrew A. Kosove-actor"
Miss Austen Regrets,2008-02-03,"History, Drama",Free Services,United Kingdom,Movie,All (G),7.1/10,,"Jeremy Lovering-director, Olivia Williams-actor, Greta Scacchi-actor, Imogen Poots-actor, Phyllida Law-actor, Pip Torrens-actor, Tom Hiddleston-actor, Hugh Bonneville-actor, Tom Goodman-Hill-actor, Jack Huston-actor, Samuel Roukin-actor, Adrian Edmondson-actor, Jason Watkins-actor, Lizanne Tulip-actor, Anne Pivcevic-actor, Jamie Laurenson-actor, David M. Thompson-actor, Rebecca Eaton-actor, Gwyneth Hughes-author, Jennie Muskett-actor"
Night Watcher,2008-10-31,"Mystery, Thriller",Prime Video ,,Movie,18+ (R),2.6/10,,"Will Gordh-director, Daniel Vincent Gordh-actor, Kelly Huddleston-actor, Christopher Kadish-actor, Rachel Owens-actor, Jillian Toby-actor, Allison Tyler-actor, Daniel Vincent Gordh-author, David Murray-author"
The Terrible Thing of Alpha-9!,2009-01-01,"Comedy, Animation",Kanopy,America,Movie,,7.2/10,,"Jake Armstrong-director, Paul Villeco-actor, Jake Armstrong-author"
Kaagaz Ki Kashti,2016-10-25,Documentary,Prime Video ,,Movie,,8.9/10,,"Brahmanand S. Singh-director, Jagjit Singh-actor, Chitra-actor, Gulzar-actor, Ghulam Ali-actor, Talat Aziz-actor, Mahesh Bhatt-actor, Subhash Ghai-actor, Hans Raj Hans-actor, Anup Jalota-actor, Ameesha Patel-actor, Pankaj Udhas-actor, Brahmanand S. Singh-author, Tanvi Jain-author"
You're Everything To Me,2016-01-01,,Netflix,,Movie,,,,
50K,2020-07-15,"Crime, Thriller","Free Services, Prime Video",,Movie,,5.3/10,,
Constable: A Country Rebel,2014-09-07,Documentary,"Free Services, Prime Video",United Kingdom,Movie,,7.9/10,,"Spike Geilinger-director, Alastair Sooke-actor, Spike Geilinger-actor, Harry Bell-actor"
23:59,2011-11-03,"Thriller, Horror","Hoopla, Prime Video",Malaysia,Movie,18+ (R),4.5/10,,"Gilbert Chan-director, Tedd Chan-actor, Stella Chung-actor, Henley Hii-actor, Lawrence Koh-actor, Tommy Kuan-actor, Josh Lai-actor, Susan Leong-actor, Benjamin Lim-actor, Philip Hersh-actor, Mark Lee-actor, Freddie Yeo-actor, Gary Goh-actor, Yuk-Sing Au-actor, Eric Khoo-actor, Lim Kim Sow-actor, Lim Teck-actor, Mang-actor, Mike Wiluan-actor, Richard Mong-actor, Tan Peck Joo-actor, Tengku Iesta Tengku Alaudin-actor, Gilbert Chan-author"
Martin Luther King Jr: Enough Is Enough,2021-01-01,,"Free Services, Prime Video",,Movie,,,,
Killer Nerd,1991-01-01,"Comedy, Horror",Prime Video ,America,Movie,,4/10,,"Mark Steven Bosko-director, Wayne A. Harold-director, Toby Radloff-actor, Lori Scarlett-actor, Tony Zanoni-actor, Heidi Lohr-actor, Richard Zaynor-actor, Kim Allen-actor, Shawna Baer-actor, Teresa Bosko-actor, Miriam E. Carey-actor, Chip Cipriano-actor, Mark Steven Bosko-actor, Wayne A. Harold-actor, Mark Steven Bosko-author, Wayne A. Harold-author, Sean Carlin-actor"
Isabelle Eberhardt,1991-11-21,"Drama, Biography",Free Services,Australia,Movie,,5.8/10,,"Ian Pringle-director, Mathilda May-actor, Tchéky Karyo-actor, Peter O'Toole-actor, Richard Moir-actor, Daniel Scharf-actor, Jean Petit-actor, Jacques Leclère-actor"
Gladiators of Rome,2012-10-18,"Family, Animation","Free Services, Prime Video",Italy,Movie,7+ (PG),5.2/10,,"Iginio Straffi-director, Luca Argentero-actor, Laura Chiatti-actor, Belén Rodríguez-actor, Massimo Corvo-actor, Enzo Avolio-actor, Antonio Bonanotte-actor, Stefano Alessandroni-actor, Francesco Vairano-actor, Fabrizio Mazzotta-actor, Iginio Straffi-actor, Iginio Straffi-author, Michael J. Wilson-author"
'63 Comet,,Comedy,Prime Video ,,Movie,,7.9/10,,
Blood Guardian,2009-10-15,Horror,"Free Services, Prime Video",,Movie,,4.4/10,,"Jack Nolan-actor, Kevin Ratay-actor, David C. Hayes-author"
Redemption: A Mile from Hell,2009-01-01,,"Free Services, Prime Video",America,Movie,18+ (R),3.5/10,,"Robert Conway-director, Dustin Leighton-actor, Tom Noga-actor, Clint James-actor, Grady Hill-actor, Candy Stanton-actor, Jason Mager-actor, Justin L. Anderson-actor, Robert Conway-actor, Robert Conway-author"
An Island,2017-07-01,"Drama, Animation",Free Services,Ireland,Movie,,6.1/10,,Rory Byrne-director
Aliens and Crop Circles,2013-02-26,Documentary,Prime Video ,,TV Show,,3.4/10,1,
Man with a Gun,1995-10-09,"Drama, Thriller","Free Services, Prime Video",Canada,Movie,18+ (R),4.8/10,,"David Wyles-director, Michael Madsen-actor, Gary Busey-actor, Jennifer Tilly-actor, Robert Loggia-actor, Ian Tracey-actor, Bill Cobbs-actor, Hugh C. Rae-author, Laurie Finstad-Knizhnik-author"
Steel Chamber,2014-08-28,Mystery,Free Services,,Movie,,3.2/10,,
One of Our Dinosaurs Is Missing,1975-07-09,"Action & Adventure, Comedy",Prime Video ,United Kingdom,Movie,All (G),5.9/10,,"Robert Stevenson-director, Derek Nimmo-actor, Hugh Burden-actor, Bernard Bresslaw-actor, Helen Hayes-actor, Joan Sims-actor, Deryck Guyler-actor, Clive Revill-actor, Molly Weir-actor, Andrew Dove-actor, Max Harris-actor, Max Wall-actor, Natasha Pyne-actor, Joss Ackland-actor, Peter Ustinov-actor, Jon Pertwee-actor, Joan Hickson-actor, Amanda Barrie-actor, Percy Herbert-actor, Arthur Howard-actor, John Laurie-actor, Bill Walsh-author"
La EntreViú,2018-02-01,,Prime Video ,,Movie,,,,
Big & Little,2017-05-23,,Philo,,TV Show,,,1,
Weekend Guests,2019-05-04,Horror,Prime Video ,,Movie,,7.1/10,,
My Dad's a Soccer Mom,2014-06-21,"Comedy, Family","Free Services, Prime Video",,Movie,7+ (PG),5.3/10,,"Randall Stevens-director, Lester Speight-actor, Wendy Raquel Robinson-actor, Skai Jackson-actor, Tracey Gold-actor, Rhonda Baraka-author"
The House of Murderers,2019-04-01,Horror,Prime Video ,,Movie,,2.7/10,,"Bruno Di Marcello-director, Kelly Abbass-actor, Daria Contento-actor, Teodora Mammoliti-actor, Stefania Visconti-actor"
Map of the Human Heart,1993-04-22,"Romance, Drama",Prime Video ,Australia,Movie,18+ (R),7/10,,"Vincent Ward-director, Jason Scott Lee-actor, Robert Joamie-actor, Anne Parillaud-actor, Annie Galipeau-actor, Patrick Bergin-actor, Clotilde Courau-actor, John Cusack-actor, Jeanne Moreau-actor, Ben Mendelsohn-actor, Jerry Snell-actor, Charlotte Coleman-actor, Jayko Pitseolak-actor, Reepah Arreak-actor, Monique Spaziani-actor, Anik Matern-actor, Harry Hill-actor, Tim Bevan-actor, Vincent Ward-actor, Bob Weinstein-actor, Graham Bradstreet-actor, Harvey Weinstein-actor, Louis Nowra-author"
Wale,2018-04-29,Drama,Kanopy,United Kingdom,Movie,,6.7/10,,"Barnaby Blackburn-director, Barnaby Blackburn-author"
Ragala 24 Gantallo,2019-11-22,"Mystery, Thriller","Prime Video, Prime Video",India,Movie,,5.2/10,,"Sreenivass Redde-director, Satyadev Kancharana-actor, Eesha Rebba-actor, Musskan Sethi-actor, Ganesh Venkatraman-actor, Srikanth-actor, Ravi Varma-actor, Ravi Prakash-actor, Temper Vamsi-actor, Krishna Bhagavan-actor, Krishna Bhagavan-author, Sreenivass Redde-author, Raghu Kunche-actor"
Repentance,2019-01-15,Drama,Prime Video ,,Movie,,,,
Confirmation,2018-11-11,Drama,Prime Video ,,Movie,,5.5/10,,
Sunset,2018-09-27,"Drama, History",Prime Video ,France,Movie,18+ (R),6.3/10,,"László Nemes-director, Jakab Juli-actor, Vlad Ivanov-actor, Susanne Wuest-actor, Levente Molnár-actor, Urs Rechn-actor, Judit Bárdos-actor, Björn Freiberg-actor, Christian Harting-actor, Sándor Zsótér-actor, Mihály Kormos-actor, Marcin Czarnik-actor, Áron Öze-actor, Uwe Lauer-actor, Tom Pilath-actor, Mónika Balsai-actor, Julia Jakubowska-actor, Dobos Evelin-actor, Miklós B. Székely-actor, Dorottya Moldován-actor, Kati Lázár-actor, Eszter Csépai-actor, François Yon-actor, Gábor Rajna-actor"
Tabloid,2010-09-01,"Crime, Documentary","Free Services, Prime Video",America,Movie,18+ (R),7/10,,"Errol Morris-director, Joyce McKinney-actor, Peter Tory-actor, Troy Williams-actor, Jackson Shaw-actor, Kent Gavin-actor, Jin Han Hong-actor"
Atlas Shrugged: Part II,2012-10-12,"Mystery, Science-Fiction","Free Services, Prime Video",America,Movie,13+ (PG-13),5.3/10,,"John Putch-director, Samantha Mathis-actor, Jason Beghe-actor, Patrick Fabian-actor, Bug Hall-actor, Kim Rhodes-actor, D. B. Sweeney-actor, Richard T. Jones-actor, Ray Wise-actor, Esai Morales-actor, John Rubinstein-actor, Robert Picardo-actor, Diedrich Bader-actor, Arye Gross-actor, Rex Linn-actor, Larisa Oleynik-actor, Michael Gross-actor, Teller-actor, Jeff Yagher-actor, Paul McCrane-actor, Harmon Kaslow-actor, Jeff Freilich-actor, John Aglialoro-actor, Ayn Rand-author"
Pete Correale: Let Me Tell Ya,2015-11-06,"Stand-up & Talk, Comedy","Free Services, Prime Video",America,Movie,,7.9/10,,"John Asher-director, Pete Correale-actor, Derek Van Pelt-actor, Judi Brown-Marmel-actor, Neil A. Sheridan-actor, Norman Aladjem-actor, Pete Correale-actor, Pete Correale-author"
Where Soldiers Come From,2011-09-09,"Drama, Documentary",Prime Video ,America,Movie,,6.9/10,,"Heather Courtney-director, David Hartstein-actor, Heather Courtney-actor, Megan Gilbride-actor, Heather Courtney-author"
In the Mood for Life,2016-10-12,Documentary,Prime Video ,,Movie,,,,
Claire & The Keys,,"Drama, Animation",Free Services,,Movie,,8/10,,John Ludwick-director
The Deathwish Video,2013-03-20,Documentary,Prime Video ,,Movie,18+ (R),8.8/10,,"Baker Boys-director, Erik Ellington-actor, Jim Greco-actor, Lizard King-actor, Furby-actor, Neen Williams-actor, Antwuan Dixon-actor, Michael Luis De Los Reyes-actor, Brian Hansen-actor, Jon Dickson-actor, Erik Ellington-actor, Jim Greco-actor"
Homeless (VIII),2019-05-29,Horror,Prime Video ,,Movie,,,,
Los Sures,1984-09-29,"Comedy, Documentary",Prime Video ,America,Movie,,7.5/10,,"Diego Echeverria-director, Marta Avilés-actor, Evelyn Borges-actor, Tito Lopez-actor, Ana Maria Soto-actor, Cuso Soto-actor, Diego Echeverria-actor, David Loxton-actor"
Whitewash,2013-04-19,"Mystery, Drama","Free Services, Prime Video",Canada,Movie,,5.8/10,,"Emanuel Hoss-Desmarais-director, Thomas Haden Church-actor, Marc Labrèche-actor, Vincent Hoss-Desmarais-actor, Geneviève Laroche-actor, Isabelle Nélisse-actor, Anie Pascale-actor, Sylvio Archambault-actor, Yvette Auger-Pratte-actor, Bonfield Marcoux-actor, Claire Jacques-actor, Pierre Leblanc-actor, Keir Cutler-actor, Marie-Michelle Garon-actor, Gaston Caron-actor, Gina Landry-actor, Kim McCraw-actor, Luke Déry-actor, Emanuel Hoss-Desmarais-author, Marc Tulin-author"
Hello Memsaheb,2011-09-30,"Drama, Comedy","Prime Video, Prime Video",,Movie,,5.5/10,,"Shiboprosad Mukherjee-director, Jeet-actor, Priyanka Upendra-actor, Koneenica Banerjee-actor, Aritro Dutta Banik-actor, Biswanath Basu-actor, Bratya Basu-actor, Biswajit Chakraborty-actor, Locket Chatterjee-actor, Gita Dey-actor, Kanchan Mullick-actor, Shiboprosad Mukherjee-author"
Deadly Cheers,2022-01-01,"Thriller, Drama",Prime Video ,,Movie,16+,5.1/10,,"Jessica Janos-director, Becki Hayes-actor, Katherine Marsh-actor, Macy Minear-actor, Shannon Skiles-actor, April Clark-actor, Karla Ojeda-actor, Devon Daniels-actor, Robert Ballo-actor, Timothy O. Johnson-actor, John F. Hayes-author"
"Good Evening, Mr. Wallenberg",1990-10-05,Drama,Fandor,Hungary,Movie,,6.5/10,,"Kjell Grede-director, Stellan Skarsgård-actor, Katharina Thalbach-actor, Károly Eperjes-actor, Erland Josephson-actor, Miklós B. Székely-actor, Jesper Christensen-actor, Ivan Desny-actor, Franciszek Pieczka-actor, Géza Balkay-actor, Percy Brandt-actor, Tamás Jordán-actor, Andor Lukáts-actor, Reviczky Gábor-actor, László Soós-actor, Franciska Győry-actor, László Csákányi-actor, István Mészáros-actor, István Holl-actor, Venczel Vera-actor, András Bálint-actor, Imre Antal-actor, Katinka Faragó-actor, Kjell Grede-author"
America's Greatest Motorcycle Rallies,2011-04-28,Documentary,"Free Services, Prime Video",,TV Show,,,1,
Die Baroness und das Guggenheim,2005-01-01,Documentary,Prime Video ,,Movie,,5.9/10,,
My Six Loves,1963-04-03,"Drama, Comedy",Prime Video ,America,Movie,,6.5/10,,"Gower Champion-director, Debbie Reynolds-actor, Cliff Robertson-actor, David Janssen-actor, Eileen Heckart-actor, Barry Livingston-actor, Hans Conried-actor, John McGiver-actor, Max Showalter-actor, Mary McCarty-actor, Alice Pearce-actor, Jim Backus-actor, Alice Ghostley-actor, Pippa Scott-actor, Billy E. Hughes-actor, Sterling Holloway-actor, Victor Buono-actor, Gant Gaither-actor, John Fante-author, Joseph Calvelli-author, William Wood-author, Walter Scharf-actor"
Eddie the Eagle,2016-02-25,"Drama, Comedy",Prime Video ,Germany,Movie,13+ (PG-13),7.3/10,,"Dexter Fletcher-director, Taron Egerton-actor, Hugh Jackman-actor, Christopher Walken-actor, Ania Sowinski-actor, Mads Sjøgård Pettersen-actor, Iris Berben-actor, Jim Broadbent-actor, Jo Hartley-actor, Keith Allen-actor, Dickon Tolson-actor, Mark Benton-actor, Tim McInnerny-actor, Edvin Endre-actor, Marc Benjamin-actor, Rune Temte-actor, Carlton Bunce-actor, Graham Fletcher-Cook-actor, Daniel Ings-actor, Matt Rippy-actor, Joachim Raaf-actor, Matthew Brandon-actor, Adam Bohling-actor, David Reid-actor"
X/Y,2014-04-19,"Romance, Drama",Prime Video ,America,Movie,,4.1/10,,"Ryan Piers Williams-director, America Ferrera-actor, Ryan Piers Williams-actor, Melonie Diaz-actor, Jon Paul Phillips-actor, Amber Tamblyn-actor, Dree Hemingway-actor, David Harbour-actor, Lonnie Rashid Lynn Jr.-actor, Danny Deferrari-actor, Sue Jean Kim-actor, America Ferrera-actor, Jason Michael Berman-actor, Ryan Piers Williams-actor, Ryan Piers Williams-author"
Greener by the Day,2012-08-19,Drama,Prime Video ,,Movie,,,,
Sleeping With My Student,2019-10-18,"Drama, Thriller","Hoopla, Prime Video",America,Movie,,4.6/10,,"Tom Shell-director, Gina Holden-actor, Jessica Belkin-actor, Mitchell Hoog-actor, David Lipper-actor, Gerald Webb-actor, Novi Brown-actor, Lance H. Robbins-actor, Mark L. Lester-actor, Michael Perronne-author"
Night Run,2011-06-24,"Action & Adventure, Comedy",Prime Video ,,Movie,,,,
Close to the Enemy,2016-11-10,"Thriller, Drama","Hoopla, Prime Video",United Kingdom,TV Show,,5.9/10,1,"Jim Sturgess-actor, Charlotte Riley-actor, Angela Bassett-actor, Alfred Molina-actor, Alfie Allen-actor, Lindsay Duncan-actor, Freddie Highmore-actor, August Diehl-actor, Phoebe Fox-actor, Robert Glenister-actor, Ciara Charteris-actor, Charity Wakefield-actor, Sebastian Armesto-actor, Aleksandar Jovanović-actor, Antje Traue-actor, Lucy Ward-actor, Stephen Poliakoff-author, Stephen Poliakoff-actor"
Girls Night - Anthology,2018-10-31,Horror,Prime Video ,,Movie,,,,
Gone in 60 Seconds,1974-07-28,"Crime, Action & Adventure","Free Services, Prime Video",America,Movie,7+ (PG),6.4/10,,"H.B. Halicki-director, H.B. Halicki-actor, Marion Busia-actor, Jerry Daugirda-actor, James McIntyre-actor, George Cole-actor, Ronald Halicki-actor, Markos Kotsikos-actor, Butch Stockton-actor, Phil Woods-actor, Parnelli Jones-actor, Gary Bettenhausen-actor, Jonathan E. Fricke-actor, Hal McClain-actor, J.C. Agajanian-actor, J.C. Agajanian Jr.-actor, Christopher J.C. Agajanian-actor, Billy Englehart-actor, Sak Yamamoto-actor, Anthony Cole-actor, Michael Cole-actor, Mark Cole-actor, H.B. Halicki-actor, H.B. Halicki-author"
Women in Trouble,2009-11-13,"Drama, Comedy","Free Services, Prime Video",America,Movie,18+ (R),5.6/10,,"Sebastián Gutiérrez-director, Carla Gugino-actor, Adrianne Palicki-actor, Connie Britton-actor, Marley Shelton-actor, Garcelle Beauvais-actor, Elizabeth Berkley-actor, Josh Brolin-actor, Emmanuelle Chriqui-actor, Sarah Clarke-actor, Joseph Gordon-Levitt-actor, Simon Baker-actor, Caitlin Keats-actor, Cameron Richardson-actor, Rya Kihlstedt-actor, Paul Cassell-actor, Samantha Shelton-actor, Greg Lauren-actor, Isabella Gutierrez-actor, Antonio Graña-actor, Xander Berkeley-actor, Lauren Katz-actor, Sebastián Gutiérrez-actor, Sebastián Gutiérrez-author"
Gente de Zona: En Letra de Otro,2018-10-26,Documentary,HBO MAX,America,Movie,16+,,,"Gaston Etchechoury-director, Randy Malcom-actor, Alexander Delgado-actor, Natalia Casanova-actor, Alexis Tkach-actor, Isabel De Jesus-actor, Melissa Exposito-actor, Ruben Leyva-actor, Vicente Solís-actor, Sandra Aragón-author"
Mission Manila,1990-02-21,Action & Adventure,Free Services,,Movie,18+ (R),3.9/10,,"Peter MacKenzie-director, Larry Wilcox-actor, Robin Eisenman-actor, Sam Hennings-actor, Al Mancini-actor, Tetchie Agbayani-actor, Maria Isabel Lopez-actor, Harry Taylor-actor, Peter MacKenzie-author, Sally Marie Hallam-author"
Two Gates of Sleep,2010-05-18,Drama,Mubi,,Movie,,6.1/10,,"Alistair Banks Griffin-director, Brady Corbet-actor, David Call-actor, Karen Young-actor, Ross Francis-actor, Ritchie Montgomery-actor, Andrew Renzi-actor, Josh Mond-actor, Antonio Campos-actor, Sean Durkin-actor, Alistair Banks Griffin-author"
Running with the Devil,2019-08-29,"Thriller, Drama","Hulu, Prime Video",Colombia,Movie,18+ (R),5.4/10,,"Jason Cabell-director, Nicolas Cage-actor, Leslie Bibb-actor, Peter Facinelli-actor, Cole Hauser-actor, Laurence Fishburne-actor, Clifton Collins Jr.-actor, Barry Pepper-actor, Adam Goldberg-actor, Natalia Reyes-actor, Luce Rains-actor, Tait Fletcher-actor, Sarah Minnich-actor, Keith Jardine-actor, Rib Hillis-actor, Barbie Robertson-actor, Marie Wagenman-actor, Joanne Nguyen-actor, Jim Steele-actor, Michael Mendelsohn-actor, Natalie Perrotta-actor, Shea Vargé-actor, Jason Cabell-author, Reinhold Heil-actor"
$9.99,2009-04-29,"Drama, Animation",Prime Video ,Australia,Movie,18+ (R),6.7/10,,"Tatia Rosenthal-director, Geoffrey Rush-actor, Anthony LaPaglia-actor, Samuel Johnson-actor, Ben Mendelsohn-actor, Barry Otto-actor, Joel Edgerton-actor, Claudia Karvan-actor, Leeanna Walsman-actor, David Field-actor, Tom Budge-actor, Leon Ford-actor, Henry Nixon-actor, Roy Billing-actor, Brian Meegan-actor, Jamie Katsamatsas-actor, Ursula Yovich-actor, Josef Ber-actor, Amir Harel-actor, Emile Sherman-actor, Etgar Keret-author, Tatia Rosenthal-author"
American Sasquatch,2020-08-11,Horror,Free Services,,Movie,,3.8/10,,
Attache',2018-08-25,Documentary,Prime Video ,,Movie,,9/10,,
Cry Wolf,1947-07-18,"Crime, Mystery",Prime Video ,America,Movie,,6.5/10,,"Peter Godfrey-director, Errol Flynn-actor, Barbara Stanwyck-actor, Geraldine Brooks-actor, Richard Basehart-actor, Jerome Cowan-actor, John Ridgely-actor, Patricia Barry-actor, Rory Mallinson-actor, Helene Thimig-actor, Paul Stanton-actor, Barry Bernard-actor, Henry Blanke-actor, Jack L. Warner-actor, Catherine Turney-author, Marjorie Carleton-author, Franz Waxman-actor"
The Case for Christ's Resurrection,2007-05-11,Documentary,"Free Services, Prime Video",America,Movie,,6.6/10,,"David Priest-director, David Balsiger-actor, Sharon Dymmel-author"
Tesla's Death Ray: A Murder Declassified,2018-01-02,"Reality, Documentary","Discovery+, Prime Video",,TV Show,7+ (TV-PG),5.5/10,1,
The Book of Tomorrow,2007-05-02,"Family, Fantasy",Prime Video ,,Movie,,7.5/10,,
"Fighters of WWII: Spitfire, Mustang, and Messerschmitt",2017-12-31,Documentary,"Free Services, Prime Video",,Movie,,,,
Can't Dance,,"Drama, Comedy",Prime Video ,,Movie,,,,
Vigor,2017-05-15,Comedy,Prime Video ,,Movie,,8.5/10,,
Chashme Baddoor,2013-04-05,"Comedy, Drama","Netflix, Prime Video",India,Movie,,5.4/10,,"David Dhawan-director, Ali Zafar-actor, Taapsee Pannu-actor, Siddharth-actor, Divyendu Sharma-actor, Rishi Kapoor-actor, Juhi Chawla-actor, Prakash Pange-actor, Shivaji Dasgupta-actor, Farhad Samji-author, Renuka Kunzru-author, Sajid Samji-author"
Doorways To Danger,1990-01-01,"Animation, Documentary",Prime Video ,America,Movie,,3.6/10,,"Tom Poulson-director, Kevin Logan-actor, Eddie Vass-actor, David Stillwell-actor, Carolyn Williams-actor, Paul Bennison-actor, Paul Heather-actor, Judith Dawson-actor, Johnny Ray-actor, Tom Poulson-author"
My Day,2018-11-17,Family,Prime Video ,,Movie,,,,
Chanakya Shapadham,1986-12-18,"Romance, Action & Adventure",Prime Video ,,Movie,,5.4/10,,
Elizabeth II: A Lifetime of Service,2017-10-01,Documentary,Free Services,,Movie,,,,
Advent in Austria - Arcadia World Extravaganza Travel Films,,Documentary,Prime Video ,,Movie,,,,
Angelina Ballerina,2002-05-10,"Animation, Children","Free Services, Prime Video",,TV Show,All (TV-G),5.5/10,7,"Finty Williams-actor, Judi Dench-actor, Jo Wyatt-actor, Keith Wickham-actor, Adrienne Posta-actor, Rob Rackstraw-actor, Ginger Gibbons-actor, Kate Fawkes-actor"
This will only hurt for a minute: the Charles E. Cullen story,,Documentary,"Fandor, Prime Video",,Movie,,,,
Catch a Christmas Star,2013-11-17,"Family, Romance","Hallmark Movies Now, Prime Video",,Movie,All (G),6.2/10,,"John Bradshaw-director, Shannon Elizabeth-actor, Steve Byers-actor, Julia Lalonde-actor, Kyle Breitkopf-actor, Billy MacLellan-actor, Rickie Castaneda-author"
Britain's Busiest Airport: Heathrow,2015-06-04,"Reality, Documentary",Prime Video ,,TV Show,,8.2/10,7,"Julie Walters-actor, Joanna Lumley-actor, Patricia Hodge-actor, Paul Thornley-actor"
Boothill Brigade,1937-08-02,,Free Services,America,Movie,,5.2/10,,"Sam Newfield-director, Johnny Mack Brown-actor, Claire Rochelle-actor, Dick Curtis-actor, Horace Murphy-actor, Frank LaRue-actor, Ed Cassidy-actor, Bobby Nelson-actor, Frank Ball-actor, Frank Ellis-actor, Steve Clark-actor, A.W. Hackel-actor, George H. Plympton-author"
He Was a Quiet Man,2007-11-23,"Comedy, Drama","Free Services, Prime Video",America,Movie,,6.7/10,,"Frank A. Cappello-director, Christian Slater-actor, Elisha Cuthbert-actor, William H. Macy-actor, Sascha Knopf-actor, John Gulager-actor, Jamison Jones-actor, Michael DeLuise-actor, K.C. Ramsey-actor, Anzu Lawson-actor, David Wells-actor, Sewell Whitney-actor, Randolph Mantooth-actor, Frankie Thorn-actor, Tina D'Marco-actor, Livia Treviño-actor, Lisa Arianna-actor, Greg Baker-actor, Paul D. Roberts-actor, Maggie Wagner-actor, Brian Lohmann-actor, Frank A. Cappello-actor, Michael Leahy-actor, Jason Hallock-actor"
Sugar Boxx,2009-09-05,"Drama, Crime","Free Services, Prime Video",America,Movie,18+ (R),3.6/10,,"Cody Jarrett-director, Geneviere Anderson-actor, Rainbow Borden-actor, Kitten Natividad-actor, Ariadne Shaffer-actor, Tura Satana-actor, Jack Hill-actor, Darin Cooper-actor, Cody Jarrett-author"
American Dreamz,2006-03-04,"Comedy, Drama",Prime Video ,America,Movie,13+ (PG-13),5.5/10,,"Paul Weitz-director, Hugh Grant-actor, Dennis Quaid-actor, Mandy Moore-actor, Willem Dafoe-actor, Chris Klein-actor, Jennifer Coolidge-actor, Sam Golzari-actor, Marcia Gay Harden-actor, Seth Meyers-actor, John Cho-actor, Judy Greer-actor, Bernard White-actor, Tony Yalda-actor, Noureen DeWulf-actor, Shohreh Aghdashloo-actor, Marley Shelton-actor, Lisa K. Wyatt-actor, Beau Holden-actor, Jay Harik-actor, Adam Busch-actor, Haaz Sleiman-actor, Andrew Miano-actor, Paul Weitz-actor"
American Sniper,2014-12-25,Action & Adventure,"fuboTV, Prime Video",America,Movie,18+ (R),7.3/10,,"Clint Eastwood-director, Bradley Cooper-actor, Sienna Miller-actor, Kyle Gallner-actor, Cole Konis-actor, Ben Reed-actor, Elise Robertson-actor, Keir O'Donnell-actor, Luke Sunshine-actor, Kevin Lacz-actor, Troy Vincent-actor, Brandon Salgado Telis-actor, Chance Kelly-actor, Marnette Patterson-actor, Billy Miller-actor, Leonard Roberts-actor, Reynaldo Gallegos-actor, Jake McDorman-actor, Cory Hardrict-actor, Eric Ladin-actor, Brando Eaton-actor, James Ryen-actor, Andrew Lazar-actor, Bradley Cooper-actor"
SuperFetch,2009-10-03,"Family, Reality",Prime Video ,,TV Show,7+ (TV-PG),7.9/10,1,
Men Seeking Women,1997-03-08,"Romance, Comedy","Fandor, Prime Video",America,Movie,,4/10,,"Jim Milio-director, Maureen Teefy-actor, Anthony Palermo-actor, Grant Shaud-actor, Lisa Wilcox-actor, Nia Vardalos-actor, Kelly Coleman-actor, Rebeca Arthur-actor, Pamela Gien-actor, Starr Andreeff-actor, Will Ferrell-actor, Tia Riebling-actor, Jim Milio-actor, Mark Hufnail-actor, Melissa Jo Peltier-actor, Jim Milio-author, Edgar Struble-actor"
Dice,2016-04-10,"Stand-up & Talk, Comedy","Hulu, Prime Video",,TV Show,18+ (TV-MA),7.4/10,2,"Andrew Dice Clay-actor, Kevin Corrigan-actor, Natasha Leggero-actor, Kurt Koehler-actor, Eugene Kim-actor, Chris Williams-actor, Scot Armstrong-actor"
Sesame Street: Elmo's World: Opposites,2008-02-05,Family,Prime Video ,America,Movie,All (G),8.1/10,,"Jim Martin-director, Ted May-director, Victor DiNapoli-director, Kevin Clash-actor, Crystal Whaley-actor, Melissa Dino-actor, Tim Carter-actor, Carol-Lynn Parente-actor, Dr. Lewis Bernstein-actor, Belinda Ward-author, Cathi Turow-author, Judy Freudberg-author, Molly Boylan-author"
A Lover's Revenge,2005-10-17,"Crime, Mystery",Hulu,,Movie,7+ (PG),4.9/10,,"Douglas Jackson-director, Sophie Gendron-actor, Alexandra Paul-actor, William R. Moses-actor, Sonya Salomaa-actor"
Kippy!,2016-03-12,Comedy,Prime Video ,,TV Show,,,1,
Swades,2004-12-17,"Musical, Drama",Netflix,India,Movie,All (G),8.1/10,,"Ashutosh Gowariker-director, Shah Rukh Khan-actor, Gayatri Joshi-actor, Kishori Balal-actor, Smith Seth-actor, Lekh Tandon-actor, Rajesh Vivek-actor, Daya Shankar Pandey-actor, Farrukh Jaffar-actor, Vishnudutt Gaur-actor, Raja Awasthi-actor, Vishwa S. Badola-actor, Bhim Vakani-actor, Rahul Vohra-actor, Rajesh Balwani-actor, Bachan Pachera-actor, Shreyas Pandit-actor, Peter Rawley-actor, Makrand Deshpande-actor, Ashutosh Gowariker-actor, Sunita Gowariker-actor, Amin Hajee-author, Ashutosh Gowariker-author, Ayan Mukerji-author"
Blowing Up Spies: The Belgian Job,2015-11-27,Comedy,"Free Services, Prime Video",,Movie,,6.2/10,,"Pascal Rocteur-director, Guy Cohen-actor, Kristiaan Debusscher-actor, Hugues Hausman-actor, Michel Nabokoff-actor, Patrick Ridremont-actor, Vincent Fournier-actor, Pascal Rocteur-author, Vincent Fournier-author"
I Am Omega,2007-11-18,"Horror, Thriller","Free Services, Prime Video",America,Movie,13+ (PG-13),3.3/10,,"Griff Furst-director, Mark Dacascos-actor, Geoff Meed-actor, Jennifer Lee Wiggins-actor, Ryan Lloyd-actor, Joshua Schlegel-actor, Gregory Paul Smith-actor, Richard Matheson-author, David Raiklen-actor"
Malignant,2019-01-01,Drama,"Free Services, Prime Video",,Movie,,,,
Episode #1.1045,1968-07-24,"Drama, Romance",Prime Video ,,Movie,16+,,,
Auschwitz,1945-01-01,"Drama, Documentary",Free Services,,Movie,,6.2/10,,"Elizaveta Svilova-director, Elizaveta Svilova-author"
Blast,2004-01-01,"Action & Adventure, Comedy",Free Services,America,Movie,18+ (R),4.7/10,,"Anthony Hickox-director, Eddie Griffin-actor, Vinnie Jones-actor, Breckin Meyer-actor, Vivica A. Fox-actor, Nadine Velázquez-actor, Tom 'Tiny' Lister Jr.-actor, Nicky Andrews-actor, Joel Pollak-actor, Steven E. de Souza-author"
David,2013-02-01,"Action & Adventure, Drama","Prime Video, Prime Video",India,Movie,,6.2/10,,"Bejoy Nambiar-director, Vikram-actor, Neil Nitin Mukesh-actor, Vinay Virmani-actor, Tabu-actor, Monica Dogra-actor, Lara Dutta-actor, Isha Sharvani-actor, Sheetal Menon-actor, Nassar-actor, Nishan K. P. Nanaiah-actor, Prahlad Kakkar-actor, Remo Fernandes-actor, Calvin Manish-actor, Rubi Chakravarti-actor, Rohini Hattangadi-actor, Milind Soman-actor, John Vijay-actor, Saurabh Shukla-actor, Shweta Pandit-actor, Satish Kaushik-actor, Anupama Kumar-actor, Bejoy Nambiar-actor, Sharada Trilok-actor"
Expedition Amelia,2019-10-20,"Documentary, History",Disney+,Kiribati,Movie,,7.2/10,,"Chad Cohen-director, Allison Janney-actor, Robert D. Ballard-actor, Fredrik T. Hiebert-actor, Amelia Earhart-actor, Chad Cohen-actor, Christine Weber-actor, Chad Cohen-author"
Running Scared,1986-06-27,"Action & Adventure, Comedy","HBO MAX, Prime Video",America,Movie,18+ (R),6.5/10,,"Peter Hyams-director, Gregory Hines-actor, Billy Crystal-actor, Steven Bauer-actor, Darlanne Fluegel-actor, Joe Pantoliano-actor, Dan Hedaya-actor, Jon Gries-actor, Tracy Reed-actor, Jimmy Smits-actor, John DiSanti-actor, Larry Hankin-actor, Don Calfa-actor, Robert Lesser-actor, Betty Carvalho-actor, Louis Perez-actor, Etel Billig-actor, Meg Register-actor, Deanna Dunagan-actor, Jim Ortlieb-actor, Ernest Perry Jr.-actor, Al Leong-actor, David Foster-actor, Lawrence Turman-actor"
Alice in Wonderland,1951-07-28,"Animation, Fantasy","Disney+, Prime Video",America,Movie,All (G),7.4/10,,"Clyde Geronimi-director, Hamilton Luske-director, Wilfred Jackson-director, Kathryn Beaumont-actor, Ed Wynn-actor, Richard Haydn-actor, Sterling Holloway-actor, Jerry Colonna-actor, Verna Felton-actor, J. Pat O'Malley-actor, Bill Thompson-actor, Heather Angel-actor, Joseph Kearns-actor, Larry Grey-actor, Queenie Leonard-actor, Dink Trout-actor, Doris Lloyd-actor, James MacDonald-actor, Thurl Ravenscroft-actor, Bill Lee-actor, Max Smith-actor, Bob Hamlin-actor, Don Barclay-actor, Lucille Bliss-actor"
Ebola: The Story,2018-01-01,,Prime Video ,,Movie,,,,
The Last Survivors,2019-01-27,"Documentary, History","Kanopy, Prime Video",United Kingdom,Movie,,7.5/10,,"Arthur Cary-director, Ivor Perl-actor, Anita Lasker-Wallfisch-actor, Susan Pollack-actor, Maurice Blik-actor, Samuel Dresner-actor, Zigi Shipper-actor, Lydia Tischler-actor, Janine Webber-actor, Frank Bright-actor, Manfred Goldberg-actor, Gabor Lacko-actor, Renee Salt-actor, Maya Jacobs-Wallfisch-actor, Judy Perl-actor, Shary Goldberg-actor, Cynthia Bright-actor, Morgan Matthews-actor, Arthur Cary-author"
Live Nude Girls,2014-08-19,"Drama, Comedy","Free Services, Prime Video",America,Movie,,3.8/10,,"Jay Leggett-director, Dave Foley-actor, Tera Patrick-actor, Andy Dick-actor, Asa Akira-actor, Mike Hatton-actor, Bree Olson-actor, Har Mar Superstar-actor, Annemarie Pazmino-actor, Kristen DeLuca-actor, Mindy Robinson-actor, Matt Offerman-actor, Shaun Parker-actor, Christopher Zane Gordon-actor, Sam Tripoli-actor, Ken Hudson Campbell-actor, Mira Carr-actor, Missy Martinez-actor, Allegra Sophia Leuthold-actor, Chris Lorusso-actor, Christian Sesma-actor, Mark Sherman-actor, Asko Akopyan-actor, Barry Cohen-actor"
Kroll Show,2013-01-16,Comedy,"Free Services, Prime Video",,TV Show,14+ (TV-14),6.8/10,3,"Nick Kroll-actor, Jon Daly-actor, John Mulaney-actor, Jenny Slate-actor, Nick Kroll-actor"
Borat’s American Lockdown & Debunking Borat,2021-05-25,"Documentary, Comedy","Prime Video, Prime Video",,TV Show,14+ (TV-14),5.4/10,1,"Sacha Baron Cohen-actor, Maria Bakalova-actor"
ToddWorld,2004-11-08,"Family, Animation","Free Services, Prime Video",,TV Show,All (TV-G),7.3/10,2,"Chantal Strand-actor, Peter Kelamis-actor"
Mickey's Twice Upon a Christmas,2004-11-15,"Comedy, Animation","Disney+, Prime Video",America,Movie,All (G),6.4/10,,"Carole Holliday-director, Matthew O'Callaghan-director, Peggy Holmes-director, Theresa Cullen-director, Wayne Allwine-actor, Tony Anselmo-actor, Bill Farmer-actor, Jim Cummings-actor, Tress MacNeille-actor, Jeff Bennett-actor, Jason Marsden-actor, Chuck McCann-actor, Clive Revill-actor, Russi Taylor-actor, Alan Young-actor, Gregg Berger-actor, Cork Hubbert-actor, Kellie Martin-actor, Edie McClurg-actor, Rob Paulsen-actor, Peter Siragusa-actor, Gene Weygandt-actor, April Winchell-actor, Pam Marsden-actor"
Day of the Warrior,1996-02-14,"Action & Adventure, Thriller","Free Services, Prime Video",America,Movie,18+ (R),3.7/10,,"Andy Sidaris-director, Shae Marks-actor, Julie Strain-actor, Julie K. Smith-actor, Cristian Letelier-actor, Raye Hollitt-actor, Marcus Bagwell-actor, Rodrigo Obregón-actor, Justin Melvey-actor, Gerald Okamura-actor, Kevin Light-actor, Richard Cansino-actor, Cassidy Phillips-actor, Tammy Parks-actor, Darren Wise-actor, Ted Prior-actor, Carolyn Liu-actor, Kevin Eastman-actor, Christiva Turner-actor, Arlene Sidaris-actor, Christian Drew Sidaris-actor, Andy Sidaris-author, Ron Di Iulio-actor"
"Volo, House of Cars",2017-09-10,Reality,"Free Services, Prime Video",,TV Show,,5.2/10,1,
Jon Imber's Left Hand,2014-04-01,"Biography, Documentary","Free Services, Prime Video",America,Movie,,8.1/10,,"Richard Kane-director, Richard Kane-actor, Cleo Wilson-actor, John D. Eraklis-actor, Musa Mayer-actor, Robin Scheuer-actor, Richard Kane-author, Paul Stookey-actor, Peter Askim-actor"
Too Scared to Scream,1985-01-04,"Horror, Thriller","Prime Video, Prime Video",,Movie,18+ (R),5/10,,"Tony Lo Bianco-director, Mike Connors-actor, Anne Archer-actor, Leon Isaac Kennedy-actor, Ian McShane-actor, Ruth Ford-actor, John Heard-actor, Carrie Nye-actor, Maureen O'Sullivan-actor, Murray Hamilton-actor, Val Avery-actor, Chet Doherty-actor, Karen Rushmore-actor, Sully Boyar-actor, Harry Madsen-actor, Beeson Carroll-actor, Yvonne Talton Kersey-actor, Victoria Bass-actor, Glenn Leopold-author, Neal Barbera-author, Georges Garvarentz-actor"
A Guy Called Dad,,"Biography, Documentary",Prime Video ,,Movie,,7/10,,
Adventure,1945-12-28,"Comedy, Romance",Prime Video ,America,Movie,,6.2/10,,"Victor Fleming-director, Clark Gable-actor, Greer Garson-actor, Joan Blondell-actor, Thomas Mitchell-actor, Tom Tully-actor, John Qualen-actor, Richard Haydn-actor, Lina Romay-actor, Philip Merivale-actor, Harry Davenport-actor, Tito Renaldo-actor, Morris Ankrum-actor, Barbara Billingsley-actor, Betty Blythe-actor, Bess Flowers-actor, Dorothy Granger-actor, Robert Emmett O'Connor-actor, Ray Teal-actor, Martha Wentworth-actor, Byron Foulger-actor, Dick Elliott-actor, Sam Zimbalist-actor, Clyde Brion Davis-author"
San Pietro Island,2020-04-01,,Prime Video ,,Movie,,,,
Terra Willy,2022-05-13,"Animation, Comedy","Hulu, Prime Video",France,Movie,7+ (PG),6.6/10,,"Eric Tosti-director, Timothé Vom Dorp-actor, Edouard Baer-actor, Marie-Eugénie Maréchal-actor, Guillaume Lebon-actor, Barbara Tissier-actor, Jean-François Tosti-actor, David Alaux-author, Eric Tosti-author, Jean-François Tosti-author, Olivier Cussac-actor"
Be Natural: The Untold Story of Alice Guy-Blaché,2018-12-07,"Biography, Documentary","Kanopy, Prime Video",America,Movie,,7.7/10,,"Pamela B. Green-director, Jodie Foster-actor, Richard Abel-actor, Marc Abraham-actor, Stephanie Allain-actor, Gillian Armstrong-actor, John Bailey-actor, Cari Beauchamp-actor, Lake Bell-actor, Peter Billingsley-actor, James Bobin-actor, Serge Bromberg-actor, Kevin Brownlow-actor, Jon M. Chu-actor, Diablo Cody-actor, Bobby Cohen-actor, Howard Cohen-actor, Susan Constantine-actor, Julie Corman-actor, Robert Dassanowsky-actor, Julie Delpy-actor, Geena Davis-actor, Pamela B. Green-actor, Geralyn White Dreyfous-actor"
The Cheetah Girls,2003-08-15,"Comedy, Drama","Disney+, Prime Video",Canada,Movie,All (G),4.7/10,,"Oz Scott-director, Raven-Symoné-actor, Adrienne Bailon-Houghton-actor, Kiely Williams-actor, Sabrina Bryan-actor, Lynn Whitfield-actor, Sandra Caldwell-actor, Juan Chioran-actor, Lori Alter-actor, Kyle Schmid-actor, Denton Rowe-actor, Vince Corazza-actor, Linette Robinson-actor, Kyle Saunders-actor, Rothaford Gray-actor, My Anh Tran-actor, Kim Roberts-actor, Vanessa Thompson-actor, Cheryl Hill-actor, Jacqueline George-actor, Whitney Houston-actor, Alison Taylor-author"
A Deadly Legend,2020-07-24,Horror,"Free Services, Prime Video",,Movie,,2.6/10,,"Pamela Moriarty-director, Lori Petty-actor, Corbin Bernsen-actor, Judd Hirsch-actor, Summer Crockett Moore-actor, Kristen Anne Ferraro-actor, Steven Hauck-actor, Jeffrey Doornbos-actor, Wayne Pyle-actor, John Pope-actor, Eric Wolf-actor, Dwayne A. Thomas-actor, Shravan Amin-actor, Andee Buccheri-actor, Eric Wolf-author"
Scooby-Doo! Frankencreepy,2014-08-19,"Action & Adventure, Animation","HBO MAX, Prime Video",America,Movie,7+ (PG),6.6/10,,"Paul McEvoy-director, Casey Kasem-actor, John Stephenson-actor, Grey DeLisle-actor, Matthew Lillard-actor, Frank Welker-actor, Mindy Cohn-actor, Dee Bradley Baker-actor, Diedrich Bader-actor, Susanne Blakeslee-actor, Eric Bauza-actor, Jeff Bennett-actor, Fred Tatasciore-actor, Kevin Michael Richardson-actor, Corey Burton-actor, Candi Milo-actor, Paul McEvoy-actor, James Krieg-author, Andy Sturmer-actor"
Kit ^n^ Kate,2014-01-01,"Animation, Children","Free Services, Prime Video",,TV Show,All (TV-G),6.7/10,2,
Vegas Chef Prizefight,2020-03-05,"Food, Reality","Free Services, Prime Video",,TV Show,,6.4/10,1,"Anne Burrell-actor, Eileen Moore-actor, Scott Conant-actor"
Dirty Lies,2016-02-23,"Drama, Crime","Free Services, Prime Video",America,Movie,16+,4.4/10,,"Jamie Marshall-director, Tania Raymonde-actor, AJ Michalka-actor, Lili Simmons-actor, Scout Taylor-Compton-actor, Keith David-actor, Francia Raisa-actor, Bryan Callen-actor, Mark L. Young-actor, Beau Knapp-actor, Troy Evans-actor, Aqueela Zoll-actor, Kevin Porter-actor, Fernando Chien-actor, Katrina Begin-actor, Doug Haley-actor, Steve Wilder-actor, Jesse Medeles-actor, Ilia Yordanov-actor, Carlos Javier Castillo-actor, Cher Santiago-actor, Vito D'Amico-actor, Carol Ann Shine-actor, Jamie Marshall-actor"
Deadbolt,2018-06-24,"Drama, Crime","Free Services, Prime Video",,Movie,,,,
Death Note,2017-08-25,"Horror, Anime",Netflix,America,Movie,18+ (R),4.5/10,,"Adam Wingard-director, Nat Wolff-actor, Lakeith Stanfield-actor, Willem Dafoe-actor, Margaret Qualley-actor, Shea Whigham-actor, Paul Nakauchi-actor, Jason Liles-actor, Michael Shamus Wiles-actor, Artin John-actor, David S. Jung-actor, Tony Ali-actor, Christopher Britton-actor, Masi Oka-actor, Matthew Kevin Anderson-actor, Barbara Beall-actor, Lia Lam-actor, Christian Sloan-actor, Jessica McLeod-actor, Cole Vigue-actor, Olena Medwid-actor, Paul McGillion-actor, Dan Lin-actor, Jason Hoffs-actor"
Outsiders,2022-03-11,"Mystery, Science-Fiction","Hoopla, Prime Video",Australia,Movie,18+ (R),3.7/10,,"Delmar Washington-director, Skylan Brooks-actor, Shane West-actor, Hart Denton-actor, Clark Backo-actor, Rutina Wesley-actor, Diamond White-actor, Zak Stein-actor, Michael Shamus Wiles-actor, Bill Engvall-actor, Taryn Manning-actor, Tucker Morgan-author"
Date and Switch,2014-02-14,"Drama, Comedy","Free Services, Prime Video",America,Movie,18+ (R),5.7/10,,"Chris Nelson-director, Nicholas Braun-actor, Hunter Cope-actor, Dakota Johnson-actor, Zach Cregger-actor, Nick Offerman-actor, Gary Cole-actor, Megan Mullally-actor, Sarah Hyland-actor, Brian Geraghty-actor, Rob Huebel-actor, Wendi McLendon-Covey-actor, Aziz Ansari-actor, Dustin Ybarra-actor, Adam DiMarco-actor, Larry Wilmore-actor, Ray Santiago-actor, Luis Javier-actor, Cainan Wiebe-actor, Hailey Wiebe-actor, Samuel Patrick Chu-actor, William Vaughan-actor, Alan Yang-author"
Killing for Love,2016-10-27,"Crime, Documentary",Prime Video ,Denmark,Movie,,7/10,,"Karin Steinberger-director, Marcus Vetter-director, Imogen Poots-actor, Daniel Brühl-actor, Jens Söring-actor, Gail Ball-actor, Steven Rosenfield-actor, Tom Elliott-actor, Ricky Gardner-actor, Gail Marshall-actor, Chuck Reid-actor, Carlos Santos-actor, Ed Sulzbach-actor, William Sweeney-actor, Dave Watson-actor, Rich Zorn-actor, Karin Steinberger-author, Marcus Vetter-author, Jens Ole Huerkamp-actor"
Success Is the Best Revenge,1984-05-26,Drama,"Free Services, Prime Video",France,Movie,18+ (R),5.8/10,,"Jerzy Skolimowski-director, Michael York-actor, John Hurt-actor, Anouk Aimée-actor, Michel Piccoli-actor, Michal Skolimowski-actor, Józef Skolimowski-actor, Jane Asher-actor, Joanna Szczerbic-actor, Tristram Jellinek-actor, Hilary Drake-actor, Archie Pool-actor, Bill Monks-actor, Perry Fenwick-actor, Mike Sarne-actor, Gabor Vernon-actor, Ralph Nossek-actor, Jerzy Skolimowski-actor, Jerzy Skolimowski-author"
Dreamgirls,2006-12-25,"Musical, Drama","HBO, Prime Video",America,Movie,13+ (PG-13),6.5/10,,"Bill Condon-director, Jamie Foxx-actor, Beyoncé-actor, Eddie Murphy-actor, Danny Glover-actor, Jennifer Hudson-actor, Anika Noni Rose-actor, Keith Robinson-actor, Sharon Leal-actor, Hinton Battle-actor, Ken Page-actor, Mariah I. Wilson-actor, Yvette Cason-actor, Ralph Louis Harris-actor, Michael-Leon Wooley-actor, Loretta Devine-actor, John Lithgow-actor, John Krasinski-actor, Jocko Sims-actor, Alexander Folk-actor, Esther Scott-actor, Laura Bell Bundy-actor, David Geffen-actor, Laurence Mark-actor"
Take a Giant Step,1959-12-01,"Romance, Drama","Prime Video, Prime Video",America,Movie,,6.9/10,,"Philip Leacock-director, Johnny Nash-actor, Estelle Hemsley-actor, Ruby Dee-actor, Frederick O'Neal-actor, Beah Richards-actor, Ellen Holly-actor, Paulene Myers-actor, Royce Wallace-actor, Frances Foster-actor, Roy Glenn-actor, Dee Pollock-actor, Bill Walker-actor, Bernie Hamilton-actor, Delmar Erickson-actor, Sherman Raskin-actor, Julius J. Epstein-actor, Julius J. Epstein-author, Louis S. Peterson-author, Jack Marshall-actor"
Pair of Aces,1990-01-01,"Drama, Crime",Free Services,,Movie,7+ (PG),5.2/10,,"Aaron Lipstadt-director, Kris Kristofferson-actor, Willie Nelson-actor, Rip Torn-actor, Lash La Rue-actor, Helen Shaver-actor, Weasel Forshaw-actor, Doris Hargrave-actor, Emily Warfield-actor, William Fair-actor, Sonny Carl Davis-actor, Cyrus Yavneh-actor, Bud Shrake-author, Gary Cartwright-author"
Bittu,2020-04-03,Drama,HBO MAX,India,Movie,,6.7/10,,"Karishma Dube-director, Rani Kumari-actor, Renu Kumari-actor, Krishna Negi-actor, Karishma Dube-author"
Messiah,2016-04-23,"Drama, Horror",Prime Video ,,Movie,,9.3/10,,
Reasons of the Heart,1998-01-01,Romance,Hallmark Movies Now,America,Movie,7+ (PG),5.8/10,,"Rick Jacobson-director, Terry Farrell-actor, Mimi Kennedy-actor, Leon Russom-actor, Gloria Dorson-actor, Jim Davidson-actor"
"Life, Animated",2016-03-03,"Animation, Documentary","Free Services, Prime Video",America,Movie,7+ (PG),7.4/10,,"Roger Ross Williams-director, Owen Suskind-actor, Ron Suskind-actor, Jonathan Freeman-actor, Gilbert Gottfried-actor, Julie Goldman-actor, Roger Ross Williams-actor, Molly Thompson-actor, Robert DeBitetto-actor, Robert Sharenow-actor, Ron Suskind-actor, Dylan Stark-actor, T. Griffin-actor"
Shooom's Odyssey,2020-01-29,"Animation, Anime",Kanopy,France,Movie,,7.9/10,,"Carol Freeman-director, Julien Bisaro-director, Sonja Rohelder-director, Oscar Pauleau-actor, Thierry Desroses-actor, Prune Bozo-actor, Effie Rey-actor, Claire Paoletti-author, Julien Bisaro-author"
Johnny Cash: The Line: Walking with a Legend,2008-01-01,,Free Services,,Movie,,,,
Sinbad and the Minotaur,2011-05-07,"Action & Adventure, Fantasy",Prime Video ,Australia,Movie,,3.1/10,,"Karl Zwicky-director, Manu Bennett-actor, Holly Brisley-actor, Dimitri Baveas-actor, Lily Brown-actor, Jim Noble-author"
Generation Zapped,2017-06-16,"Animation, Documentary",Free Services,,Movie,7+ (PG),7/10,,"Sabine El Gemayel-director, Carolyn Chen-actor, Sabine El Gemayel-actor, Sabine El Gemayel-author, Jordan Halpern Schwartz-actor"
Superman/Batman: Apocalypse,2010-09-28,"Action & Adventure, Animation","HBO MAX, Prime Video",America,Movie,13+ (PG-13),7/10,,"Lauren Montgomery-director, Tim Daly-actor, Kevin Conroy-actor, Summer Glau-actor, Edward Asner-actor, Andre Braugher-actor, Susan Eisenberg-actor, Rachel Quaintance-actor, Tara Strong-actor, Julianne Grossman-actor, Bobbie Page-actor, Lauren Montgomery-actor, Benjamin Melniker-actor, Bruce Timm-actor, Michael Uslan-actor, Sam Register-actor, Tab Murphy-author, John Paesano-actor"
Lakota Girls,2017-05-20,"Drama, Family",Free Services,,Movie,,7.4/10,,
Death Alley,2021-03-11,,"Free Services, Prime Video",,Movie,,3.2/10,,"Nicholas Barton-director, Delno Ebie-actor, Nicholas Barton-actor, Corey Cannon-actor, Julia Grace Anderson-actor, Ryan T. Johnson-actor, Josh Outzen-actor, Justin France-actor, Carl Bailey-actor, Kaye Brownlee-France-actor, Constance Consola-actor, Nicholas Barton-author"
Cerise,2015-04-01,"Family, Comedy",Prime Video ,France,Movie,7+ (PG),5.5/10,,"Jérôme Enrico-director, Zoé Adjani-actor, Jonathan Zaccaï-actor, Tania Vuchkova-actor, Pierre Derenne-actor, Olivia Côte-actor, Mykola Mateshko-actor, Emilia Radeva-actor, Yavor Ralinov-actor, Alain Goldman-actor, Irina Gontchar-author, Jérôme Enrico-author, Marc Chouarain-actor, Michel Ochowiak-actor"
Live Nude Girls Unite!,2000-10-06,"Drama, Documentary","Fandor, Prime Video",America,Movie,,6.4/10,,"Julia Query-director, Vicky Funari-director, Siobhan Brooks-actor"
Wellington Bomber,2010-09-14,Documentary,Free Services,,Movie,,7.9/10,,
Outfoxed: Rupert Murdoch's War on Journalism,2004-07-14,Documentary,"Free Services, Prime Video",America,Movie,,7.5/10,,"Robert Greenwald-director, Christiane Amanpour-actor, George W. Bush-actor, George Carlin-actor, Tom Brokaw-actor, Harry Belafonte-actor, Neil Cavuto-actor, Al Franken-actor, Bill O'Reilly-actor, Jon Stewart-actor, Richard Clarke-actor, Robert Greenwald-actor"
I Am Slave,2010-01-01,"Drama, Thriller","Free Services, Prime Video",,Movie,,6.7/10,,"Gabriel Range-director, Wunmi Mosaku-actor, Isaach De Bankolé-actor, Nyokabi Gethaiga-actor, Igal Naor-actor, Nasser Memarzia-actor, Sirine Saba-actor, Farzana Dua Elahe-actor, Liza Marshall-actor, Jeremy Brock-author"
Robot World,2015-09-13,"Mystery, Science-Fiction","Free Services, Prime Video",United Kingdom,Movie,,3.8/10,,"Neil Rowe-director, Ian Rowe-actor, Tamsyn Pickford-actor, Claire Soper-actor, Lisa Mitchell-actor, Amanda Rowe-actor, Neil Rowe-actor, Jacob Peter Rowe-actor, Paul Soper-actor, Tony Mitchell-actor, Alex Soper-actor, Izzy Soper-actor, Olivia Mitchell-actor, Amanda Rowe-actor, Neil Rowe-actor, Jason Price-actor, Neil Rowe-author"
The Horse Dancer,2017-01-07,"Sport, Romance","Free Services, Prime Video",,Movie,All (G),4.5/10,,"Joel Paul Reisig-director, Richard Karn-actor, Jason London-actor, Sophie Bolen-actor, Kristen Ryda-actor, Rachel Sowers-actor, Kristin Mellian-actor, Carl Harry Carlson-actor"
The Wonder Years,1988-01-31,"Family, Comedy",Free Services,America,TV Show,7+ (TV-PG),8.4/10,6,"Fred Savage-actor, Dan Lauria-actor, Alley Mills-actor, Olivia d'Abo-actor, Jason Hervey-actor, Danica McKellar-actor, Josh Saviano-actor, Daniel Stern-actor, Bob Stevens-actor, David Chambers-actor, Jill Gordon-actor, Ken Topolsky-actor, Kerry Ehrin-actor, Matthew Carlson-actor, Michael Dinner-actor, Steve Miner-actor, Bob Brush-actor, Carol Black-actor, Neal Marlens-actor, Carol Black-actor, Neal Marlens-actor"
Nbisiing,2020-10-05,,Prime Video ,,Movie,,,,"Cole Forrest-director, Cole Forrest-author"
Secuestro Express,2004-06-01,"Action & Adventure, Drama",Prime Video ,Venezuela,Movie,18+ (R),6.4/10,,"Jonathan Jakubowicz-director, Mía Maestro-actor, Rubén Blades-actor, Carlos Julio Molina-actor, Pedro Perez-actor, Carlos Madera-actor, Jean Paul Leroux-actor, Miguelangel Landa-actor, Jonathan Jakubowicz-author"
Monica The Medium,2015-08-25,"Reality, Fantasy",Prime Video ,,TV Show,14+ (TV-14),5.3/10,2,
Haunted,2017-11-24,"Drama, Crime",Prime Video ,Norway,Movie,,4.8/10,,"Carl Christian Raabe-director, Synnøve Macody Lund-actor, Ebba Steenstrup Såheim-actor, Ken Vedsegaard-actor, Robert Skjærstad-actor, Jorunn Kjellsby-actor, Pål Espen Kilstad-actor, Ola Otnes-actor, Eduardo Garcia-Drageseth-actor, Cecilie Jørstad-actor, Jan Alfred Sandven-actor, Nicolai Moland-actor, Maja Lunde-author"
Poster Boys,2017-09-08,Comedy,Netflix,India,Movie,13+ (PG-13),5.4/10,,"Shreyas Talpade-director, Sunny Deol-actor, Bobby Deol-actor, Shreyas Talpade-actor, Randheer Rai-actor, Sonali Kulkarni-actor, Somesh Agarwal-actor, Tasha Bhambra-actor, Samrat Raichand-actor, Tripti Dimri-actor, Sneha Rajani-actor, Tanishk Bagchi-actor"
Crush,2009-11-12,"Romance, Drama",Fandor,America,Movie,,5.5/10,,"Michael J. Saul-director, Randy Bautista-actor, Seriina Covarrubias-actor, Yan Cui-actor, Jorge Diaz-actor, Sean Edwards-actor, Nicky Endres-actor, Kyle Fain-actor, Edwin Kho-actor, Megan Lee-actor, Roman Marshanski-actor, Paul Martinez-actor, Michael Massei-actor, Michael J. Saul-author"
"I, Paul",,"Drama, Biography",Prime Video ,,Movie,,7.9/10,,
The Killing Jar,1997-05-27,"Thriller, Drama",Free Services,America,Movie,18+ (R),4.4/10,,"Evan Crooke-director, Brett Cullen-actor, Tamlyn Tomita-actor, Xander Berkeley-actor, Tom Bower-actor, Brion James-actor, Frank McRae-actor, John Philbin-actor, Wes Studi-actor, M. Emmet Walsh-actor, Shelly Strong-actor, Stanley T. Crooke-actor, Mark Mullin-author"
Sin,2021-07-17,Horror,"Free Services, Prime Video",America,Movie,,5.5/10,,"Don Tjernagel-director, Don Tjernagel-actor, Matt Lee Ingebritson-actor, Clint Boevers-actor, Brodie Blubaugh-actor"
Stalked by My Mother,2016-09-26,"Mystery, Thriller",Prime Video ,America,Movie,16+,5.1/10,,"Doug Campbell-director, Jennifer Taylor-actor, Danielle C. Ryan-actor, Mia Topalian-actor, Skye McDonald-actor, Ted Jonas-actor, Juliana Destefano-actor, Mim Drew-actor, Amelia Fischer-actor, Spencer Neville-actor, Leith M. Burke-actor, Kevin Scott Allen-actor, Devante Winfrey-actor, Joe Hackett-actor, Susan Beaubian-actor, Thomas Silcott-actor, Tina Martin-actor, Shae Smolik-actor, Brian McGovern-actor, Sergio Carmona-actor, Doug Campbell-author"
Return to Cuba,2016-06-13,"Biography, Documentary","Kanopy, Prime Video",Canada,Movie,,8.3/10,,David Fabrega-director
Chemical Wedding,2008-05-04,"Mystery, Horror",Prime Video ,United Kingdom,Movie,,4.7/10,,"Julian Doyle-director, Simon Callow-actor, John Shrapnel-actor, Kal Weber-actor, Lucy Cudden-actor, Jud Charlton-actor, Paul McDowell-actor, Geoff Breton-actor, Esmé Bianco-actor, Terence Bayler-actor, Richard Franklin-actor, Helen Millar-actor, Ben Timlett-actor, Malcolm Kohll-actor, David Pupkewitz-actor, Karl Richards-actor, Patrick Vien-actor, Paul Astrom Andrews-actor, Peter Bevan-actor, Peter Dale-actor, Rod Smallwood-actor, Bruce Dickinson-author, Julian Doyle-author, André Jacquemin-actor"
Todrick,2015-08-31,"Musical, Documentary","Free Services, Prime Video",,TV Show,7+ (TV-PG),7.4/10,1,Todrick Hall-actor
Seduced: Inside the NXIVM Cult,2020-10-18,"Documentary, Crime","Free Services, Prime Video",,TV Show,18+ (TV-MA),7.3/10,1,"Catherine Oxenberg-actor, India Oxenberg-actor, Jaclyn Cangro-actor, Tabitha Chapman-actor, Steve Hassan-actor, Janja Lalich-actor, Kelly Thiel-actor, Ana Biskupljanin-actor, Sarah Strunin-actor, Tara Anaïse-actor, Tracie Laymon-actor, Traci Galbraith-actor, Alexandra Milchan-actor, Cecilia Peck-actor, Daniel Voll-actor, Inbal B. Lessner-actor, India Oxenberg-actor"
Safalta 0 Km,2020-02-14,Drama,Prime Video ,India,Movie,,8.2/10,,"Akshay Yagnik-director, Dharmesh Yelande-actor, Nikunj Modi-actor, Manisha Thakur-actor, Dharmesh Vyas-actor, Kurush Deboo-actor, Uday Modi-actor, Tarun Nihalani-actor, Patel Shivani-actor, Shivani Joshi-actor, Shivam Tiwari-actor, Paurvi Joshi-actor, Mann Patel-actor, Mahi Joshi-actor, Krish Soni-actor"
Scheherazade,1963-05-10,"Drama, Action & Adventure","Fandor, Prime Video",France,Movie,,5.6/10,,"Pierre Gaspard-Huit-director, Anna Karina-actor, Gérard Barray-actor, António Vilar-actor, Giuliano Gemma-actor, Marilù Tolo-actor, Fausto Tozzi-actor, Gil Vidal-actor, Jorge Mistral-actor, Fernando Rey-actor, Joëlle LaTour-actor, Rafael Albaicín-actor, Karamoko Cisse-actor, María Calvi-actor, José Calvo-actor, Félix Fernández-actor, María Granada-actor, José Manuel Martín-actor, Lorella De Luca-actor, Jean-Luc Godard-actor, Rico López-actor, José Gutiérrez Maesso-author, Marc-Gilbert Sauvajon-author, Pierre Gaspard-Huit-author"
Wayside School,2005-10-01,"Animation, Comedy","Free Services, Prime Video",Canada,Movie,,6.2/10,,"Riccardo Durante-director, Michael Cera-actor, Kedar Brown-actor, Terry McGurrin-actor, Kathy Najimy-actor, John Derevlany-author, Lin Oliver-author"
Life Imitation,2017-03-22,Documentary,Prime Video ,China,Movie,,7.1/10,,"Zhou Chen-director, Zhou Chen-author"
The Assent,2020-01-09,"Horror, Mystery","Free Services, Prime Video",America,Movie,,4.2/10,,"Pearry Reginald Teo-director, Robert Kazinsky-actor, Peter Jason-actor, Hannah Ward-actor, Caden Dragomer-actor, Douglas Spain-actor, Eileen Dietz-actor, Margarita Reyes-actor, Florence Faivre-actor, Luca Bleu Darnell-actor, William ""Will"" Daubert-actor, Megan Henry-actor, Austin McMains-actor, Lais Pedroso-actor, Josh Schultz-actor, Sarah Schultz-actor, Ashton Riordan Teo-actor, Pearry Reginald Teo-author"
The Lucifer Complex,1978-01-01,Science-Fiction,"Free Services, Prime Video",America,Movie,,2.3/10,,"David L. Hewitt-director, Kenneth Hartford-director, Robert Vaughn-actor, Merrie Lynn Ross-actor, Keenan Wynn-actor, Aldo Ray-actor, Victoria Carroll-actor, Kiều Chinh-actor, Glenn Ransom-actor, Lynn Cartwright-actor, Corinne Cole-actor, Carol Terry-actor, Leo Gordon-actor"
Grindin',2007-08-21,Comedy,"Free Services, Prime Video",,Movie,,3.2/10,,"Marcello Thedford-director, Lawrence B. Adisa-actor, Richard Whiten-actor, Sam Sarpong-actor, Omar Benson Miller-actor, Charles Malik Whitfield-actor, Marcello Thedford-actor, French Stewart-actor, Regina King-actor, Cynthia Sophiea-actor, Michael Zois-actor, Kyle Armour-actor, Davis Campbell-actor, Taka Valentine-actor, Ronnie Warner-actor, Erin Wiley Sands-actor, Malik Barnhardt-actor, Kelly Hilaire-actor, Harace Carpenter-actor, Holly Hindman-actor, Angela Antinori-actor, Karim Mahmud-actor, Lawrence B. Adisa-actor, Malik Barnhardt-actor"
Lesa Lesa,2003-05-16,"Drama, Romance","Prime Video, Prime Video",India,Movie,,6.1/10,,"Priyadarshan-director, Shaam-actor, Trisha Krishnan-actor, R. Madhavan-actor, Vivek-actor, Cochin Haneefa-actor, Radha Ravi-actor, Sreenivasan-actor, Mayilsamy-actor, Innocent-actor, Sathyapriya-actor, Fathima Babu-actor, Kovai Senthil-actor, Nandhu-actor, Major Ravi-actor, Rajendran-actor, Vikram Singh-actor, Harris Jayaraj-actor"
Brown's Canyon,2017-11-03,Drama,"Free Services, Prime Video",,Movie,,7.5/10,,"John Helde-director, Sara Rucker Thiessen-actor, Eric Jordan-actor, Carter Rodriquez-actor, Jenn Ruzumna-actor, Lisa Every-actor, John Helde-author"
The Christmas Gift,1986-12-21,"Action & Adventure, Drama",Free Services,,Movie,,6.5/10,,"Michael Pressman-director, John Denver-actor, Jane Kaczmarek-actor, Edward Winter-actor, Gennie James-actor, Pat Corley-actor, Mary Wickes-actor, James T. Callahan-actor, 柯特伍德·史密斯-actor, Anne Haney-actor, Christopher Grabenstein-author"
The Second Life of Jamie P,2019-08-16,Documentary,"Free Services, Prime Video",,Movie,,,,Roger Sherman-director
Tidy Tims,2020-02-15,Comedy,"Free Services, Prime Video",America,Movie,,4.9/10,,"Shane Woodson-director, Shane Woodson-actor, Rich Williams-actor, Jennifer Day-actor, Andy Dick-actor, Drew Hale-actor, Rey Marz-actor, Bridget Powers-actor, Susan Spano-actor, Linda Michaels-actor, Jared Levin-actor, Mark Taormino-actor, Victoria De Mare-actor, Elizabeth Langley-actor, Laura Meadows-actor, Kathy Bell Denton-actor, Twana Barnett-actor, Cali Morales-actor, Britt Prentice-actor, Robert E. Weiner-actor, Steve Fix-actor, Brittannie Bohman-actor, Drew Hale-actor, Shane Woodson-actor"
"Small Space, Big Style",2006-06-01,Home & Garden,"Discovery+, Prime Video",,TV Show,All (TV-G),5.4/10,5,
"The Drew: No Excuse, Just Produce",2016-04-29,"Biography, Documentary","Free Services, Prime Video",,Movie,,7.9/10,,"Baron Davis-director, Chad Gordon-director, Kevin Durant-actor, DeMar DeRozan-actor, Brandon Jennings-actor, Baron Davis-actor, Baron Davis-actor, Chad Gordon-actor, Baron Davis-author"
Deathwatch,2012-09-04,Horror,Prime Video ,,Movie,,,,
A Billion Lives,2016-05-11,"History, Documentary",Free Services,America,Movie,,8/10,,"Aaron Biebert-director, Clive Bates-actor, Delon Human-actor, Oliver Kershaw-actor, Jeff Stiers-actor, John Summers-actor, Aaron Biebert-actor"
Les Mistons,1957-11-14,Comedy,The Criterion Channel,France,Movie,,7.1/10,,"François Truffaut-director, Gérard Blain-actor, Bernadette Lafont-actor, Michel François-actor, Alain Baldy-actor, Robert Bulle-actor, Henri Demaegdt-actor, Dimitri Moretti-actor, Daniel Ricaulx-actor, François Truffaut-author, Maurice Le Roux-actor"
UFO Chronicles: Cosmic Watergate,2013-01-01,Documentary,"Free Services, Prime Video",,Movie,16+,6.5/10,,
House Hunters Renovation,2012-09-23,"Home & Garden, Reality","Free Services, Prime Video",,TV Show,All (TV-G),6.5/10,18,
Revenge of the Lost,2017-06-21,"Drama, Horror","Free Services, Prime Video",America,Movie,,3.6/10,,"Erik Franklin-director, Ivey Bronwen-actor, Erik Franklin-actor, Jerry Nash-actor, Jay G. Hill-actor, Daniel Husser-author, Erik Franklin-author"
Resurgence,,Action & Adventure,Prime Video ,,Movie,,,,
Underworld,2003-09-19,"Fantasy, Horror","HBO MAX, Prime Video",Germany,Movie,18+ (R),7/10,,"Len Wiseman-director, Kate Beckinsale-actor, Scott Speedman-actor, Michael Sheen-actor, Shane Brolly-actor, Bill Nighy-actor, Erwin Leder-actor, Sophia Myles-actor, Robbie Gee-actor, Wentworth Miller-actor, Kevin Grevioux-actor, Zita Görög-actor, Scott McElroy-actor, Richard Cetrone-actor, Mike Mukatis-actor, Dennis J. Kozeluh-actor, Todd Schneider-actor, Sándor Bolla-actor, Hank Amos-actor, Zsuzsa Barsi-actor, Andreas Patton-actor, Danny McBride-actor, Gary Lucchesi-actor, Richard S. Wright-actor"
Ricky Oh: The Animation,2017-10-25,Documentary,Prime Video ,,Movie,,7.2/10,,"Michael Brown-director, Michael Brown-actor, Anne Benson-actor, Todd Dehring-actor, Angela Olson-actor"
Mother's Day,2018-09-03,Drama,BritBox,United Kingdom,Movie,,7.5/10,,"Fergus O'Brien-director, Anna Maxwell Martin-actor, Vicky McClure-actor, Daniel Mays-actor, David Wilmot-actor, Richard Dillane-actor, Simone Kirby-actor, Patrick Fitzsymons-actor, Erin Foley-actor, Conor Mullen-actor, Anna Healy-actor, Carole Moore-actor, Fra Gunn-actor, Melanie Kilburn-actor, Adam Mitchell-actor, Noah Valentine-actor, Siena Spiro-actor, James Quinn Markey-actor, Harvey Chaisty-actor, Carly Kane-actor, Gerard Lee-actor, Liam McCheyne-actor, Scott Bassett-actor, Nick Leather-author"
Laundry Man,2016-04-05,Horror,Free Services,Belgium,Movie,,2.9/10,,"Johan Vandewoestijne-director, Gunther Vanhuysse-actor, Ignace Paepe-actor, Sharon Slosse-actor, Massimiliano Cerchi-actor, Vanessa de Largie-actor, Ziva Marshall-actor, Johan Vandewoestijne-author"
Father's Kingdom,2017-11-11,"Biography, Documentary","Free Services, Prime Video",,Movie,16+,6.9/10,,Lenny Feinberg-director
Nectar,2020-08-22,"Drama, Romance",Free Services,,Movie,,9/10,,"Josh Kidd-director, Josh Kidd-actor, Maria Mercedes Galuppo-actor, Freddie Connor-actor, Astante James-actor"
The Weekend,1999-06-28,Drama,Prime Video ,,Movie,,6.1/10,,"Brian Skeet-director, Gena Rowlands-actor, Brooke Shields-actor, Deborah Kara Unger-actor, Jared Harris-actor, David Conrad-actor, James Duval-actor, D. B. Sweeney-actor, Gary Dourdan-actor, Jessica Morris-actor, Ian Benson-actor, Brian Skeet-author, Peter Cameron-author, Dan Jones-actor, Sarah Class-actor"
Leona Helmsley: The Queen of Mean,1990-09-23,Drama,Free Services,America,Movie,,6.4/10,,"Richard Michaels-director, Suzanne Pleshette-actor, Lloyd Bridges-actor, Joe Regalbuto-actor, Raymond Singer-actor, Bruce Weitz-actor, Marcia Diamond-actor, Patricia Collins-actor, Gale Garnett-actor, Lori Hallier-actor, Ken James-actor, Victoria Snow-actor, Eric Donkin-actor, Maurice Godin-actor, Marvin Goldhar-actor, Ransdell Pierson-actor, Ransdell Pierson-author"
Irma Vep,1996-11-13,"Drama, Comedy",HBO MAX,France,Movie,,7/10,,"Olivier Assayas-director, Maggie Cheung-actor, Jean-Pierre Léaud-actor, Nathalie Richard-actor, Antoine Basler-actor, Nathalie Boutefeu-actor, Alex Descas-actor, Dominique Faysse-actor, Arsinée Khanjian-actor, Bernard Nissile-actor, Olivier Torres-actor, Bulle Ogier-actor, Lou Castel-actor, Jacques Fieschi-actor, Estelle Larrivaz-actor, Balthazar Clémenti-actor, Lara Cowez-actor, Dominique Cuny-actor, Jessica Doyle-actor, Sandra Faure-actor, Catherine Ferny-actor, Maryel Ferraud-actor, Olivier Assayas-author, Philippe Richard-actor"
Guess How Much I Love You: The Adventures of Little Nutbrown Hare - An Enchanting Easter,2019-04-11,"Animation, Family",Prime Video ,Australia,Movie,All (G),,,
King in the Wilderness,2018-01-22,Documentary,"HBO MAX, Prime Video",America,Movie,16+,7.9/10,,"Peter W. Kunhardt-director, Martin Luther King-actor, Joan Baez-actor, Harry Belafonte-actor, Clarence Jones-actor, Bernard LaFayette Jr.-actor, Andrew Young-actor, C.T. Vivian-actor, John Lewis-actor, Cleveland Sellars-actor, Joseph Califano-actor, Diane Nash-actor, Dorothy cotton-actor, Mary Lou-actor, Henry Mitchell-actor, Jessie Jackson-actor, James Meredith-actor, Stokely Carmichael-actor, Coretta Scott King-actor, Arnold Michaels-actor, Robert F. Kennedy-actor, Marian Wright Edelman-actor, George Kunhardt-actor, Teddy Kunhardt-actor"
Quarantine L.A.,2016-03-17,"Science-Fiction, Horror",Free Services,America,Movie,,2.4/10,,"Filip Maciejewicz-director, Bo Linton-actor, Eugenia Kuzmina-actor, Adrian Voo-actor, Adia Dinh-actor, Dillaran Martin-actor, Lucas Barker-actor, Filip Maciejewicz-author"
Unhappy Happy,2013-09-12,"Drama, Comedy",Prime Video ,,Movie,,7/10,,
Baazigar,1993-11-12,"Crime, Thriller",Prime Video ,India,Movie,13+ (PG-13),7.6/10,,"Abbas Alibhai Burmawalla-director, Mastan Alibhai Burmawalla-director, Shah Rukh Khan-actor, Kajol-actor, Shilpa Shetty Kundra-actor, Rakhee Gulzar-actor, Dalip Tahil-actor, Ananth Narayan Mahadevan-actor, Dinesh Hingoo-actor, Johnny Lever-actor, Siddharth Ray-actor, Resham Tipnis-actor, Adi Irani-actor, Sharad Sankla-actor, Daboo Malik-actor, Raju Srivastava-actor, Ganesh Jain-actor, Anu Malik-actor"
The Hustle,2008-04-05,Comedy,"Free Services, Prime Video",America,Movie,18+ (R),4.4/10,,"Deon Taylor-director, Kym Whitley-actor, Bai Ling-actor, Tamala Jones-actor, Tony Cox-actor, Charlie Murphy-actor, Brigitte Nielsen-actor, John Witherspoon-actor, David Alan Grier-actor, Al Shearer-actor, Tom 'Tiny' Lister Jr.-actor, Luenell-actor, Michael J. Pagan-actor, Ellia English-actor, Adam Busch-actor, Aki Aleong-actor, Darrin Henson-actor, Jeris Poindexter-actor, Koji Kataoka-actor, Donald Fullilove-actor, Mildred Dumas-actor, J.T. Jackson-actor, Amberr Washington-actor, Deon Taylor-actor"
An Innocent Man,1989-10-06,"Drama, Crime","Hoopla, Prime Video",America,Movie,18+ (R),6.4/10,,"Peter Yates-director, Tom Selleck-actor, F. Murray Abraham-actor, Laila Robins-actor, David Rasche-actor, Todd Graff-actor, M.C. Gainey-actor, Peter Van Norden-actor, Richard Young-actor, Badja Djola-actor, Bruce A. Young-actor, James T. Morris-actor, Terry Golden-actor, Dennis Burkley-actor, Charle Landry-actor, Tobin Bell-actor, Scott Jaeck-actor, Holly Fulger-actor, Philip Baker Hall-actor, J. Kenneth Campbell-actor, Jim Ortlieb-actor, James Staszkiel-actor, Robert W. Cort-actor, Ted Field-actor"
Infection,2005-09-05,"Thriller, Horror",Prime Video ,America,Movie,18+ (R),4.1/10,,"Albert Pyun-director, Jenny Dare Paulin-actor, Morgan Weisser-actor, Alan Abelew-actor, Norbert Weisser-actor, Laurie O'Brien-actor, Scott Paulin-actor, Cynthia Curnan-author"
State Legislature,2007-06-12,Documentary,Kanopy,,Movie,,7.6/10,,Frederick Wiseman-director
Second War Diary - The War Day by Day,2014-06-12,,"Prime Video, Prime Video",,TV Show,,,1,
Body and Soul,1925-11-09,"Romance, Drama",Free Services,America,Movie,,6.2/10,,"Oscar Micheaux-director, Paul Robeson-actor, Mercedes Gilbert-actor, Julia Theresa Russell-actor, Marshall Rogers-actor, Lawrence Chenault-actor, Chester A. Alexander-actor, Walter Cornick-actor, Oscar Micheaux-actor, Oscar Micheaux-author"
Bob Gomel: Eyewitness,2020-09-21,Documentary,Prime Video ,America,Movie,,8.3/10,,"David Scarbrough-director, Bob Gomel-actor"
Doom of Love,2022-06-20,"Drama, Romance",Netflix,,Movie,,4.8/10,,"Hilal Saral-director, Pınar Deniz-actor, Boran Kuzum-actor, Yiğit Kirazcı-actor, Seda Turkmen-actor, Musa Uzunlar-actor, Zeynep Tokuş-actor, Kubilay Karslıoğlu-actor, Gürhan Altundasar-actor, Orçun Iynemli-actor, Burcu Almeman-actor, Sermet Yeşil-actor, Emir Öner-actor, Ayşe Lebriz Berkem-actor, Yılmaz Erdoğan-author"
Michiko & Hatchin,2008-10-16,"Action & Adventure, Comedy",Funimation,,TV Show,18+ (TV-MA),7.5/10,1,"Suzuka Ohgo-actor, Maki Yoko-actor, Jun Murakami-actor, Kanji Tsuda-actor, Ken Mitsuishi-actor, Maki Sakai-actor, Masaki Miura-actor, Kaito Arai-actor, Hiroomi Sugino-actor, Alexandre Kassin-actor"
Fish Tank Kings,2012-05-19,,Prime Video ,,TV Show,,6.1/10,3,
Cosmic Sin,2021-03-12,"Science-Fiction, Action & Adventure","Netflix, Prime Video",America,Movie,18+ (R),2.5/10,,"Edward Drake-director, Bruce Willis-actor, Adelaide Kane-actor, Frank Grillo-actor, Lochlyn Munro-actor, Costas Mandylor-actor, Johnny Messner-actor, Brandon Thomas Lee-actor, Eva De Dominici-actor, Corey Large-actor, C.J. Perry-actor, Perrey Reeves-actor, Trevor Gretzky-actor, Robert Laenen-actor, Mark Rhynard-actor, Austin Humble-actor, Tabitha Woodman-actor, Everly Large-actor, Trevor Brotherton-actor, Francis Cronin-actor, Eric Daniel Stumpp-actor, Michelle L. Williams-actor, Corey Large-actor, Ali Jazayeri-actor"
Spring,2011-01-01,"Drama, Romance",Kanopy,United Kingdom,Movie,,5.8/10,,"Hong Khaou-director, Chris O'Donnell-actor, Jonathan Keane-actor, Hong Khaou-actor, Richard Lonsdale-actor, Rebecca Mark-Lawson-actor, Hong Khaou-author"
The Coldest Game,2019-11-08,"Thriller, Drama",Netflix,Poland,Movie,18+ (R),6.2/10,,"Łukasz Kośmicki-director, Bill Pullman-actor, Lotte Verbeek-actor, Nicholas Farrell-actor, Corey Johnson-actor, Robert Więckiewicz-actor, James Bloor-actor, Aleksey Serebryakov-actor, Evgeniy Sidikhin-actor, Cezary Kosiński-actor, Aleksandr Lobanov-actor, Wojciech Mecwaldowski-actor, Magdalena Boczarska-actor, Andy Beckwith-actor, John Benfield-actor, Ludwiki Borkowski-actor, Małgorzata Klara-actor, Ksawery Szlenkier-actor, Daniel Baur-actor, Krzysztof Terej-actor, Piotr Wozniak-Starak-actor, Łukasz Kośmicki-author, Marcel Sawicki-author, Łukasz Targosz-actor"
We Bought a Zoo,2011-12-08,"Comedy, Drama","Disney+, Prime Video",America,Movie,7+ (PG),7.1/10,,"Cameron Crowe-director, Matt Damon-actor, Scarlett Johansson-actor, Thomas Haden Church-actor, Patrick Fugit-actor, Colin Ford-actor, Elle Fanning-actor, Maggie Elizabeth Jones-actor, John Michael Higgins-actor, Angus Macfadyen-actor, Peter Riegert-actor, Stephanie Szostak-actor, J.B. Smoove-actor, Carla Gallo-actor, Michael Panes-actor, Kym Whitley-actor, Todd Stanton-actor, Lauren Sánchez-actor, Roberto Montesinos-actor, Desi Lydic-actor, Erick Chavarria-actor, Sam Fox-actor, Cameron Crowe-actor, Julie Yorn-actor"
The United States of Autism,2013-04-05,Family,Free Services,America,Movie,All (G),6.3/10,,Richard Everts-director
The Little Girl Who Lives Down the Lane,1976-12-25,"Mystery, Thriller","Free Services, Prime Video",Canada,Movie,7+ (PG),7/10,,"Nicolas Gessner-director, Jodie Foster-actor, Martin Sheen-actor, Alexis Smith-actor, Mort Shuman-actor, Scott Jacoby-actor, Dorothy Davis-actor, Clesson Goodhue-actor, Hubert Noël-actor, Jacques Famery-actor, Mary Morter-actor, Julie Wildman-actor, Gib Rotherham-actor, Zev Braun-actor, Zev Braun-actor, Alfred Pariser-actor, Harold Greenberg-actor, Laird Koenig-author, Christian Gaubert-actor"
Dorm,2006-02-23,"Horror, Thriller",Kanopy,Thailand,Movie,,6.8/10,,"Songyos Sugmakanan-director, Charlie Trairat-actor, Chintara Sukapatana-actor, Sirachuch Chienthaworn-actor, Suttipong Tudpitakkul-actor, Jirat Sukchaloen-actor, Thanabodin Sukserisup-actor, Pakasit Pantural-actor, Nipawan Thaveepornsawand-actor, Chantavit Dhanasevi-actor, Mez Tharatorn-actor, Rachwin Wongviriya-actor, Chonlada Tiaosuwan-author, Songyos Sugmakanan-author, Vanridee Pongsittisak-author"
The Earthing Movie,2019-02-22,Documentary,"Free Services, Prime Video",,Movie,,7.7/10,,
Apostasy,2017-09-29,Drama,"Free Services, Prime Video",United Kingdom,Movie,16+,6.9/10,,"Daniel Kokotajlo-director, Siobhan Finneran-actor, Sacha Parkinson-actor, Molly Wright-actor, Robert Emms-actor, James Quinn-actor, James Foster-actor, Jessica Baglow-actor, Christian Foster-actor, Clare McGlinn-actor, Aqib Khan-actor, Bronwyn James-actor, Wasim Zakir-actor, Poppy Jhakra-actor, Steve Evets-actor, Claire Hackett-actor, James Puddephatt-actor, Jacqueline Pilton-actor, Chris Lindon-actor, Peter Slater-actor, Lewis Fletcher-actor, Harrison Newell-Parker-actor, Andrea Cornwell-actor, Marcie MacLellan-actor"
Tuscany Beyond Expectations,2020-10-04,,Prime Video ,,Movie,,,,
Prince of Foxes,1949-11-11,"Action & Adventure, Drama",Prime Video ,America,Movie,,6.9/10,,"Henry King-director, Tyrone Power-actor, Orson Welles-actor, Wanda Hendrix-actor, Marina Berti-actor, Katina Paxinou-actor, Everett Sloane-actor, Felix Aylmer-actor, Eduardo Ciannelli-actor, Sol C. Siegel-actor, Milton Krims-author, Samuel Shellabarger-author, Alfred Newman-actor"
"South of Heaven, West of Hell",2000-01-28,Drama,"Free Services, Prime Video",America,Movie,18+ (R),4.1/10,,"Dwight Yoakam-director, Dwight Yoakam-actor, Billy Bob Thornton-actor, Bridget Fonda-actor, Peter Fonda-actor, Paul Reubens-actor, Bud Cort-actor, Michael Jeter-actor, Vince Vaughn-actor, Scott Wilson-actor, Warren Zevon-actor, Joe Ely-actor, Natalie Canerday-actor, Marta Santamaria-actor, Darris Hatch-actor, Gray Frederickson-actor, Dwight Yoakam-author, Stan Bertheaud-author"
D.L. Hughley: Unapologetic,2007-09-22,"Documentary, Comedy","HBO MAX, Prime Video",America,Movie,18+ (R),6.8/10,,"Beth McCarthy-Miller-director, D. L. Hughley-actor, D. L. Hughley-author"
Burj Khalifa: Dubai's Vertical City,2011-03-10,Documentary,Prime Video ,,Movie,,4.7/10,,
Joan Didion: The Center Will Not Hold,2017-10-11,Documentary,Netflix,America,Movie,,7.4/10,,"Griffin Dunne-director, Joan Didion-actor, Griffin Dunne-actor, Hilton Als-actor, David Hare-actor, Phyllis Rifield-actor, Amy Robinson-actor, Shelley Wanger-actor, Tom Brokaw-actor, Harrison Ford-actor, Susanna Moore-actor, Vanessa Redgrave-actor, Robert Silvers-actor, Calvin Trillin-actor, Anna Wintour-actor, Patricia Krenwinkel-actor, Patricia Hearst-actor, Charles Manson-actor, Linda Kasabian-actor, Leslie Van Houten-actor, Janis Joplin-actor, Tuesday Weld-actor, Nathan Halpern-actor"
I am not the Devil,2017-04-13,Action & Adventure,Prime Video ,,Movie,,,,"Samuel Smith-director, Linda Louise Duan-actor, David Cheung-actor, Alexander Bracq-actor, Isky Fay-actor"
Oil Spill of The Century,2018-03-16,Documentary,Disney+,France,Movie,13+ (PG-13),,,"Fabrice Gardel-director, Josselin Mahot-director, Loick Peyron-actor"
Chang: A Drama of the Wilderness,1927-04-29,"Action & Adventure, Documentary",Kanopy,America,Movie,,6.9/10,,"Ernest B. Schoedsack-director, Merian C. Cooper-director, Wild Beasts-actor, Kru-actor, Chantui-actor, Ernest B. Schoedsack-actor, Merian C. Cooper-actor, Achmed Abdullah-author"
What Lies Beyond... The Beginning,2014-11-07,"Comedy, Horror",Free Services,,Movie,,3.2/10,,"Jarrod Knowles-director, Kary Musa-actor, Addys Guerra-actor, Melissa Pastrana-actor, Masha Silberberg-actor, Jarrod Knowles-author"
Yes: Acoustic,2004-06-20,,Prime Video ,,Movie,,7.8/10,,
Maverick,1957-09-22,"Comedy, Action & Adventure","Free Services, Prime Video",America,TV Show,All (TV-G),8.1/10,5,"Jack Kelly-actor, James Garner-actor, Roger Moore-actor, Coles Trapnell-actor, Roy Huggins-actor, William T. Orr-actor, Roy Huggins-actor"
Near Death,2020-02-13,Science-Fiction,Free Services,,Movie,,8.8/10,,
Tum Haseen Main Jawan,1970-07-24,"Romance, Comedy","Free Services, Prime Video",India,Movie,,7/10,,"Bhappi Sonie-director, Dharmendra-actor, Hema Malini-actor, Helen-actor, Iftekhar-actor, Pran-actor"
Sons & Fathers,2013-01-29,Drama,Free Services,,Movie,,,,
The Living End,1992-08-21,"Romance, Drama","Kanopy, Prime Video",America,Movie,,6.4/10,,"Gregg Araki-director, Mike Dytri-actor, Craig Gilmore-actor, Darcy Marta-actor, Mary Woronov-actor, Mark Finch-actor, Johanna Went-actor, Paul Bartel-actor, Scott Goetz-actor, Brett Vail-actor, Nicole Dillenberg-actor, Stephen Holman-actor, Magie Song-actor, Jon Gerrans-actor, Marcus Hu-actor, Evelyn Hu-actor, Henry S. Rosenthal-actor, Jon Jost-actor, Mike Thomas-actor, Gregg Araki-author, Cole Coonce-actor"
A Leap to Take,2013-06-26,Drama,Fandor,,Movie,,,,
The Miracle of Marcelino,1955-02-24,"Drama, Comedy","Free Services, Prime Video",Italy,Movie,All (G),7.1/10,,"Ladislao Vajda-director, Pablito Calvo-actor, Rafael Rivelles-actor, Antonio Vico-actor, Juan Calvo-actor, Fernando Rey-actor, José Nieto-actor, José Marco Davó-actor, Juanjo Menéndez-actor, Matilde F. Vilariño-actor, Adriano Domínguez-actor, José María Sánchez Silva-author"
Looks Can Kill,2022-11-03,"Mystery, Thriller","Free Services, Prime Video",America,Movie,,4.9/10,,"Jasmine Ebony Thomas-director, Sarah Alexandra Marks-actor, Abi Casson Thompson-actor, Danielle Scott-actor, Barbara Dabson-actor, Clint Gordon-actor, Antonia Whillans-actor, Mark Sears-actor, Matthew Baunsgard-actor, Paul Eibich-actor, Ray Whelan-actor, Mya Brown-actor, Darrell Griggs-actor, George Nettleton-actor, Rhys Waterfield-actor, Scott Jeffrey-actor"
I Saw the Light,2016-02-05,"Biography, Drama","Starz, Prime Video",America,Movie,18+ (R),5.7/10,,"Marc Abraham-director, Tom Hiddleston-actor, Elizabeth Olsen-actor, Wayne Pére-actor, David Krumholtz-actor, Wrenn Schmidt-actor, Bradley Whitford-actor, Josh Pais-actor, Cherry Jones-actor, James DuMont-actor, Joe Chrest-actor, Charlie Talbert-actor, Maddie Hasson-actor, Candice Harrison-actor, Cory Hart-actor, NM Garcia-actor, Caroline Hebert-actor, Justin Lebrun-actor, Casey Bond-actor, Joshua Brady-actor, Elliott Grey-actor, Emily Marie Palmer-actor, Aaron L. Gilbert-actor, Brett Ratner-actor"
Beyond the Woods,2018-02-05,"Horror, Thriller","Free Services, Prime Video",Ireland,Movie,,4.6/10,,"Sean Breathnach-director, Ross Mac Mahon-actor, John Ryan Howard-actor, Irene Kelleher-actor, Ruth Hayes-actor, Mark Griffin-actor, Claire Loy-actor, Alan Riordan-actor, Seán McGillicuddy-actor, Sean Breathnach-actor, Daniel O'Connell-actor, Sean Breathnach-author"
Motley's Law,2015-10-15,"Biography, Documentary","Kanopy, Prime Video",Afghanistan,Movie,,7/10,,Nicole Nielsen Horanyi-director
Pequeñas Victorias,2021-08-20,"Comedy, Drama","Free Services, Prime Video",,TV Show,,3.7/10,1,
M. Butterfly,1993-09-09,"Romance, Drama","Hoopla, Prime Video",America,Movie,18+ (R),6.7/10,,"David Cronenberg-director, Jeremy Irons-actor, John Lone-actor, Barbara Sukowa-actor, Ian Richardson-actor, Annabel Leventon-actor, Shizuko Hoshi-actor, Richard McMillan-actor, Vernon Dobtcheff-actor, David Hemblen-actor, Damir Andrei-actor, Antony Parr-actor, Margaret Ma-actor, Tristram Jellinek-actor, Philip McGough-actor, David Neal-actor, Sean Hewitt-actor, Peter Messaline-actor, Michael Mehlmann-actor, Barbara Chilcott-actor, George Jonas-actor, Carl Zvonkin-actor, Gabriella Martinelli-actor, David Henry Hwang-actor"
My Summer Prince,2016-08-06,"Comedy, Family","Hallmark, Prime Video",America,Movie,All (G),6.1/10,,"Peter Sullivan-director, Taylor Cole-actor, Jack Turner-actor, Lauren Holly-actor, Marina Sirtis-actor, Vanessa Angel-actor, Kassandra Clementi-actor, Brian Dare-actor, Ashley Santos-actor, Walter Platz-actor, Nancy Peterson-actor, Lillian Grace Hale-actor, Melanie Nelson-actor, Lauren Call-actor, Raquel Baldwin-actor, Josh Whitaker-actor, Darya Gemmel-actor, Walter Mecham-actor, Brian Carlson-actor, Jessica Villeneuve-actor, Jacque Gray-actor, Heidi Mendez-actor, Barry Barnholtz-actor, Jeffrey Schenck-actor"
Sadda Haq,2013-04-10,"Drama, Action & Adventure",Prime Video ,India,Movie,,7.2/10,,"Mandeep Benipal-director, Kuljinder Singh Sidhu-actor, Gaurav Kakkar-actor, Dev Kharoud-actor, Dhriti Saharan-actor, Talwinder Bhullar-actor, Dinesh Sood-actor, Sandeep Kapoor-actor, Pramod Moutho-actor, Sudanshu Ghor-actor, Yaad Grewal-actor, Prince K.J. Singh-actor, Naginder Gakhar-actor, Gurpreet Bhangu-actor, Sunny Gill Ambersariya-actor, Gogi Kohli-actor, Ramniq Sandhu-actor, Sukhwinder Raj-actor, Himanshi Khurana-actor, Dinesh Sood-actor, Kuljinder Singh Sidhu-actor, Tirthadeep Roy-actor, Kuljinder Singh Sidhu-author"
Shark in the Head,2004-06-01,"Comedy, Drama",Prime Video ,Czechia,Movie,,7.1/10,,"Maria Procházková-director, Oldřich Kaiser-actor, Jana Krausová-actor, Jiří Lábus-actor, Vlasta Žehrová-actor, Kristýna Leichtová-actor, Petra Nesvačilová-actor, Ludmila Šafářová-actor, David Máj-actor, Kristina Kloubková-actor, Věra Tichánková-actor, Henrieta Hornáčková-actor, Michal Žabka-actor, Hana Vagnerová-actor, Eva Leimbergerová-actor, Renata Prokopová-actor, Václav Liška-actor, Maria Procházková-author"
Big Time RV,2014-07-27,"Documentary, Home & Garden","Discovery+, Prime Video",,TV Show,All (TV-G),6.6/10,4,
Logan,2010-09-10,"Drama, Comedy",Free Services,America,Movie,,5.9/10,,"Caleb Doyle-director, Kyle Lawrence-director, Leo Howard-actor, Patrick Probst-actor, Booboo Stewart-actor, Abigail Isom-actor, Nicole Carmela-actor, Colin Ritchie-actor, Emily Berry-actor, Tim Schall-actor, Christian Probst-actor, Caleb Doyle-actor, Fivel Stewart-actor, Booboo Stewart-actor, Kyle Lawrence-actor, Melissa Lawrence-actor, Nils Allen Stewart-actor, Brian Lawrence-actor, Brian Lawrence-author, Caleb Doyle-author, Kyle Lawrence-author, Matt Martin-author"
I Am... Yours: An Intimate Performance at Wynn Las Vegas,2009-11-23,Documentary,Prime Video ,America,Movie,,8.4/10,,"Nick Wickham-director, Beyoncé-actor, Matthew Dickens-author"
The Art Lesson,2020-10-24,Drama,Prime Video ,,Movie,,,,
Neville Rumble,2015-10-28,"Romance, Thriller","Free Services, Prime Video",,Movie,,6.9/10,,"Lee Price-director, Richard Miller-director, Sam Foster-actor, Gavin Fowler-actor, Mark Haldor-actor"
The Human Spark,2010-01-06,Documentary,Prime Video ,,TV Show,All (TV-G),7.3/10,1,
The Other Wife,2016-03-13,"Thriller, Drama","Free Services, Prime Video",America,Movie,16+,5.4/10,,"Nick Lyon-director, Kimberley Hews-actor, Lisa Goodman-actor, Christine Sclafani-actor, George Stumpf-actor, Molly Berg-actor, James Adam Tucker-actor, Candice Bolek-actor, Tonya Kay-actor, Nick Principe-actor, Melanie Martin-actor, Adam Meyer-author, Delondra Williams-author"
Danganronpa 3: The End of Hope's Peak High School,2016-07-14,"Horror, Action & Adventure","Funimation, Prime Video",,TV Show,18+ (TV-MA),7.1/10,2,"Minami Takayama-actor, Kana Hanazawa-actor, Nakahara Mai-actor, Megumi Toyoguchi-actor, Kanata Hongo-actor, Toshiyuki Morikawa-actor, Keiji Fujiwara-actor, Ai Kayano-actor, Miyuki Sawashiro-actor, Daisuke Kishio-actor, Kotono Mitsuishi-actor, Hiroki Yasumoto-actor, Romi Park-actor, Yoshimasa Hosoya-actor, Tomokazu Sugita-actor, Ami Koshimizu-actor, Suzuko Mimori-actor, Miho Arakawa-actor, Jun Fukuyama-actor, Yu Kobayashi-actor"
American Perfekt,1997-06-11,"Drama, Crime","Free Services, Prime Video",America,Movie,18+ (R),5.9/10,,"Paul Chart-director, Amanda Plummer-actor, Robert Forster-actor, David Thewlis-actor, Fairuza Balk-actor, Paul Sorvino-actor, Joanna Gleason-actor, Geoffrey Lewis-actor, Chris Sarandon-actor, Jay Patterson-actor, Judson Mills-actor, Rutanya Alda-actor, Paul Henry-actor, Belinda Balaski-actor, Jack Breschard-actor, Nathan Le Grand-actor, Sarah Bibb-actor, Lisa Long-actor, Irvin Kershner-actor, Avi Lerner-actor, Boaz Davidson-actor, Danny Dimbort-actor, Elie Samaha-actor, Trevor Short-actor"
I'm Starving,2009-09-21,,Prime Video ,,Movie,,,,
Nirnayam,1995-01-01,"Action & Adventure, Thriller",Prime Video ,India,Movie,,7.1/10,,"Sangeeth Sivan-director, Mohanlal-actor, Heera Rajgopal-actor, Nedumudi Venu-actor, Lalu Alex-actor, Jagadish-actor, Ratheesh-actor, Devan-actor, Sharat Saxena-actor, Cheriyan Kalpakavadi-author"
The Curse of Humpty Dumpty,2021-11-26,Horror,"Free Services, Prime Video",,Movie,18+ (R),4/10,,Scott Jeffrey-director
The Castaway Cowboy,1974-08-01,Comedy,"Disney+, Prime Video",America,Movie,All (G),5.8/10,,"Vincent McEveety-director, James Garner-actor, Vera Miles-actor, Eric Shea-actor, Robert Culp-actor, Manu Tupou-actor, Gregory Sierra-actor, Shug Fisher-actor, Kim Kahana-actor, Buddy Joe Hooker-actor, Elizabeth Smith-actor, Nephi Hannemann-actor, Lito Capiña-actor, Ralph Hanalei-actor, Lee Woodd-actor, Luis Delgado-actor, Patrick Sullivan Burke-actor, Jerry Velasco-actor, Ron W. Miller-actor, Winston Hibler-actor, Don Tait-author"
Cock Fight: One Man's Battle Against the Chicken Industry,2015-02-25,Documentary,Free Services,,Movie,,,,
Stan Lee Presents: The Condor,2007-03-21,"Action & Adventure, Animation",Prime Video ,America,Movie,7+ (PG),4.7/10,,"Steven E. Gordon-director, Wilmer Valderrama-actor, María Conchita Alonso-actor, Kathleen Barr-actor, Mary Elizabeth McGlynn-actor, Michael Dobson-actor, Cusse Mankuma-actor, Stan Lee-actor, Scott McNeil-actor, Rocky Solotoff-actor, Stan Lee-actor, Marv Wolfman-author, Larry Brown-actor"
The President Show,2017-04-27,Comedy,"Free Services, Prime Video",America,TV Show,14+ (TV-14),6/10,2,"Anthony Atamanuik-actor, Peter Grosz-actor"
Miles Jupp: Fibber in the Heat,2014-09-23,Comedy,"Free Services, Prime Video",United Kingdom,Movie,,,,"Neil Cox-director, Peter Searles-director, Miles Jupp-actor, Miles Jupp-author"
Angel Eyes,2001-05-15,"Romance, Thriller",Prime Video ,America,Movie,18+ (R),5.6/10,,"Luis Mandoki-director, Jennifer Lopez-actor, Jim Caviezel-actor, Jeremy Sisto-actor, Terrence Howard-actor, Sônia Braga-actor, Victor Argo-actor, Monet Mazur-actor, Shirley Knight-actor, Daniel Magder-actor, Guylaine St-Onge-actor, Connor McAuley-actor, Jeremy Ratchford-actor, Peter MacNeill-actor, Eldridge Hyndman-actor, Kari Matchett-actor, Michael Cameron-actor, Marcello Thedford-actor, Dave Cox-actor, Ron Payne-actor, Dan Petronijevic-actor, Stephen T. Kay-actor, Bruce Berman-actor, Elie Samaha-actor"
Breaking the Taboo,2011-06-03,Documentary,Prime Video ,Brazil,Movie,13+ (PG-13),7.6/10,,"Fernando Grostein Andrade-director, Fernando Henrique Cardoso-actor, Bill Clinton-actor, Jimmy Carter-actor, Dráuzio Varella-actor, Paulo Coelho-actor, Morgan Freeman-actor"
Gravity was everywhere back then,2010-05-10,"Animation, Science-Fiction",Fandor,,Movie,,7/10,,Brent Green-director
"On the Other Hand, Death",2008-01-01,"Thriller, LGBTQ",Prime Video ,Canada,Movie,18+ (R),6.3/10,,"Ron Oliver-director, Chad Allen-actor, Sebastian Spence-actor, Margot Kidder-actor, Daryl Shuttleworth-actor, Gabrielle Rose-actor, Nelson Wong-actor, Damon Runyan-actor, Lori Triolo-actor, William MacDonald-actor, Barclay Hope-actor, Kerry James-actor, David Orth-actor, Ralph Alderman-actor, Keegan MacIntosh-actor, James Shavick-actor, Paul Colichman-actor, Stephen P. Jarchow-actor, Gillian Horvath-author, Ron McGee-author"
This Is Life with Lisa Ling,2014-09-28,Documentary,"HBO MAX, Prime Video",,TV Show,7+ (TV-PG),8/10,8,Lisa Ling-actor
16 Stones,2014-10-01,Action & Adventure,"Free Services, Prime Video",America,Movie,7+ (PG),5/10,,"Brian Brough-director, Shona Kay-actor, Mason D. Davis-actor, Brittany Wiscombe-author"
El Mariachi,1992-09-04,"Crime, Action & Adventure",Prime Video ,Mexico,Movie,18+ (R),6.8/10,,"Robert Rodriguez-director, Carlos Gallardo-actor, Consuelo Gómez-actor, Jaime de Hoyos-actor, Peter Marquardt-actor, Reinol Martinez-actor, Ramiro Gomez-actor, Jesuso López-actor, Luis Baro-actor, Oscar Fabila-actor, Poncho Ramon-actor, Fernando Martinez-actor, Manuel Acosta-actor, Walter Vargas-actor, Roberto Martinez-actor, Virgen Delgado-actor, Juanita Vargas-actor, Yolanda Puga-actor, Jaime Rodriguez-actor, Luis Cadena-actor, Alfredo Martinez-actor, Gerardo Jaquez-actor, Carlos Gallardo-actor, Robert Rodriguez-actor"
Prithvi Vallabh,1943-01-01,Drama,Prime Video ,India,Movie,,8/10,,"Sohrab Modi-director, Sohrab Modi-actor, Durga Khote-actor, K.N. Singh-actor, K. M. Munshi-author"
The String,2009-05-12,"Romance, Drama",Prime Video ,Belgium,Movie,,6.7/10,,"Mehdi Ben Attia-director, Claudia Cardinale-actor, Antonin Stahly-Vishwanadan-actor, Salim Kechiouche-actor"
A Mother on the Edge,2019-05-03,"Mystery, Thriller",Prime Video ,Canada,Movie,16+,5.4/10,,"Jason Bourque-director, Kelly Thiebaud-actor, Matt Hamilton-actor, Lina Renna-actor, Alison Wandzura-actor, Phillip Mitchell-actor, Kimberley Shoniker-actor, Stefania Indelicato-actor, Shalyn Ferdinand-actor, Michelle Martin-actor, Matt Afonso-actor, Rocky Anderson-actor, Josh Byer-actor, Paralee Cook-actor, Debs Howard-actor, Paul A. Birkett-author"
A Walk with Grace,2019-11-05,Romance,"Free Services, Prime Video",,Movie,16+,4.4/10,,"Nick Kellis-director, Stephen Baldwin-actor, Joe Estevez-actor, Austin St. John-actor, Ashley Bratcher-actor, David Lee Smith-actor, Nicole Dambro-actor, Brenna Sherman-actor, Layla Cushman-actor, Lance Paul-actor, John French-actor, Bret Aaron Knower-actor, Jenni Kennedy-actor, Chris Minor-actor, Mishka Calderon-actor, Ian Grey-actor"
The Silent Victim,2019-01-18,Drama,Prime Video ,,Movie,18+ (R),,,
Lovely Little Farm,2022-06-10,Family,Apple TV+,,TV Show,All (TV-G),7.7/10,1,"Levi Howden-actor, Kassidi Roberts-actor, Barry McCarthy-actor, Micah Balfour-actor, Cicely Giddings-actor, Dominique Moore-actor"
The Health of Hope,2018-10-26,Documentary,"Free Services, Prime Video",,Movie,,,,
Get Duked!,2019-03-08,"Action & Adventure, Thriller","Prime Video, Prime Video",United Kingdom,Movie,18+ (R),6.2/10,,"Ninian Doff-director, Samuel Bottomley-actor, Viraj Juneja-actor, Rian Gordon-actor, Lewis Gribben-actor, Eddie Izzard-actor, Georgie Glen-actor, Kate Dickie-actor, Kevin Guthrie-actor, Jonathan Aris-actor, James Cosmo-actor, Brian Pettifer-actor, Alice Lowe-actor, Brian Coffey-actor, Laura Tunstall-actor, Matthew Plouffe-actor, Tobey Maguire-actor, Eddie Izzard-actor, Lia Buman-actor, Lucas Ochoa-actor, Marisa Clifford-actor, Richard G. Weinberg-actor, Thomas Benski-actor, Tim Headington-actor"
Sal,2011-09-03,"Biography, Drama","Free Services, Prime Video",America,Movie,18+ (R),4.6/10,,"James Franco-director, Val Lauren-actor, Jim Parrack-actor, James Franco-actor, Vince Jolivette-actor, Trevor Neuhoff-actor, Stacey Miller-actor, Brian Goodman-actor, Raymond T. Williams-actor, Boyd Smith-actor, Jacquelyn Deme-actor, Jason Fox-actor, Brian Lally-actor, Christian Olave-actor, Jocelyn Ayanna-actor, Felicity Bryant-actor, Tony Calle-actor, Joseph Michael Harris-actor, Stephen McCain-actor, Inbal Amirav-actor, Caroline Aragon-actor, Miles Levy-actor, Vince Jolivette-actor, Stacey Miller-author"
Palmdale,2014-09-09,"Action & Adventure, Crime","Free Services, Prime Video",America,Movie,18+ (R),5.3/10,,"Erich Kemp-director, Lackos-actor, Olivia Preciado-actor, Matt Callahan-actor, Eliot-actor, Tim Fox-actor, Kristopher Knight-Doyle-actor, Erich Kemp-author"
Omen III: The Final Conflict,1981-03-20,"Drama, Horror","AMC, Prime Video",United Kingdom,Movie,18+ (R),5.5/10,,"Graham Baker-director, Sam Neill-actor, Rossano Brazzi-actor, Don Gordon-actor, Lisa Harrow-actor, Barnaby Holm-actor, Mason Adams-actor, Robert Arden-actor, Leueen Willoughby-actor, Marc Boyle-actor, Milos Kirek-actor, Tommy Duggan-actor, Louis Mahoney-actor, Richard Oldfield-actor, Tony Vogel-actor, Arwen Holm-actor, Hugh Moxey-actor, William Fox-actor, John Baskcomb-actor, Norman Bird-actor, Marc Smith-actor, Arnold Diamond-actor, Andrew Birkin-actor, Harvey Bernhard-actor"
Fast & Furious 6,2013-05-21,"Crime, Thriller","HBO MAX, Prime Video",Japan,Movie,13+ (PG-13),7/10,,"Justin Lin-director, Vin Diesel-actor, Paul Walker-actor, Dwayne Johnson-actor, Jordana Brewster-actor, Michelle Rodriguez-actor, Tyrese Gibson-actor, Sung Kang-actor, Gal Gadot-actor, Ludacris-actor, Luke Evans-actor, Elsa Pataky-actor, Gina Carano-actor, Clara Paget-actor, Kim Kold-actor, Joe Taslim-actor, Samuel M. Stewart-actor, Benjamin Davies-actor, Matthew Stirling-actor, David Ajala-actor, Thure Lindhardt-actor, Shea Whigham-actor, Clayton Townsend-actor, Neal H. Moritz-actor"
Deep Shock,2003-09-17,"Mystery, Thriller","Free Services, Prime Video",America,Movie,18+ (R),3/10,,"Phillip J. Roth-director, David Keith-actor, Simmone Jade Mackinnon-actor, Mark Sheppard-actor, Sean Whalen-actor, Robert Zachar-actor, Richard Gnolfo-actor, Todd Kimsey-actor, Tyrone Pinkham-actor, Jeff Rank-actor, D.J. Johnson-actor, Velizar Binev-actor, Ivaylo Geraskov-actor, Jeffery Beach-actor, Phillip J. Roth-actor, James Hollensteiner-actor, Ken Olandt-actor, Michael Braun-actor, Richard Smith-actor, Thomas J. Niedermeyer Jr.-actor, Jeff Rank-author, Phillip J. Roth-author"
My Dinner with Andre,1981-10-11,"Comedy, Drama","HBO MAX, Prime Video",America,Movie,7+ (PG),7.7/10,,"Louis Malle-director, Wallace Shawn-actor, Andre Gregory-actor, Jean Lenauer-actor, Roy Butler-actor, Beverly Karp-actor, George W. George-actor, Andre Gregory-author, Wallace Shawn-author"
Black Friday,2021-11-02,Animation,Free Services,,Movie,,,,
Britain's Best Home Cook,2018-05-03,Reality,Hulu,,TV Show,,7.7/10,2,"Mary Berry-actor, Chris Bavin-actor, Claudia Winkleman-actor, Angela Hartnett-actor, Dan Doherty-actor"
The Postie,2019-11-11,Comedy,Prime Video ,,Movie,,,,Jade Winters-director
Kaatrin Mozhi,2018-11-16,"Drama, Comedy","Prime Video, Prime Video",India,Movie,,7.4/10,,"Radha Mohan-director, Jyothika-actor, Vidharth-actor, Lakshmi Manchu-actor, Elango Kumaravel-actor, M. S. Bhaskar-actor, Narayan Lucky-actor, Mayilsamy-actor, Silambarasan-actor, G Dhananjayan-actor, Lalitha Dhananjayan-actor, S Vikram Kumar-actor, Radha Mohan-author"
Our House,2006-05-01,Drama,"Free Services, Prime Video",America,Movie,All (G),7.2/10,,"Mark Griffiths-director, Doris Roberts-actor, Judy Reyes-actor, Ellen Geer-actor, Jeffrey Marcus-actor, Jim Cody Williams-actor, Stacy Solodkin-actor, E.J. Callahan-actor, Deborah Van Valkenburgh-actor, Mandy McMillian-actor, Gabe Cohen-actor, Ann Magnuson-actor, Shashawnee Hall-actor, Omar J. Dorsey-actor, Greg Evigan-actor, Michael Lach-author, Kevin Kiner-actor"
Midnight Movie,2008-10-24,"Horror, Thriller",Prime Video ,America,Movie,18+ (R),5/10,,"Jack Messitt-director, Rebekah Brandes-actor, Daniel Bonjour-actor, Greg Cirulnick-actor, Mandell Maughan-actor, Stan Ellsworth-actor, Melissa Steach-actor, Jon Briddell-actor, Brea Grant-actor, Michael Swan-actor, Carol Stanzione-actor, Jim Mahoney-actor, Arthur Roberts-actor, Dinora Walcott-actor, Christopher Page-actor, Henry Watkins-actor, Jack Messitt-actor, Kacy Andrews-actor, Michael Gleissner-actor, Jack Messitt-author, Mark Garbett-author"
They Died with Their Boots On,1941-11-20,"Romance, Drama",Prime Video ,America,Movie,,7.2/10,,"Raoul Walsh-director, Errol Flynn-actor, Olivia de Havilland-actor, Arthur Kennedy-actor, Charley Grapewin-actor, Gene Lockhart-actor, Anthony Quinn-actor, Stanley Ridges-actor, John Litel-actor, Walter Hampden-actor, Sydney Greenstreet-actor, Regis Toomey-actor, Hattie McDaniel-actor, G. P. Huntley-actor, Frank Wilcox-actor, Joe Sawyer-actor, Minor Watson-actor, Eddie Acuff-actor, Tod Andrews-actor, Cyril Archambault-actor, Irving Bacon-actor, Walter Baldwin-actor, Æneas MacKenzie-author, Wally Kline-author"
When Women Rule the World,,"Comedy, Science-Fiction",Free Services,,Movie,,3/10,,"Sheldon Silverstein-director, Anna Hera-actor, Francisco DeCun-actor, Chris Gooch-actor, Sandra Glagla-actor, Brielle Gearson-actor, Steve Belflower-actor, Sheldon Silverstein-author"
The Inspector Wears Skirts II,1989-01-01,"Action & Adventure, Comedy","Prime Video, Prime Video",Hong Kong,Movie,,5.3/10,,"Wellson Chin Sing-Wai-director, Sibelle Hu-actor, Sandra Ng Kwun-Yu-actor, Kara Hui-actor, May Lo Mei-Mei-actor, Angile Leung Wan Yui-actor, Regina Kent-actor, Amy Yip-actor, Joanna Chan Pui-San-actor, Tiffany Lau Yuk-Ting-actor, Tai Wan-Wai-actor, Bill Tung-actor, Melvin Wong Gam-Sam-actor, Stanley Fung-actor, Billy Lau-actor, Johnny Cheung Wa-actor, Go Shut-Fung-actor, Chan Daat-Gong-actor, Mars-actor, Jeffrey Falcon-actor, Ricky Hui-actor, Ken Lo-actor, Jackie Chan-actor"
A Cadaver Christmas,2011-04-02,"Comedy, Horror","Free Services, Prime Video",America,Movie,,4.6/10,,"Joe Zerull-director, Daniel Rairdin-Hale-actor, Yosh Hayashi-actor, Ben Hopkins-actor, Hanlon Smith-Dorsey-actor, Andrew Harvey-actor, Jessica Denney-actor, Susaan Jamshidi-actor, Daniel Rairdin-Hale-author, Hanlon Smith-Dorsey-author, Joe Zerull-author"
10 Cent Pistol,2014-07-24,"Crime, Thriller","Free Services, Prime Video",America,Movie,18+ (R),4.6/10,,"Michael C. Martin-director, Jena Malone-actor, JT Alexander-actor, Damon Alexander-actor, Joe Mantegna-actor, Thomas Ian Nicholas-actor, Adam Arkin-actor, Brendan Sexton III-actor, Jessica Szohr-actor, Emilio Rivera-actor, Joseph Julian Soria-actor, Colby French-actor, Amir Talai-actor, Justin Hires-actor, Kiko Ellsworth-actor, Steve Cell-actor, Dan Martin-actor, Kevin Brief-actor, Elaine Kagan-actor, Barbara Scolaro-actor, Adam Clark-actor, Alex Beh-actor, Damon Alexander-actor, JT Alexander-actor"
The Gathering,1977-12-04,Drama,Prime Video ,,Movie,All (G),7.8/10,,"Randal Kleiser-director, Edward Asner-actor, Maureen Stapleton-actor, Rebecca Balding-actor, Sarah Cunningham-actor, Bruce Davison-actor, Veronica Hamel-actor, James Karen-actor, Lawrence Pressman-actor, John Randolph-actor, Gail Strickland-actor, Edward Winter-actor, Stephanie Zimbalist-actor, Gregory Harrison-actor, Harry R. Sherman-actor, Joseph Barbera-actor, James Poe-author"
Acquisitions Incorporated: The Series,2016-06-08,"Action & Adventure, Comedy",Prime Video ,,TV Show,18+ (TV-MA),7.6/10,1,
My Daily Routine,2011-02-14,"Animation, Biography",Fandor,America,Movie,,6.2/10,,"David Lowery-director, David Lowery-actor"
You Belong to Me,2002-02-24,"Drama, Mystery","Free Services, Prime Video",Canada,Movie,13+ (PG-13),5.9/10,,"Paolo Barzman-director, Lesley-Anne Down-actor, Tony De Santis-actor, Barclay Hope-actor, Daniel Morgenroth-actor, Kate Trotter-actor, Michelle Nolden-actor, Lori Hallier-actor, Tony Rosato-actor, Alex Karzis-actor, Sandi Ross-actor, Michael A. Miranda-actor, Arnold Pinnock-actor, Robert Seeliger-actor, Ramona Milano-actor, Megan Fahlenbock-actor, Marvin Ishmael-actor, Tom Harvey-actor, Marie Ward-actor, Jennifer Hill-actor, Joe Matheson-actor, Kathy Imrie-actor, Lisa Parasyn-actor, John F.S. Laing-actor"
The Capture of the Green River Killer,2008-03-30,"Drama, Crime","Free Services, Prime Video",,Movie,,7/10,,"Tom Cavanagh-actor, Currie Graham-actor, Amy Davidson-actor, Ingrid Rogers-actor, Jessica Harmon-actor, Michelle Harrison-actor"
BURN·E,2008-11-17,"Action & Adventure, Science-Fiction","Disney+, Prime Video",America,Movie,All (G),7.6/10,,"Angus MacLane-director, Angus MacLane-actor, Tessa Swigart-actor, Ben Burtt-actor, Jeff Garlin-actor, Elissa Knight-actor, Andrew Stanton-actor, John Lasseter-actor"
Cold Comfort,1989-08-28,"Thriller, Drama",Free Services,Canada,Movie,18+ (R),6.2/10,,"Vic Sarin-director, Maury Chaykin-actor, Margaret Langrick-actor, Paul Gross-actor, Jayne Eastwood-actor, Ted Follows-actor, Richard Fitch-actor, Grant Roll-actor, Ilana Frank-actor, Ray Sager-actor, Dan Johnson-actor, Peter R. Simpson-actor, Elliot L. Sims-author, Richard Beattie-author, Jeff Danna-actor, Mychael Danna-actor"
Oh! Invisible Man,2010-10-16,"Comedy, Science-Fiction",Prime Video ,Japan,Movie,,4.9/10,,"Masakazu Migita-director, Emi Yanagimoto-actor, Yuri Murakami-actor, Enoku Shimegi-actor, Yû Kawana-actor, Maika Suzuki-actor, Akitoshi Ohtaki-actor, Shiko-actor, Ito Haruka-actor, Bob Suzuki-actor, Takashi Omoto-actor, Kôichi Ikari-actor, Takako Sato-actor, Yakan Nabe-actor, Yoshifumi Ikeda-actor, Meme-actor, Aya Mizusaki-actor, Mitsuko Hoshi-actor, Masakazu Migita-author, Etsuko Matsui-actor"
Death Takes a Holiday,1934-03-30,"Fantasy, Romance","Free Services, Prime Video",America,Movie,,7/10,,"Mitchell Leisen-director, Fredric March-actor, Evelyn Venable-actor, Guy Standing-actor, Katharine Alexander-actor, Gail Patrick-actor, Helen Westley-actor, Kathleen Howard-actor, Kent Taylor-actor, Henry Travers-actor, G. P. Huntley-actor, Otto Hoffman-actor, E. Lloyd Sheldon-actor, Gladys Lehman-author, Maxwell Anderson-author, Bernhard Kaun-actor, John Leipold-actor, Milan Roder-actor"
Pass the Mic!,2003-02-11,,"Free Services, Prime Video",,Movie,,9.1/10,,
Seven Cities of Gold,1955-10-07,"Biography, History",Prime Video ,America,Movie,,5.9/10,,"Robert D. Webb-director, Richard Egan-actor, Anthony Quinn-actor, Michael Rennie-actor, Jeffrey Hunter-actor, Rita Moreno-actor, Eduardo Noriega-actor, John Doucette-actor, Leslie Bradley-actor, Víctor Junco-actor, Julio Villarreal-actor, Ricardo Adalid-actor, Yerye Beirute-actor, Guillermo Calles-actor, Kathleen Crowley-actor, Gilda Fontana-actor, Pedro Galván-actor, Eduardo González Pliego-actor, Jaime González Quiñones-actor, Juan Jose Hurtado-actor, Miguel Inclán-actor, Jack Mower-actor, Barbara McLean-actor, Robert D. Webb-actor"
The Goldwyn Follies,1938-02-04,Romance,"Kanopy, Prime Video",America,Movie,,5.3/10,,"George Marshall-director, Adolphe Menjou-actor, Vera Zorina-actor, Kenny Baker-actor, Andrea Leeds-actor, Edgar Bergen-actor, Helen Jepson-actor, Phil Baker-actor, Bobby Clark-actor, Ella Logan-actor, Jerome Cowan-actor, Charles Kullmann-actor, Nydia Westman-actor, Frank Shields-actor, Alan Ladd-actor, Samuel Goldwyn-actor, Ben Hecht-author"
Prithviraj,2020-11-13,"Drama, Action & Adventure","Prime Video, Prime Video",India,Movie,,,,"Dr. Chandraprakash Dwivedi-director, Akshay Kumar-actor, Manushi Chhillar-actor, Sanjay Dutt-actor, Manav Vij-actor, Sonu Sood-actor, Ashutosh Rana-actor, Aditya Chopra-actor, Dr. Chandraprakash Dwivedi-author"
The Box,2003-05-15,"Romance, Crime",Fandor,,Movie,18+ (R),4.9/10,,"Richard Pepin-director, James Russo-actor, Theresa Russell-actor, Brad Dourif-actor, Mark Parra-actor, Steve Railsback-actor, Jon Polito-actor, Michael Rooker-actor, John Snyder-actor, Lee Weaver-actor, Joe Palese-actor, Lucille M. Oliver-actor, Andrée Bernard-actor, Meadow Williams-actor, Carlos Lauchu-actor, Nils Allen Stewart-actor, Ben Maccabee-actor, Stephane Kay-actor, David Shoshan-actor, James Russo-actor, Richard Pepin-actor, Yakov Bentsvi-actor, James Russo-author"
Long Strange Trip,2017-06-02,"Action & Adventure, Documentary","Free Services, Prime Video",America,TV Show,18+ (TV-MA),8.2/10,1,"Jerry Garcia-actor, Bob Weir-actor, Phil Lesh-actor"
Pit Pony,1999-02-05,"Family, Drama",Free Services,Canada,TV Show,All (TV-G),7.8/10,2,"Elliot Page-actor, Denny Doherty-actor, Anna Wedlock-actor, Alex Wrathell-actor, Shaun Smyth-actor, Jeremy Akerman-actor"
The Patrol,2013-10-04,Drama,"Free Services, Prime Video",Morocco,Movie,13+ (PG-13),4.2/10,,"Tom Petch-director, Owain Arthur-actor, Nicholas Beveney-actor, Daniel Fraser-actor, Alex McNally-actor, Oliver Mott-actor, Ben Righton-actor, Nav Sidhu-actor, Tom Petch-actor, Tom Stuart-actor, Tom Petch-author"
Louie Anderson Presents,2011-07-06,"Comedy, Documentary",Prime Video ,,Movie,18+ (R),5.6/10,,
Follow Your Nose,2015-01-01,Sport,"Free Services, Prime Video",,Movie,,,,
The Wings of Eagles,1957-01-31,Drama,"HBO MAX, Prime Video",America,Movie,,6.6/10,,"John Ford-director, John Wayne-actor, Dan Dailey-actor, Maureen O'Hara-actor, Ward Bond-actor, Ken Curtis-actor, Edmund Lowe-actor, Kenneth Tobey-actor, James Todd-actor, Barry Kelley-actor, Sig Ruman-actor, Henry O'Neill-actor, Willis Bouchey-actor, Dorothy Jordan-actor, Evelyn Rudie-actor, Charles Schnee-actor, Frank Fenton-author, Frank Wead-author, William Wister Haines-author, Jeff Alexander-actor"
Before We Say Goodbye,2010-01-01,"Romance, Family","Free Services, Prime Video",,Movie,13+ (PG-13),7.6/10,,
Sinfidelity,2020-08-16,"Drama, Thriller","Hoopla, Prime Video",America,Movie,16+,5/10,,"Tamar Halpern-director, Piper Blair-actor, Heather Baverman-actor, Aidan Bristow-actor, Anne Nichols-actor, Caroline Cole-actor, Henry Frost-actor, Blythe Howard-actor, Mark Jude Sullivan-actor, Jade Tailor-actor, Daniel Bruckner-author, Tamar Halpern-author"
Sharkansas Women's Prison Massacre,2015-11-04,"Horror, Science-Fiction","Free Services, Prime Video",America,Movie,,3/10,,"Jim Wynorski-director, Dominique Swain-actor, Traci Lords-actor, Christine Nguyen-actor, Cindy Lucas-actor, Amy Holt-actor, John Callahan-actor, Corey Landis-actor, Chris De Christopher-actor, Skye McDonald-actor, Tabitha Marie-actor, Serafin Falcon-actor, Oscar DeRosa-actor, John Archer Lundgren-actor, Steve Goldenberg-actor, Robert Hummel-actor, Rafael Diaz-Wagner-actor, Alberto Delgado Jr.-actor, Alex Nunez-actor, Jim Wynorski-author, William Dever-author, Chuck Cirino-actor"
W 3sixty5,2015-05-05,"Biography, Documentary",Prime Video ,,Movie,13+ (PG-13),6.9/10,,
Tortured for Christ,2018-03-05,"Documentary, Drama","Free Services, Prime Video",Romania,Movie,13+ (PG-13),7.1/10,,"John Grooters-director, Emil Măndănac-actor, Raluca Botez-actor, Eduard Adam-actor, Virgil Aioanei-actor, Bogdan Albulescu-actor, Adrian Anghel-actor, Cătălin Babliuc-actor, Dimitrii Bogomaz-actor, Eugen Cristea-actor, Petru Dumitrescu De Hillerin-actor, Razvan Dinu-actor, Bogdan Dumitrescu-actor, Alexandru Fainisi-actor, Elias Ferkin-actor, Andrei Geavela-actor, Alexandru Mike Ghe-actor, Ionut Grama-actor, Ionut Ionescu-actor, Nicodim Ungureanu-actor, Steve Cleary-author"
Bill Monroe: Father of Bluegrass Music,1993-05-31,"Documentary, Musical",Prime Video ,,Movie,,7.8/10,,"Steve Gebhardt-director, Bill Monroe-actor, Roy Acuff-actor, Jerry Garcia-actor, Paul McCartney-actor, Emmylou Harris-actor, Dolly Parton-actor, Marty Stuart-actor, Earl Scruggs-actor, Larry Nager-author"
An Impossible Love,2018-11-07,"Romance, Drama","Free Services, Prime Video",Belgium,Movie,,7/10,,"Catherine Corsini-director, Virginie Efira-actor, Niels Schneider-actor, Camille Berthomier-actor, Estelle Lescure-actor, Ambre Hasaj-actor, Sasha Alessandri-Torrès Garcia-actor, Iliana Zabeth-actor, Coralie Russier-actor, Gaël Kamilindi-actor, Simon Bakhouche-actor, Catherine Morlot-actor, Didier Sandre-actor, Pierre Salvadori-actor, Arthur Igual-actor, Elisabeth Perez-actor, Catherine Corsini-author, Christine Angot-author, Laurette Polmanss-author, Grégoire Hetzel-actor"
Depeche Mode: 101,1989-04-27,"Documentary, Musical","Hoopla, Prime Video",United Kingdom,Movie,18+ (R),8.1/10,,"Chris Hegedus-director, D. A. Pennebaker-director, David Dawkins-director, Dave Gahan-actor, Martin Gore-actor, Andy Fletcher-actor, Alan Wilder-actor, Frazer Pennebaker-actor"
Fisher,2021-11-17,"Horror, Drama","Free Services, Prime Video",America,Movie,,3.4/10,,"Cassandra Bryson-director, Lilly Leann Wright-actor, Jessie Bell-actor, Mia Naipaul-actor, Blaine Rincon-actor, Sage Lawrence-actor, Zach Meiser-actor, Alexander Chastain-actor, Dakota Evans-actor, Jeremy Hawkins-actor, Zachary Rodrigues-Gardner-actor, Shellyta Chatman-actor, Zach Kinsey-actor, Nasim Bowlus-actor, Brian Parks-actor, Cassandra Bryson-actor, Cassandra Bryson-author"
The Battery,2012-10-13,"Horror, Drama","Free Services, Prime Video",America,Movie,,6.3/10,,"Jeremy Gardner-director, Jeremy Gardner-actor, Adam Cronheim-actor, Niels Bolle-actor, Alana O'Brien-actor, Jamie Pantanella-actor, Larry Fessenden-actor, Kelly McQuade-actor, Matt Bacco-actor, Elise Stella-actor, Adam Cronheim-actor, Christian Stella-actor, Douglas A. Plomitallo-actor, Jeremy Gardner-actor, Jamie Pantanella-actor, Kelly McQuade-actor, Matt Bacco-actor, Jeremy Gardner-author"
His and Her Christmas,2005-12-19,"Comedy, Family","Free Services, Prime Video",Canada,Movie,7+ (PG),5/10,,"Farhad Mann-director, Dina Meyer-actor, David Sutcliffe-actor, April Telek-actor, Scott Swanson-actor, Campbell Lane-actor, Garry Chalk-actor, Paula Devicq-actor, Kyle Cassie-actor, Alistair Abell-actor, Alexia Fast-actor, Tony Alcantar-actor, Scott E. Miller-actor, Karen Khunkhun-actor, Peter Sullivan-author"
Iliza Shlesinger: War Paint,2013-01-01,"Stand-up & Talk, Comedy","Free Services, Prime Video",America,Movie,,6.6/10,,"Jay Chapman-director, Iliza Shlesinger-actor, Steve Krueger-actor, Brian Volk-Weiss-actor, Iliza Shlesinger-actor, Jack Vaughn-actor, Kara Baker-actor, Iliza Shlesinger-author"
Enter the Fat Dragon,2020-01-23,"Action & Adventure, Crime","Free Services, Prime Video",China,Movie,16+,5.7/10,,"Aman Chang-director, Kenji Tanigaki-director, Donnie Yen-actor, Teresa Mo-actor, Wong Jing-actor, Niki Chow-actor, Naoto Takenaka-actor, Tetsu Watanabe-actor, Hiro Hayama-actor, Louis Cheung-actor, Lin Qiu-Nan-actor, Wong Cho-lam-actor, Jim Chim Sui-Man-actor, Anthony Chan Yau-actor, Philip Ng-actor, Jerry Lamb Hiu-Fung-actor, Lawrence Chou-actor, Bob Lam-actor, Tyson Chak-actor, Andrew Yan Hua-actor, Yu Kang-actor, Min Hun Fung-actor, Joey Iwanaga-actor, Connie Wong Nga-Lam-actor"
Sweet Dreams,,"Drama, Thriller",Free Services,,Movie,,,,
I am Thor,2015-11-20,"Musical, Documentary","Free Services, Prime Video",America,Movie,,7/10,,"Ryan Wise-director, Jon Mikl Thor-actor, Lou Ferrigno-actor, John Holmstrom-actor, Nik Turner-actor, John Fasano-actor, Alan Higbee-actor"
Welcome to Soldier Ride,2014-07-18,Documentary,"Free Services, Prime Video",,Movie,16+,8.8/10,,
In Full Bloom... Transcending Gender,2015-01-01,"Biography, Documentary","Kanopy, Prime Video",,Movie,,,,"Michael Brewer-director, David Gaddas-actor, Gizelle Messina-actor, Jazzmun Nichcala Crayton-actor, Maria Ronan-actor, Nadia Milan-actor, Helen Wong-actor"
Whale,2010-03-06,Drama,"Free Services, Prime Video",,Movie,,7.7/10,,"Amir Motlagh-director, Amir Motlagh-actor, Amir Motlagh-author"
Snapshot,2014-12-31,Thriller,Free Services,America,Movie,,6.3/10,,"Frankie Latina-director, Sasha Grey-actor, Danny Trejo-actor, Kelly Cunningham-actor, Mark Borchardt-actor, Kumar Pallana-actor, Andrew Swant-actor, Cade Carradine-actor, Mike Schank-actor, Gina Nadine Brown-actor, Norman Lasca-actor, Eamonn O'Neill-actor, Justin Linnemeier-actor, Didier Leplae-actor, Randy Russell-actor, Sean Williamson-actor, Gilbert Trejo-author"
Weaving Worlds,2008-11-01,Documentary,Prime Video ,,Movie,,8.1/10,,
Tanner Hall Forever,2020-10-06,"Documentary, Sport","Free Services, Prime Video",,Movie,,,,"Constantine Papanicolaou-director, Tanner Hall-actor, Constantine Papanicolaou-author"
Dead on Time,,"Drama, Action & Adventure",Prime Video ,America,Movie,,4.5/10,,"Rish Mustaine-director, Michael Madsen-actor, John Sjogren-actor, Mohammed Zouaoui-actor, Scott Colton-actor"
The Uncanny,1977-08-24,"Drama, Horror","Free Services, Prime Video",Canada,Movie,,5.7/10,,"Denis Héroux-director, Peter Cushing-actor, Ray Milland-actor, Joan Greenwood-actor, Susan Penhaligon-actor, Donald Pleasence-actor, Samantha Eggar-actor, John Vernon-actor, Roland Culver-actor, Simon Williams-actor, Alexandra Stewart-actor, Donald Pilon-actor, Chloe Franks-actor, Katrina Holden Bronson-actor, Renée Girard-actor, Catherine Bégin-actor, Jean LeClerc-actor, Sean McCann-actor, Claude Héroux-actor, Milton Subotsky-actor, René Dupont-actor, Harold Greenberg-actor, Richard R. St. Johns-actor, Robert A. Kanto-actor"
Now What?!,2016-12-09,"Drama, Comedy",Prime Video ,,TV Show,18+ (TV-MA),7.4/10,3,"Paul Galliano-actor, David Millbern-actor, David Millbern-actor"
Letters from the Big Man,2011-11-11,"Science-Fiction, Drama",Prime Video ,America,Movie,,6.3/10,,"Christopher Munch-director, Lily Rabe-actor, Jason Butler Harner-actor, Isaac C. Singleton Jr.-actor, Jim Cody Williams-actor, Fiona Dourif-actor, Don McManus-actor, Karen Black-actor, Skyler Brigmann-actor, Gregory Bennett-actor, Jessica Noboa-actor, Christopher Munch-author"
Chuck D Presents Band in the House,2013-04-09,,Free Services,,Movie,,,,
Back Door to Heaven,1939-04-19,"Drama, Crime","Free Services, Prime Video",America,Movie,All (G),6.1/10,,"William K. Howard-director, Wallace Ford-actor, Patricia Ellis-actor, Aline MacMahon-actor, Van Heflin-actor, Douglas McMullen-actor, George J. Lewis-actor, Bruce Evans-actor, Stuart Erwin-actor, Bert Frohman-actor, Georgette Harvey-actor, Helen Christian-actor, Jimmy Lydon-actor, Anita Magee-actor, Raymond Roe-actor, William Redfield-actor, Kenneth LeRoy-actor, David Johnson-actor, William Harrigan-actor, Jane Seymour-actor, Alfred Webster-actor, Robert Wildhack-actor, John Bright-author, Robert Tasker-author"
The Beckoning,2009-02-07,"Horror, Mystery",Free Services,Spain,Movie,18+ (R),5.3/10,,"Elio Quiroga-director, Ana Torrent-actor, Francisco Boira-actor, Héctor Colomé-actor, Rocío Muñoz-Cobo-actor, Francisco Casares-actor, Julio Perillán-actor, Elio Quiroga-author"
Champions of the Wave,,Documentary,Prime Video ,,Movie,All (G),,,
Jesus in Athens,2019-06-06,,Prime Video ,,Movie,,,,"Peter Hansen-director, Darren Carlson-actor, Darren Carlson-actor"
The Ayahuasca Experience,2020-11-29,Documentary,"Free Services, Prime Video",,Movie,,,,
Improving Your Intuition,1997-10-10,Documentary,Prime Video ,,Movie,,,,
Shava Ni Girdhari Lal,2021-12-17,"Romance, Comedy","Prime Video, Prime Video",India,Movie,,5.4/10,,"Gippy Grewal-director, Gippy Grewal-actor, Neeru Bajwa-actor, Himanshi Khurana-actor, Tanu Grewal-actor, Karamjit Anmol-actor, Raghveer Boli-actor, Yami Gautam-actor, Gurpreet Ghuggi-actor, Parminder Gill-actor, Sara Gurpal-actor, Rana Ranbir-actor, Prince Kanwaljit Singh-actor, Sardar Sohi-actor, Gurpreet Bhangu-actor, Harinder Bhullar-actor, Akshita-actor, Ashu Munish Sahni-actor, Gippy Grewal-actor, Vashu Bhagnani-actor, Rana Ranbir-author"
My Blueberry Nights,2007-11-28,"Romance, Drama","Free Services, Prime Video",China,Movie,13+ (PG-13),6.6/10,,"Wong Kar-wai-director, Norah Jones-actor, Jude Law-actor, David Strathairn-actor, Rachel Weisz-actor, Natalie Portman-actor, Cat Power-actor, Frankie Faison-actor, Michael Delano-actor, Chad R. Davis-actor, Katya Blumenberg-actor, John Malloy-actor, Demetrius Butler-actor, Adriane Lenox-actor, Benjamin Kanes-actor, Michael Hartnett-actor, Michael May-actor, Jesse Garon-actor, Sam Hill-actor, Tracy Elizabeth Blackwell-actor, Audrei Kairen-actor, Bill Hollis-actor, Jacky Pang Yee Wah-actor, Jean-Louis Piel-actor"
Repo Man,1984-02-20,"Science-Fiction, Comedy",Prime Video ,America,Movie,18+ (R),6.9/10,,"Alex Cox-director, Harry Dean Stanton-actor, Emilio Estevez-actor, Tracey Walter-actor, Olivia Barash-actor, Sy Richardson-actor, Susan Barnes-actor, Fox Harris-actor, Tom Finnegan-actor, Del Zamora-actor, Eddie Velez-actor, Zander Schloss-actor, Jennifer Balgobin-actor, Dick Rude-actor, Miguel Sandoval-actor, Vonetta McGee-actor, Richard Foronjy-actor, Bruce White-actor, Sue Kiel-actor, Helen Martin-actor, Angelique Pettyjohn-actor, Con Covert-actor, Jonathan Wacks-actor, Peter McCarthy-actor"
Shadow Run,1998-01-01,"Mystery, Thriller",Prime Video ,United Kingdom,Movie,16+,4.3/10,,"Geoffrey Reeve-director, Michael Caine-actor, James Fox-actor, Christopher Cazenove-actor, Kenneth Colley-actor, Matthew Pochin-actor, Rae Barker-actor, Rupert Frazer-actor, Leslie Grantham-actor, Tim Healy-actor, Katherine Reeve-actor, Angela Douglas-actor, Maurice Thorogood-actor, Paul McEwan-actor, Emma Reeve-actor, Richard Tuck-actor, John Bray-actor, Christopher Morgan-actor, Khan Bonfils-actor, Phil Swinburne-actor, Paul Conde-actor, John Ironstone-actor, Geoffrey Reeve-actor, Desmond Lowden-author"
Destroyed In Seconds,2008-08-21,"Animation, Documentary","Discovery+, Prime Video",America,TV Show,7+ (TV-PG),6.9/10,2,Ron Pitts-actor
My Design Rules,2020-04-01,Reality,"Free Services, Prime Video",,TV Show,,7.5/10,12,
Toxic Apocalypse,2015-12-25,"Thriller, Action & Adventure","Free Services, Prime Video",United Kingdom,Movie,,4.7/10,,"Marc Hamill-director, Carl Hamill-actor, Heather Percival-actor, M.J. Simpson-actor, Chris Postlethwaite-actor, Tom Robinson-actor, Shane Buckley-actor, David Hardware-actor, Ron Hamill-actor, Carl Hamill-actor, Marc Hamill-actor, Carl Hamill-author, Marc Hamill-author"
All Hat,2007-09-11,Comedy,"Free Services, Prime Video",Canada,Movie,18+ (R),5.1/10,,"Leonard Farlinger-director, Rachael Leigh Cook-actor, Luke Kirby-actor, Keith Carradine-actor, Lisa Ray-actor, Graham Greene-actor, Ernie Hudson-actor, Jennifer Jonas-actor, Brad Smith-author, Bill Frisell-actor"
Climax,2021-03-05,"Crime, Thriller","Prime Video, Prime Video",India,Movie,,7.8/10,,"Bhavani Shankar Kaipa-director, Rajendra Prasad-actor, Sasha Singh-actor, Sri Reddy-actor, Prudhviraj-actor, Sivashankar Master-actor, Karunakar Reddy-actor, Rajeshwar Reddy-actor, Bhavani Shankar Kaipa-author"
Fielder's Choice,2005-06-18,"Drama, Family",Prime Video ,,Movie,All (G),5.6/10,,"Kevin Connor-director, George Segal-actor, Chad Lowe-actor, Marin Hinkle-actor, Bodhi Elfman-actor, Ellen Greene-actor, Charles Napier-actor, Dena Dietrich-actor, Miriam Flynn-actor, Dan Roberts-author, Scott Huebscher-author"
ReMastered: The Two Killings of Sam Cooke,2019-02-08,"Thriller, Documentary",Netflix,,Movie,18+ (R),7.2/10,,"Kelly Duane-director, Sam Cooke-actor, Jim Brown-actor, Quincy Jones-actor, Smokey Robinson-actor, Dionne Warwick-actor, Jeff Zimbalist-actor, Michael Zimbalist-actor, Jeff Zimbalist-author, Michael Zimbalist-author, Daniel Lessner-actor"
Namaste Yoga,2005-04-04,Sport,"Free Services, Prime Video",,TV Show,,8.4/10,4,
"Very Nice, Very Nice",1961-12-31,"Comedy, Animation","Fandor, Prime Video",Canada,Movie,,6.8/10,,"Arthur Lipsett-director, Colin Low-actor, Tom Daly-actor"
Thrill Factor,2015-08-12,"Documentary, Reality","Free Services, Prime Video",America,TV Show,All (TV-G),6.8/10,1,"Tory Belleci-actor, Kari Byron-actor"
Nick Cobb: Broke-ish,,,Prime Video ,,Movie,,,,
Atrocious,2015-10-28,"Drama, Horror",Free Services,Mexico,Movie,,5.1/10,,"Lex Ortega-director, David Aboussafy-actor, Laurette Flores-actor, Aleyda Gallardo-actor, Dana Karvelas-actor, Orlando Moguel-actor, Miguel Angel Nava-actor, Lex Ortega-actor, Carlos Padilla-actor, Julio Rivera-actor, Florencia Ríos-actor, Carlos Valencia-actor"
Echoes,2014-07-05,"Drama, Horror","Free Services, Prime Video",America,Movie,,4.3/10,,"Nils Timm-director, Steven Brand-actor, Kevin Brewerton-actor, Ivory Dortch-actor, Kate French-actor, Steve Hanks-actor, Billy Wirth-actor, Nils Timm-author"
I Am Greta,2020-11-13,"Biography, Documentary",Hulu,Germany,Movie,16+,7.7/10,,"Nathan Grossman-director, Greta Thunberg-actor, Arnold Schwarzenegger-actor, António Guterres-actor, Malena Ernman-actor, Svante Thunberg-actor, Pope Francis-actor, Donald Trump-actor, Vladimir Putin-actor, Jair Bolsonaro-actor, Cecilia Nessen-actor, Fredrik Heinig-actor, Helena Ingelsten-actor, Jutta Krug-actor, Axel Arnö-actor, Christiane Hinz-actor, Dana O'Keefe-actor, Mandy Chang-actor, Pelle Nilsson-actor, Peter Modestij-actor, Philip Westgren-actor, Nathan Grossman-author"
Robot Monster,1953-06-25,"Horror, Science-Fiction","Free Services, Prime Video",America,Movie,,2.9/10,,"Phil Tucker-director, George Nader-actor, Claudia Barrett-actor, Gregory Moffett-actor, John Mylong-actor, Selena Royle-actor, Pamela Paulson-actor, George Barrows-actor, John Brown-actor, Phil Tucker-actor, Al Zimbalist-actor, Wyott Ordung-author, Elmer Bernstein-actor"
La mort d'Auguste,2015-12-15,"Drama, Crime",Prime Video ,France,Movie,,7/10,,"Denis Malleval-director, Bruno Solo-actor, Antoine Duléry-actor, Jean-Pierre Darroussin-actor, Anne Baudoux-actor, Jérémy Charbonnel-actor, Olivia Brunaux-actor, Julie Judd-actor, Georges Simenon-author"
Punk: Attitude,2005-07-04,Documentary,Prime Video ,America,Movie,,7.4/10,,"Don Letts-director, Jello Biafra-actor, Henry Rollins-actor, Jim Jarmusch-actor, Wayne Kramer-actor, Glenn Branca-actor, Thurston Moore-actor, Poly Styrene-actor, John Cale-actor, Bob Gruen-actor, Chrissie Hynde-actor, David Johansen-actor, Tommy Ramone-actor, Siouxsie Sioux-actor, Glen Matlock-actor, Ari Up-actor, Don Letts-author"
Armed and Dangerous,1986-08-15,"Crime, Comedy","HBO MAX, Prime Video",America,Movie,13+ (PG-13),5.7/10,,"Mark L. Lester-director, John Candy-actor, Eugene Levy-actor, Robert Loggia-actor, Meg Ryan-actor, Kenneth McMillan-actor, Brion James-actor, Jonathan Banks-actor, Don Stroud-actor, Larry Hankin-actor, Steve Railsback-actor, Tony Burton-actor, David Hess-actor, James Tolkan-actor, Tom 'Tiny' Lister Jr.-actor, Bruce Kirby-actor, Glenn Withrow-actor, Judy Landers-actor, Stacy Keach, Sr.-actor, Brian Grazer-actor, James Keach-actor, Brian Grazer-author, Harold Ramis-author, Peter Torokvei-author"
Stormhouse,2011-06-15,"Mystery, Thriller",Prime Video ,United Kingdom,Movie,18+ (R),4.1/10,,"Dan Turner-director, Grant Masters-actor, Patrick Flynn-actor, Grahame Fox-actor, Munir Khairdin-actor, Martin Delaney-actor, James Capel-actor, Anthony Mark Streeter-actor, Frankie Fitzgerald-actor, Andrew Hall-actor, Jordan Pitt-actor, Marlon Williams-actor, Dean Fisher-actor, Jason Arnopp-actor, Dan Turner-author, Jason Arnopp-author, Sam Watts-actor"
"Gene Autry, World's Greatest Cowboy",,,Free Services,,Movie,,,,Sandy Oliveri-director
The Hybrids Family,2016-10-01,"Action & Adventure, Comedy","Free Services, Prime Video",,Movie,7+ (PG),5.2/10,,"Tony Randel-director, Paul Sorvino-actor, Carolyn Hennesy-actor, Mojean Aria-actor, Philip Willingham-actor, Anne Leighton-actor, Tony Randel-actor"
Black Beauty,1971-01-01,"Family, Drama","Starz, Prime Video",United Kingdom,Movie,All (G),5.4/10,,"James Hill-director, Mark Lester-actor, Walter Slezak-actor, Peter Lee Lawrence-actor, Uschi Glas-actor, Patrick Mower-actor, Maria Rohm-actor, Eddie Golden-actor, Clive Geraghty-actor, John Hoey-actor, Patrick Gardiner-actor, Brian McGrath-actor, Ronan Smith-actor, John Franklyn-actor, Margaret Lacey-actor, John Nettleton-actor, Malcolm B. Heyworth-actor, Peter L. Andrews-actor, Tony Tenser-actor, Anna Sewell-author, Wolf Mankowitz-author"
Planet Dinosaur,2011-09-14,"Action & Adventure, Horror",Prime Video ,,TV Show,7+ (TV-PG),8.1/10,1,"John Hurt-actor, Nigel Paterson-author, Tom Brass-author, Nigel Paterson-actor, Phil Dobree-actor"
Khumba,2013-07-18,"Animation, Action & Adventure","Free Services, Prime Video",South Africa,Movie,All (G),5.6/10,,"Anthony Silverston-director, Jake T. Austin-actor, Liam Neeson-actor, Steve Buscemi-actor, AnnaSophia Robb-actor, Laurence Fishburne-actor, Richard E. Grant-actor, Loretta Devine-actor, Anika Noni Rose-actor, Catherine Tate-actor, Jennifer Cody-actor, Charlie Adler-actor, Dee Bradley Baker-actor, Jeff Bennett-actor, Roger L. Jackson-actor, Julianna Rose-actor, Sam Riegel-actor, Bryce Papenbrook-actor, Hope Levy-actor, Stephanie Sheh-actor, Anthony Silverston-author, Raffaella Delle Donne-author"
Detour,2017-01-20,"Action & Adventure, Thriller","fuboTV, Prime Video",South Africa,Movie,18+ (R),6.2/10,,"Christopher Smith-director, Tye Sheridan-actor, Bel Powley-actor, Emory Cohen-actor, Stephen Moyer-actor, John Lynch-actor, Jared Abrahamson-actor, Gbenga Akinnagbe-actor, Deon Lotz-actor, Reine Swart-actor, Tamer Burjaq-actor, Daniel Fox-actor, Kal Weber-actor, Compton Ross-actor, Jason Newmark-actor, Julie Baines-actor, Phil Hunt-actor, Stephen Kelliher-actor, Casey van der Touw-actor, Elliot Ross-actor, Fenella Ross-actor, Hilary Davis-actor, Christopher Smith-author"
#RichKids of Beverly Hills,2014-01-19,Reality,"fuboTV, Prime Video",,TV Show,14+ (TV-14),2.9/10,4,"Dorothy Wang-actor, Jonny Drubel-actor, Brendan Fitzpatrick-actor, EJ Johnson-actor, Bianca Espada-actor, Morgan Stewart-actor, Roxy Sowlaty-actor, Taylor Ann Hasselhoff-actor"
Killing Lazarus,2015-01-01,"Crime, Thriller","Free Services, Prime Video",,Movie,,6.9/10,,"Desmond Faison-director, Brent Huff-actor, Jahmela Biggs-actor, Deji LaRay-actor, Shayla Hale-actor, Elizabeth Grullon-actor, Jamila Webb-actor, Joseph Callari-actor, Billy Mayo-actor, David Hill-actor, Desmond Faison-author"
Tom and Jerry Tales,2006-09-23,"Comedy, Family",Prime Video ,America,TV Show,All (TV-G),7.3/10,2,"Frank Welker-actor, Michael Donovan-actor, Nicole Oliver-actor, Reece Thompson-actor, Tom Kenny-actor, Don Brown-actor, David Kaye-actor, Janyse Jaud-actor, Scott McNeil-actor, Sam Vincent-actor, Joseph Barbera-actor, Joseph Barbera-actor, William Hanna-actor"
The Law of Ueki,2005-04-04,"Animation, Action & Adventure","Free Services, Prime Video",,TV Show,7+ (TV-PG),7.2/10,1,"Romi Park-actor, Tomoko Kawakami-actor, Tsubasa Fukuchi-actor"
Hatchet,2006-04-27,"Comedy, Horror","Free Services, Prime Video",America,Movie,18+ (R),5.6/10,,"Adam Green-director, Tamara Feldman-actor, Kane Hodder-actor, Joleigh Fioravanti-actor, Joel David Moore-actor, Mercedes McNab-actor, Deon Richmond-actor, Joel Murray-actor, Parry Shen-actor, Richard Riehle-actor, Patrika Darbo-actor, Robert Englund-actor, Joshua Leonard-actor, Tony Todd-actor, John Carl Buechler-actor, Rileah Vanderbilt-actor, Adam Weisman-actor, Adam Green-actor, Will Barratt-actor, Cory Neal-actor, Sarah Elbert-actor, Scott Altomare-actor, Andrew Mysko-actor, Roman Kindrachuk-actor"
Tar,2020-10-02,"Horror, Action & Adventure","Free Services, Prime Video",,Movie,,5/10,,"Aaron Wolf-director, Timothy Bottoms-actor, Graham Greene-actor, Aaron Wolf-actor, Emily Peachey-actor, Max Perlich-actor, Nicole Alexandra Shipley-actor, Tiffany Shepis-actor, Stuart Stone-actor, Sandy Danto-actor, Andrew Kappel-actor, Timothy Nuttall-actor, Aaron Wolf-actor, Dan Wolf-actor, Timothy Nuttall-actor, Aaron Wolf-author, Timothy Nuttall-author"
Rocket Hunter,2020-01-03,Action & Adventure,"Free Services, Prime Video",America,Movie,13+ (PG-13),1.4/10,,"Christopher Forbes-director, Sophie Adams-actor, Jezibell Anat-actor, Ronald Blanton-actor, Wayne Blanton-actor, Kayla Coppa-actor, Ryan Cruce-actor, Kelly Forbes-actor, Charlie Gabel-actor, Stephen Gilliam-actor, John H. Greene-actor, Barry W. Jerald Jr.-actor, Catherine Jerald-actor, Lin Laffitte-actor, Ethan McGee-actor, Brad Owens-actor, Corbin Rivers-actor, Eric E. Poe-actor, Joseph Zuchowski-actor"
Attack of the 50 Foot Woman,1958-05-18,"Horror, Science-Fiction",Prime Video ,America,Movie,7+ (PG),5/10,,"Nathan H. Juran-director, Allison Hayes-actor, William Hudson-actor, Yvette Vickers-actor, Roy Gordon-actor, George Douglas-actor, Otto Waldis-actor, Eileen Stevens-actor, Michael Ross-actor, Frank Chase-actor, Ken Terrell-actor, Bernard Woolner-actor, Jacques R. Marquette-actor, Mark Hanna-author, Ronald Stein-actor"
Scooby Goes Hollywood,1980-01-01,"Comedy, Animation",Prime Video ,America,Movie,All (G),5.9/10,,"Ray Patterson-director, Hal Smith-actor, Casey Kasem-actor, Don Messick-actor, Ginny McSwain-actor, Marilyn Schreffler-actor, Frank Welker-actor, Heather North-actor, Patricia Stevens-actor, Joan Gerber-actor, Rip Taylor-actor, Michael Bell-actor, Stan Jones-actor, Pat Fraley-actor, Edie Lehmann Boddicker-actor, Paul DeKorte-actor, Michael Redman-actor, Debbie Hall-actor, Robert Tebow-actor, Don Jurwich-actor, Joseph Barbera-actor, William Hanna-actor, Dick Robbins-author, Duane Poole-author"
Cranford,2007-11-18,"Animation, Drama","BritBox, Prime Video",United Kingdom,TV Show,7+ (TV-PG),8.3/10,2,"Eileen Atkins-actor, Judi Dench-actor, Lisa Dillon-actor, Simon Woods-actor, Claudie Blakley-actor, Philip Glenister-actor, Julia McKenzie-actor, Lesley Manville-actor, Imelda Staunton-actor, Alex Jennings-actor, Andrew Buchan-actor, Alexander Nathan Etel-actor, Dean Lennox Kelly-actor, Joseph McFadden-actor, Kimberley Nixon-actor, Greg Wise-actor, Julia Sawalha-actor, Finty Williams-actor, Adrian Scarborough-actor, John Bowe-actor, Selina Griffiths-actor, Sue Birtwistle-actor, Kate Harwood-actor, Rebecca Eaton-actor"
Sunny,2008-07-23,"Romance, Drama","Free Services, Prime Video",South Korea,Movie,,6.5/10,,"Lee Joon-ik-director, Soo Ae-actor, Jung Jin-young-actor, Jung Kyung-ho-actor, Ju Jin-mo-actor, Shin Hyun-Tak-actor, Uhm Tae-woong-actor, Jo Mi-ryung-actor, Shin Jung-geun-actor, Ji Il-joo-actor, Yang Young-Jo-actor, Kim Byung-Oh-actor, Kim Tae-hyun-actor, Lee Yeong-seok-actor, Kim Hee-chang-actor, Lee Joo-sil-actor, Lee Joon-hyuk-actor, Cho Chul-hyun-actor, Oh Seung-hyeon-actor, Choi Seok-hwan-author, Bang Jun-seok-actor, Lee Byung-hoon-actor"
Cop-Out,1991-01-01,"Action & Adventure, Thriller",Prime Video ,America,Movie,18+ (R),4.3/10,,"Lawrence L. Simeone-director, Dave Buff-actor, Kathryn Luster-actor, Dan Ranger-actor, Reggie De Mornay-actor, Jesse Galante-actor, Lawrence L. Simeone-actor, Kimberley Casey-actor, David Winters-actor, Lawrence L. Simeone-author"
Star Wars Vehicle Flythroughs,2021-05-04,"Documentary, Science-Fiction",Disney+,,TV Show,,6.2/10,1,
The King of Marvin Gardens,1972-10-12,"Thriller, Drama","Prime Video, Prime Video",America,Movie,18+ (R),6.5/10,,"Bob Rafelson-director, Jack Nicholson-actor, Bruce Dern-actor, Ellen Burstyn-actor, Julia Anne Robinson-actor, Scatman Crothers-actor, Charles LaVine-actor, John P. Ryan-actor, Sully Boyar-actor, Josh Mostel-actor, Arnold Williams-actor, William Pabst-actor, Garry Goodrow-actor, Imogene Bliss-actor, Ann Thomas-actor, Tom Overton-actor, Maxwell Goldberg-actor, Van Kirksey-actor, Tony King-actor, Jerry Fujikawa-actor, Conrad Yama-actor, Scott Howard-actor, Bob Rafelson-actor, Harold Schneider-actor"
Tiny House Hunting,2014-12-22,"Home & Garden, Reality","Free Services, Prime Video",,TV Show,,6.9/10,4,
All About Eva,2019-12-31,"Drama, Thriller",Free Services,,Movie,,5.4/10,,"Ferdia MacAnna-director, David Keating-actor"
The True Adventures of Wolfboy,2019-12-08,"Action & Adventure, Drama","Free Services, Prime Video",America,Movie,13+ (PG-13),5.7/10,,"Martin Krejčí-director, Jaeden Martell-actor, Sophie Giannamore-actor, John Turturro-actor, Eve Hewson-actor, Chris Messina-actor, Michelle Wilson-actor, Chloë Sevigny-actor, Stephen McKinley Henderson-actor, Melissa Mandisa-actor, Colin Patrick Farrell-actor, Kate Thulin-actor, Bob Rusch-actor, Doug Crane-actor, Caitlyn Stephenson-actor, J.J. Alfieri-actor, Joshua R. Aragon-actor, Chris Drexel-actor, Michael Alan Collette-actor, Greg Hinaman-actor, Scott Matheny-actor, Perris K. Fortson-actor, Benjamin Blake-actor, Declan Baldwin-actor"
Lucian Freud: Portraits,2004-06-09,"Biography, Documentary",Kanopy,,Movie,,7.2/10,,"Jake Auerbach-director, Lucian Freud-actor"
No Time to Die,2021-09-29,"Thriller, Action & Adventure","Prime Video, Prime Video",United Kingdom,Movie,13+ (PG-13),7.3/10,,"Cary Joji Fukunaga-director, Daniel Craig-actor, Léa Seydoux-actor, Rami Malek-actor, Lashana Lynch-actor, Ralph Fiennes-actor, Ben Whishaw-actor, Naomie Harris-actor, Rory Kinnear-actor, Jeffrey Wright-actor, Billy Magnussen-actor, Christoph Waltz-actor, David Dencik-actor, Ana de Armas-actor, Dali Benssalah-actor, Lisa-Dorah Sonnet-actor, Coline Defaud-actor, Mathilde Bourbin-actor, Hugh Dennis-actor, Priyanga Burford-actor, Joe Grossi-actor, Nicola Olivieri-actor, Barbara Broccoli-actor, Michael G. Wilson-actor"
Katekyō Hitman Reborn!,2006-10-07,"Action & Adventure, Anime",Free Services,,TV Show,14+ (TV-14),7.7/10,9,"Takashi Kondō-actor, Toshinobu Iida-actor, Kenjirou Tsuda-actor, Yukari Kokubun-actor, Yuka Terasaki-actor, Junko Takeuchi-actor, Satomi Akesaka-actor, Suguru Inoue-actor, Hidenobu Kiuchi-actor, Daisuke Namikawa-actor, Yoshiro Kataoka-actor, Akira Amano-actor"
Parental Discretion with Stefanie Wilder-Taylor,2012-10-01,Family,Prime Video ,,TV Show,,6.8/10,3,
Kono Yuusha ga Ore Tueee Kuse ni Shinchou Sugiru,2019-10-01,"Animation, Action & Adventure","Hulu, Prime Video",,TV Show,14+ (TV-14),7.4/10,1,
Return to El Salvador,2010-01-01,Documentary,Prime Video ,,Movie,,9.3/10,,
The Gallows,2015-07-10,"Horror, Thriller",Prime Video ,America,Movie,16+,4.2/10,,"Chris Lofing-director, Travis Cluff-director, Cassidy Gifford-actor, Ryan Shoos-actor, Pfeifer Brown-actor, Reese Mishler-actor, Price T. Morgan-actor, Mackie Burt-actor, Travis Cluff-actor, Melissa Bratton-actor, Theo Burkhardt-actor, David Herrera-actor, Alexa Benson-actor, Rebecca Dowty-actor, Dean Schnider-actor, Jason Blum-actor, Chris Lofing-author, Travis Cluff-author"
My Reputation,1946-01-25,"Drama, Romance",Prime Video ,America,Movie,,6.9/10,,"Curtis Bernhardt-director, Barbara Stanwyck-actor, George Brent-actor, Warner Anderson-actor, Lucile Watson-actor, John Ridgely-actor, Eve Arden-actor, Jerome Cowan-actor, Esther Dale-actor, Scotty Beckett-actor, Bobby Cooper-actor, Leona Maricle-actor, Mary Servoss-actor, Cecil Cunningham-actor, Janis Wilson-actor, Ann E. Todd-actor, Oliver Blake-actor, Bess Flowers-actor, Sam McDaniel-actor, Bert Moorhouse-actor, Henry Blanke-actor, Jack L. Warner-actor, Catherine Turney-author, Clare Jaynes-author"
October Moon 2: November Son,2008-07-10,"Horror, Thriller",Prime Video ,,Movie,,4.1/10,,"Jason Paul Collum-director, Judith O'Dea-actor, Brinke Stevens-actor, Sacha Sacket-actor, Lloyd Pedersen-actor, Jerod Howard-actor, Tina Ona Paukstelis-actor, Darcey Vanderhoef-actor, Ashley J. Anderson-actor, Debbie Rochon-actor, Robyn Griggs-actor, Karen Dilloo-actor, Walter Rhone-actor, Sean Michael Lambrecht-actor, Jason Satterfield-actor, Jason Paul Collum-actor, Jason Paul Collum-actor, Jason Paul Collum-author"
Prince of Smoke,,Documentary,Prime Video ,,Movie,,8.7/10,,
IQ Supremacy,2017-01-01,,Prime Video ,,Movie,,,,
Periya Kudumbam,1995-09-01,Drama,"Prime Video, Prime Video",India,Movie,,5.2/10,,"K. S. Ravikumar-director, Prabhu Ganesan-actor, Kanaka-actor, Vinita-actor, Manorama-actor, Vijayakumar-actor, Lakshmi-actor, Vagai Chandrasekar-actor, Chithra-actor, Goundamani-actor, Senthil-actor, K. S. Ravikumar-actor, Kitty-actor, Ponnambalam-actor, Thalapathi Dinesh-actor, Vinu Chakravarthy-actor, Sathyapriya-actor, Vichitra-actor, Kalyan Kumar-actor, Sathyakala-actor, Crane Manohar-actor, Ilaiyaraaja-actor"
Juncture,2007-10-06,"Action & Adventure, Thriller","Free Services, Prime Video",America,Movie,18+ (R),5/10,,"James Seale-director, Kristine Blackport-actor, Jason Coviello-actor, Bill LeVasseur-actor, Tom Doyle-actor, Jeff Nicholson-actor, Nadiya A. Jackson-actor, Robert Gosnell-author"
Bang For Your Buck,2009-04-03,"Home & Garden, Reality","Discovery+, Prime Video",,TV Show,,6.3/10,8,
Frankenstein General Hospital,1988-03-01,"Horror, Comedy",Free Services,America,Movie,18+ (R),3.5/10,,"Deborah Romare-director, Mark Blankfield-actor, Leslie Jordan-actor, Jonathan Farwell-actor, Kathy Shower-actor, Irwin Keyes-actor, Hamilton Mitchell-actor, Lou Cutell-actor, Katie Caple-actor, Dorothy Patterson-actor, Mark DeCarlo-actor, Bunky Jones-actor, Joleen Lutz-actor, Ben Stein-actor, Bobby Pickett-actor, Dimitri Villard-actor, Mary Shelley-author, Michael Kelly-author, Robert Deel-author"
The Woman Who Wasn't There,2012-04-13,"Animation, Documentary","Free Services, Prime Video",America,Movie,,6.8/10,,"Angelo Guglielmo-director, Amy Rapp-actor, Angelo Guglielmo-actor, Meredith Vieira-actor, Ron Simon-actor, Ross Kauffman-actor"
The Bronze Buckaroo,1939-01-01,Action & Adventure,Free Services,America,Movie,,4.9/10,,"Richard C. Kahn-director, Herb Jeffries-actor, Lucius Brooks-actor, Artie Young-actor, F.E. Miller-actor, Spencer Williams-actor, Clarence Brooks-actor, Lee Calmes-actor, Earle Morris-actor, Rollie Hardin-actor, Tom Southern-actor, John Thomas-actor, Richard C. Kahn-actor, Richard C. Kahn-author, Lew Porter-actor"
Space Voyages,2013-12-23,Documentary,"Paramount+, Prime Video",,TV Show,All (TV-G),8.3/10,1,
Maayanadhi,2020-01-31,"Drama, Family","Prime Video, Prime Video",India,Movie,,6.6/10,,"Ashok Thiagarajan-director, Venba-actor, Adukalam Naren-actor, Abi Saravanan-actor, Appukutty-actor, Durga Venugopal-actor, Ashok Thiagarajan-actor, K Moorthykannan-actor, Ashok Thiagarajan-author, Bhavatharini-actor"
Cold Skin,2017-10-20,"Science-Fiction, Thriller","Free Services, Prime Video",France,Movie,16+,6/10,,"Xavier Gens-director, Ray Stevenson-actor, David Oakes-actor, Aura Garrido-actor, Winslow Iwaki-actor, John Benfield-actor, Ben Temple-actor, Iván González-actor, Alejandro Rod-actor, Julien Blaschke-actor, Damián Montesdeoca-actor, Israel Bodero-actor, Roberto Rincón-actor, Denise O'Dell-actor, Mark Albela-actor, Eron Sheean-author, Jesús Olmo-author"
Alien Agenda,,Documentary,Free Services,,Movie,,,,
Outland,1981-05-22,"Science-Fiction, Action & Adventure",Prime Video ,United Kingdom,Movie,18+ (R),6.6/10,,"Peter Hyams-director, Sean Connery-actor, Peter Boyle-actor, Frances Sternhagen-actor, James B. Sikking-actor, Kika Markham-actor, Clarke Peters-actor, Steven Berkoff-actor, John Ratzenberger-actor, Nicholas Barnes-actor, Manning Redwood-actor, Marc Boyle-actor, Pat Starr-actor, Hal Galili-actor, Angus MacInnes-actor, Stuart Milligan-actor, Eugene Lipinski-actor, Norman Chancer-actor, Richard Hammar-actor, Isabelle Lucas-actor, James Berwick-actor, Sharon Duce-actor, Richard A. Roth-actor, Peter Hyams-author"
Liquor House Comedy presents Brown Sugar Night,2020-04-24,Documentary,"Free Services, Prime Video",,Movie,,9.7/10,,
FPS: First Person Shooter,2015-08-01,"Drama, Horror","Free Services, Prime Video",Germany,Movie,,4.1/10,,"Andreas Tom-director, Stephan Weyte-actor, Atlanta Amanda Lützelschwab-actor, Hans Lützelschwab-actor, Sascha Strack-actor, Ines Klein-actor, Andreas Tom-author"
Rudolph the Red-Nosed Reindeer,1948-11-11,"Animation, Fantasy","Free Services, Prime Video",America,Movie,All (G),6.3/10,,"Max Fleischer-director, Paul Wing-actor, Max Fleischer-actor"
The Church,2015-01-01,"Horror, Thriller",Prime Video ,America,Movie,,2.8/10,,"Dom Frank-director, Clint Howard-actor, Bill Moseley-actor, Ashley C. Williams-actor, Lisa Wilcox-actor"
Monster in the Closet,1986-05-15,"Comedy, Horror",Prime Video ,America,Movie,7+ (PG),4.9/10,,"Bob Dahlin-director, Donald Grant-actor, Denise DuBarry-actor, Henry Gibson-actor, Paul Walker-actor, Claude Akins-actor, Howard Duff-actor, Donald Moffat-actor, Paul Dooley-actor, John Carradine-actor, Frank Ashmore-actor, Stella Stevens-actor, Fergie-actor, Kevin Peter Hall-actor, Kenneth Kessler-actor, Lloyd Kaufman-actor"
Career Girl,1944-01-11,"Drama, Musical","Prime Video, Prime Video",America,Movie,,5.5/10,,"Wallace Fox-director, Frances Langford-actor, Edward Norris-actor, Iris Adrian-actor, Craig Woods-actor, Linda Brent-actor, Alex Craig-actor, Ariel Heath-actor, Lorraine Krueger-actor, Gladys Blake-actor, Charles Judels-actor, Charles Williams-actor, Renee Helms-actor, Marcy McGuire-actor, Bess Flowers-actor, Eddie Kane-actor, Sam Neuman-author"
The Flood,2020-09-19,"History, Drama","Free Services, Prime Video",Australia,Movie,,4.4/10,,"Victoria Wharfe McIntyre-director, Alexis Lane-actor, Shaka Cook-actor, Dean Kyrwood-actor, Dalara Williams-actor, Karen Garnsey-actor, Peter McAllum-actor, Simone Landers-actor, Aaron Jeffery-actor, Susannah Bayes-Morton-actor, Rob Flanagan-actor, Benedict Wall-actor, Keith Learn-actor, Maci-Grace Johnson-actor, Tyson Towney-actor, Socratis Otto-actor, Eddie Baroo-actor, Brendan Bacon-actor, Will Usic-actor, Michael McStay-actor, Vida Elaine Brown-actor, Paul James McLeod-actor, Amadeo Marquez-Perez-actor, Craig Deeker-actor"
A Lover's Lost Control,1915-08-02,Comedy,Fandor,America,Movie,,6/10,,"Charles Avery-director, Syd Chaplin-director, Syd Chaplin-actor, Phyllis Allen-actor, Joy Lewis-actor, Wayland Trask-actor, Jay Belasco-actor, Billie Bennett-actor, Minnie Chaplin-actor, Charles Lakin-actor, Grover Ligon-actor, Wesley Ruggles-actor, Josef Swickard-actor, Mack Sennett-actor"
Eastern Bandits,2012-04-21,"Drama, History",Free Services,China,Movie,,5.4/10,,"Yang Shupeng-director, Huang Xiaoming-actor, Zhang Xinyi-actor, Zhang Yi-actor, Tino Bao-actor, Ni Jingyang-actor, Gao Qunshu-actor, Waise Lee-actor, Liang Jing-actor, Jiang Shan-actor, Guo Wei-actor, Xiaobei Zhang-author"
Press Play,2022-06-16,Romance,Prime Video ,,Movie,13+ (PG-13),5.5/10,,"Greg Björkman-director, Clara Rugaard-actor, Lewis Pullman-actor, Danny Glover-actor, Lyrica Okano-actor, Christina Chang-actor, Matt Walsh-actor, Francis Chung-actor, Jonathan Schwartz-actor, Josh Boone-actor, Logan Lerman-actor, Paul O. Davis-actor, Greg Björkman-author, James Bachelor-author"
Not Waving but Drowning,2012-06-06,Drama,"Free Services, Prime Video",America,Movie,13+ (PG-13),5.8/10,,"Devyn Waitt-director, Vanessa Ray-actor, Megan Guinan-actor, Adam Driver-actor, Lynn Cohen-actor, Scott Bryce-actor, Isabelle McNally-actor, Lili Reinhart-actor, Devyn Waitt-author"
Ice Kings,2006-08-12,"Documentary, Sport","Free Services, Prime Video",,Movie,All (G),8.4/10,,
Blue Note Records: Beyond the Notes,2019-06-14,Documentary,Prime Video ,Switzerland,Movie,All (G),7.3/10,,"Sophie Huber-director, Don Was-actor, Herbie Hancock-actor, Lou Donaldson-actor, Wayne Shorter-actor, Norah Jones-actor, Robert Glasper-actor, Rudy Van Gelder-actor, Michael Cuscuna-actor, Ambrose Akinmusire-actor, Derrick Hodge-actor, Keith Lewis-actor, Lionel Loueke-actor, Terrace Martin-actor, Ali Shaheed Muhammad-actor, Kendrick Scott-actor, Marcus Strickland-actor, Art Blakey-actor, Clifford Brown-actor, John Coltrane-actor, Miles Davis-actor, Kendrick Lamar-actor, Sophie Huber-author"
Quest for Camelot,1998-05-15,"Animation, Fantasy","Hoopla, Prime Video",America,Movie,All (G),6.2/10,,"Frederik Du Chau-director, Jessalyn Gilsig-actor, Andrea Corr-actor, Cary Elwes-actor, Bryan White-actor, Gary Oldman-actor, Eric Idle-actor, Don Rickles-actor, Jane Seymour-actor, Céline Dion-actor, Pierce Brosnan-actor, Steve Perry-actor, Bronson Pinchot-actor, Jaleel White-actor, Gabriel Byrne-actor, John Gielgud-actor, Frank Welker-actor, Jack Angel-actor, Sarah Freeman-actor, Sherry Lynn-actor, Mickie McGowan-actor, Dalisa Cohen-actor, David Seidler-author, Jacqueline Feather-author"
Moonlight Butterfly,2022-03-18,Drama,Prime Video ,,Movie,,5.5/10,,"Joel Lamangan-director, Christine Bermas-actor, Kit Thompson-actor, Albie Casiño-actor, Ivan Carapiet-actor, Quinn Carrillo-actor, Jim Pebanco-actor, Jolo Estrada-actor, Tanya Gomez-actor"
Daniel's Daughter,2008-01-12,"Drama, Romance","Free Services, Prime Video",Canada,Movie,7+ (PG),6/10,,"Neill Fearnley-director, Laura Leighton-actor, Sebastian Spence-actor, Brandon Firla-actor, Kelli Fox-actor, Derek McGrath-actor, London Angelis-actor, Martin Doyle-actor, Brad Borbridge-actor, Barry Flatman-actor, Brendan Wall-actor, McKenzi Scott-actor, Shae Norris-actor, Caprice Herjavec-actor, Ruth Marshall-actor, Dorly Jean-Louis-actor, Neill Fearnley-actor, David Till-actor, Tracy Rosen-author"
Other People's Money,1991-10-18,"Drama, Romance","HBO, Prime Video",America,Movie,18+ (R),6.2/10,,"Norman Jewison-director, Danny DeVito-actor, Gregory Peck-actor, Penelope Ann Miller-actor, Piper Laurie-actor, Dean Jones-actor, R.D. Call-actor, Mo Gaffney-actor, Bette Henritze-actor, Tom Aldredge-actor, Leila Kenzle-actor, Cullen O. Johnson-actor, Denise Lynne Roberts-actor, Norman Jewison-actor, Ric Kidney-actor, Alvin Sargent-author, Jerry Sterner-author, David Newman-actor"
Vazhkai,1949-12-23,,"Prime Video, Prime Video",,Movie,,7.1/10,,
Theosophy: Life's mysteries revealed,2018-02-08,Documentary,Prime Video ,,TV Show,,,1,
Ardaas,2016-03-11,"Family, Drama",Prime Video ,India,Movie,,8.3/10,,"Gippy Grewal-director, Gippy Grewal-actor, Gurpreet Ghuggi-actor, Karamjit Anmol-actor, Rana Ranbir-actor, Parminder Gill-actor, Isha Rikhi-actor, Mandy Takhar-actor, Aditya Singh-actor, Aman Khatkar-actor, Pushpinder Happy-actor, Sukhjinder Bachu-actor, Vinod Aswal-actor, Gippy Grewal-author"
The Frightened Bride,1952-04-15,Drama,Fandor,United Kingdom,Movie,,6/10,,"Terence Young-director, Michael Denison-actor, Mai Zetterling-actor, Jane Hylton-actor, André Morell-actor, Flora Robson-actor, Dennis Price-actor, Peter Burton-actor, Barbara Blair-actor, Mervyn Johns-actor, Naunton Wayne-actor, Celia Lipton-actor, Don Phillips-actor, Joan Hickson-actor, Hugh Dempster-actor, Michael Ward-actor, Olive Sloane-actor, Sid James-actor, Raymond Stross-actor, Audrey Erskine-Lindop-author, Dudley Leslie-author, Hans May-actor"
The Flowers,2020-09-25,Comedy,Prime Video ,,TV Show,,8.8/10,1,
Out of Omaha,2018-11-10,Documentary,"Kanopy, Prime Video",,Movie,,6.1/10,,J. Clay Tweel-director
Wounded,2012-08-24,"Action & Adventure, Comedy",Prime Video ,,Movie,,4.7/10,,
The Junk Shop,1965-12-17,"Drama, Comedy",The Criterion Channel,,Movie,,6.6/10,,"Juraj Herz-director, Václav Halama-actor, František Ketzek-actor, Bobina Marsatová-actor, Libuše Palečková-actor, Jan Vlček-actor, Olga Novotná-actor, Ruzena Vlcková-actor, Radim Cvrcek-actor, Karel Hadrbolec-actor, Antonín Dimitrov-actor, Ivana Klíčníková-actor, František Pelikán-actor, Věra Pokorná-actor, Václav Soldát-actor, Karel Veselý-actor, M. Cirmonová-actor, A. Mukenšnáblová-actor, L. Rubínová-actor, Ivo Gübel-actor, Ota Motyčka-actor, Marie Rosůlková-actor, Karel Feix-actor, Bohumil Hrabal-author"
Bad Parents,2012-10-18,"Comedy, Drama",Free Services,America,Movie,,3.4/10,,"Caytha Jentis-director, Janeane Garofalo-actor, Christopher Titus-actor, Michael Boatman-actor, Kristen Johnston-actor, Cheri Oteri-actor, Rebecca Budig-actor, Lauren Francesca-actor, Reiko Aylesworth-actor, Rosie Gunther-actor, Bill Sage-actor, Lauren Sudol-actor, Debbie Philips-actor, Bradley White-actor, Mike DiGiacinto-actor, Collin Biddle-actor, Jacqueline Laurita-actor, Osborn Focht-actor, Ben Bailey-actor, Signy Coleman-actor, Michael Billy-actor, Nick Mennell-actor, Caytha Jentis-author"
The Short Films of Matthew Modine,2013-06-04,Drama,Prime Video ,,Movie,18+ (R),,,
Njan Kanda Kanavu,2020-09-05,Fantasy,Prime Video ,,Movie,,,,
Tomorrow We Live,1942-09-23,"Action & Adventure, Crime",Free Services,America,Movie,,4.5/10,,"Edgar G. Ulmer-director, Ricardo Cortez-actor, Jean Parker-actor, Emmett Lynn-actor, William Marshall-actor, Rose Anne Stevens-actor, Ray Miller-actor, Frank Hagney-actor, Rex Lease-actor, Jack Ingram-actor, Barbara Slater-actor, Jane Hale-actor, Richard Cramer-actor, Curley Dresden-actor, Jack Hendricks-actor, William H. O'Brien-actor, Seymour Nebenzal-actor, Bart Lytton-author"
Beatrice,,"Drama, Fantasy",Prime Video ,,Movie,,8.6/10,,
Out Stealing Horses,2019-03-08,"Mystery, Drama","Hulu, Prime Video",Denmark,Movie,,6.5/10,,"Hans Petter Moland-director, Stellan Skarsgård-actor, Tobias Santelmann-actor, Danica Ćurčić-actor, Pål Sverre Hagen-actor, Bjørn Floberg-actor, Anders Baasmo Christiansen-actor, Jon Ranes-actor, Gard B. Eidsvold-actor, Ane Ulimoen Øverli-actor, Jan Gunnar Røise-actor, Maria Alm Norell-actor, Peter Sjöquist-actor, Tone Beate Mostraum-actor, Håkon Øverås-actor, Marie Gade Denessen-actor, Turid Øversveen-actor, Hans Petter Moland-author, Per Petterson-author"
Mystery Woman: Wild West Mystery,2006-03-18,"Crime, Mystery",Prime Video ,America,Movie,,6.4/10,,"David S. Cass Sr.-director, Kellie Martin-actor, Clarence Williams III-actor, Nina Siemaszko-actor, Casey Sander-actor, Bruce Boxleitner-actor, Joe Stevens-actor, Barbara Niven-actor"
Shun Li and the Poet,2011-09-23,Drama,"Free Services, Prime Video",Italy,Movie,,7.2/10,,"Andrea Segre-director, Zhao Tao-actor, Rade Šerbedžija-actor, Marco Paolini-actor, Roberto Citran-actor, Giuseppe Battiston-actor, Giordano Bacci-actor, Spartaco Mainardi-actor, Zhong Cheng-actor, Wang Yuan-actor, Amleto Voltolina-actor, Andrea Pennacchi-actor, Guo Qiang Xu-actor, Sara Perini-actor, Federico Hu-actor, Hi Zhijian-actor, Ni Jamin-actor, Francesca Feder-actor, Francesco Bonsembiante-actor, Nicola Rosada-actor, Andrea Segre-author, Marco Pettenello-author, François Couturier-actor"
A Wreck Without You,2019-08-01,"Drama, Comedy",Free Services,America,Movie,,4/10,,"Greg Derasmo-director, Alexander Roberts-actor, Rya Meyers-actor, Camille Hendricks-actor"
Rumblestrips,2013-12-06,Drama,Prime Video ,,Movie,,5.9/10,,
The Cape Town Affair,1967-01-01,"Action & Adventure, Thriller",Free Services,South Africa,Movie,,4.2/10,,"Robert D. Webb-director, James Brolin-actor, Jacqueline Bisset-actor, Claire Trevor-actor, Bob Courtney-actor, John Whiteley-actor, Gordon Mulholland-actor, Siegfried Mynhardt-actor, Hyman Kirstein-actor, Harold Medford-author, Samuel Fuller-author"
Alaska: Spirit of the Wild,1998-09-03,"Animation, Documentary",Free Services,America,Movie,,7.1/10,,"George Casey-director, Charlton Heston-actor, George Casey-actor, Paul Novros-actor, Ernest H. Cockrell-actor, George R. Farris-actor, S. Reed Morian-actor, Mose Richards-author"
Wayunagu,2017-01-11,Action & Adventure,Prime Video ,,Movie,,,,
Elvira's Movie Macabre: Hercules and the Captive Women,2012-01-01,,"Prime Video, Prime Video",,Movie,,,,
DarkPlace,2007-02-28,,Prime Video ,America,Movie,,2.9/10,,"Philip Adrian Booth-director, Katherine Boecher-actor, Timothy Lee DePriest-actor, Matthew McGrory-actor, Benjamin Bryan-actor, Lisa Dalton-actor, Dougald Park-actor, Reenie Varga-actor, Irwin Keyes-actor, Walter DuRant-actor, Galen Schrick-actor, Christopher Saint Booth-author, Philip Adrian Booth-author"
12,2020-08-23,"Drama, Comedy",Prime Video ,,Movie,,,,
Hot Girls Wanted,2015-05-29,"Drama, Documentary",Netflix,America,Movie,18+ (R),6.1/10,,"Jill Bauer-director, Ronna Gradus-director, Stella May-actor, Brian Omally-actor, Ava Taylor-actor, John Anthony-actor, Kelly Silguero-actor, Emeterio Silguero-actor, Ava Kelly-actor, Lucy Tyler-actor, Brooklyn Daniels-actor, Kendall Plemons-actor, Tony D.-actor, Levi Cash-actor, Alli Rae-actor, Dillion Carter-actor, Carrie Brooks-actor, Belle Knox-actor, Alaina Kristar-actor, Brittany Huckabee-actor, Rashida Jones-actor, Ronna Gradus-actor, Abigail Disney-actor, Chandra Jessee-actor"
Flora & Ulysses,2021-02-19,"Comedy, Family",Disney+,America,Movie,7+ (PG),6.2/10,,"Lena Khan-director, Matilda Lawler-actor, Alyson Hannigan-actor, Ben Schwartz-actor, Danny Pudi-actor, Benjamin Evan Ainsworth-actor, Kate Micucci-actor, Nancy Robertson-actor, Christine Lee-actor, Darien Martin-actor, Carolyn Yonge-actor, Kyle Strauts-actor, Craig Haas-actor, Malaika Jackson-actor, Arkie Kandola-actor, Nicholas Dohy-actor, Bobby Moynihan-actor, Janeane Garofalo-actor, Anna Deavere Smith-actor, Gil Netter-actor, Katterli Frauenfelder-actor, Brad Copeland-author, Kate DiCamillo-author, Jake Monaco-actor"
The Year of Spectacular Men,2018-06-15,"Comedy, Drama","Free Services, Prime Video",America,Movie,,5.6/10,,"Lea Thompson-director, Madelyn Deutch-actor, Zoey Deutch-actor, Lea Thompson-actor, Melissa Bolona-actor, Avan Jogia-actor, Nicholas Braun-actor, Brandon T. Jackson-actor, Jesse Bradford-actor, Cameron Monaghan-actor, Zach Roerig-actor, Bob Clendenin-actor, Troy Evans-actor, Alison Martin-actor, Lily Anne Harrison-actor, D.W. Moffett-actor, Cindy Kavadas Williamson-actor, Amy Pietz-actor, Grace Yee-actor, Harper Cullen-actor, Alec Mapa-actor, Alex Boling-actor, Damiano Tucci-actor, Danny Roth-actor"
A&E Biography: The Great Ziegfeld,1996-02-26,"Biography, Documentary",Prime Video ,,Movie,,7.4/10,,"Doris Eaton-actor, Patricia Ziegfeld Stephenson-actor, Jack Perkins-actor, Helen Morgan-actor, Tess Gardella-actor, Marilyn Miller-actor, Eddie Cantor-actor, Florenz Ziegfeld Jr.-actor, Will Rogers-actor, Fanny Brice-actor, Jules Bledsoe-actor, John Griffin-actor"
Aliens of the Deep,2005-01-28,"Family, Documentary","Disney+, Prime Video",America,Movie,All (G),6.3/10,,"James Cameron-director, Steven Quale-director, Anatoly M. Sagalevitch-actor, Pamela Conrad-actor, James Cameron-actor, Charles Pellegrino-actor, Genya Chernaiev-actor, Victor Nischeta-actor, Arthur 'Lonne' Lane-actor, Jim Childress-actor, Dijanna Figueroa-actor, Micheal Henry-actor, Kevin Hand-actor, Maya Tolstoy-actor, Loretta Hidalgo-actor, Kelly Snook-actor, Megan McArthur-actor, Tori Hoehler-actor, Michael Atkins-actor, Christina Reed-actor, David L. Dubois-actor, Richard Santos-actor, Melanie Lavender-actor, Andrew Wight-actor"
Reel Pieces with Annette Insdorf,,,Prime Video ,,Movie,,,,
The Last Bus,2011-09-07,"Drama, Fantasy",Prime Video ,Slovakia,Movie,18+ (R),7/10,,"Ivana Laučíková-director, Martin Snopek-director, Michal Rovňák-actor, Vít Bednárik-actor, Ivan Martinka-actor"
Taipei Story,1985-01-01,"Action & Adventure, Drama",The Criterion Channel,Taiwan,Movie,,7.6/10,,"Edward Yang-director, Chin Tsai-actor, Hou Hsiao-hsien-actor, Wu Nien-Jen-actor, Lin Hsiu-Ling-actor, Kelly Ko-actor, Ko I-Chen-actor, Fan Mei-actor, Wu Ping-nan-actor, Yang Li-yin-actor, Grace Chen Shu-Fang-actor, Lai Te-Nan-actor, Peng Sun-actor, De-ming Lyu-actor, Nai-Chu Ting-actor, Shu-yao Yang-actor, Huang Yung-actor, Lin Jung-feng-actor, Liu Sheng-chung-actor, Chu Tien-wen-author, Edward Yang-author, Hou Hsiao-hsien-author, Edward Yang-actor, Tu Duu-chih-actor"
Raiders of the Living Dead,1986-01-01,"Comedy, Horror",Fandor,America,Movie,13+ (PG-13),2.6/10,,"Samuel M. Sherman-director, Scott Schwartz-actor, Robert Deveau-actor, Donna Asali-actor, Robert 'Tex' Allen-actor, Bob Sacchetti-actor, Zita Johann-actor, Corri Burt-actor, Leonard Corman-actor, Nino Rigali-actor, Barbara June Patterson-actor, Brett Piper-author"
Petra,2011-10-12,Comedy,Prime Video ,,Movie,,,,
Rusted Development,2014-03-17,"Animation, Documentary",Prime Video ,America,TV Show,,6.4/10,2,"Rick Dore-actor, Chuck Palumbo-actor"
Nosotros,2017-03-01,Drama,"Free Services, Prime Video",Spain,Movie,,6.6/10,,"Felipe Vara de Rey-director, Sarah Bienzobas-actor, Diego 'Seda' Quejido-actor, Jonathan 'Suko' Peña-actor, María García-actor, Felipe Vara de Rey-actor, Antonio de Cos-actor, Juli Mira-actor, Ascen López-actor, Roberta Pasquinucci-actor, Andrés Lima-actor, Chani Martín-actor, Felipe Vara de Rey-author, Hugo Mas-author"
Gang Related,1997-10-08,"Drama, Crime",HBO MAX,America,Movie,18+ (R),6.4/10,,"Jim Kouf-director, Jim Belushi-actor, Tupac Shakur-actor, Lela Rochon-actor, Dennis Quaid-actor, James Earl Jones-actor, Gary Cole-actor, Terrence 'T.C.' Carson-actor, Wendy Crewson-actor, Kool Moe Dee-actor, Reggie Miller-actor, David Paymer-actor, Brad Greenquist-actor, James Handy-actor, Victor Love-actor, Robert Lasardo-actor, Perry Anzilotti-actor, Gregory Scott Cummins-actor, Tom 'Tiny' Lister Jr.-actor, Brad Krevoy-actor, John Bertolli-actor, Steven Stabler-actor, Lynn Kouf-actor, Jim Kouf-author"
Getting On,2013-11-24,"Drama, Comedy","Free Services, Prime Video",America,TV Show,18+ (TV-MA),7.7/10,3,"Alex Borstein-actor, Niecy Nash-actor, Mel Rodriguez-actor, Joel Johnstone-actor, Mark V. Olsen-actor, Will Scheffer-actor"
Stripped: Las Vegas,2021-11-02,Documentary,Starz,,Movie,,4.3/10,,
Wits in Felixstowe,2018-01-01,Documentary,Prime Video ,United Kingdom,Movie,,7.1/10,,"Robert Lloyd Parry-director, Robert Lloyd Parry-actor, Robert Lloyd Parry-actor, Robert Lloyd Parry-author"
The Woman Condemned,1934-04-03,"Romance, Drama","The Criterion Channel, Prime Video",America,Movie,,4.4/10,,"Dorothy Davenport-director, Lola Lane-actor, Richard Hemingway-actor, Mischa Auer-actor, Claudia Dell-actor, Jason Robards Sr.-actor, Paul Ellis-actor, Douglas Cosgrove-actor, Sheila Bromley-actor, Louise Beavers-actor, Tom O'Brien-actor, Neal Pratt-actor, Willis Kent-actor"
Combat Hospital,2011-06-21,Action & Adventure,Prime Video ,Canada,TV Show,7+ (TV-PG),7.3/10,1,"Elias Koteas-actor, Michelle Borth-actor, Luke Mably-actor, Deborah Kara Unger-actor, Terry Chen-actor, Arnold Pinnock-actor, Daniel Petrie Jr.-actor, Gub Neal-actor, Jennifer Kawaja-actor, Julia Sereny-actor, Justin Thomson-Glover-actor, Patrick Irwin-actor, Simon Vaughan-actor"
Set Play,2020-12-10,Drama,"Free Services, Prime Video",South Korea,Movie,,,,"Moon Seung-wook-director, Lee Jae-kyoon-actor, Jang Yoo-sang-actor, Park Hyun-suk-actor, Go Min-si-actor, Kim Jun-ku-actor, Moon Seung-wook-author"
Pink Hill,2020-01-20,"Comedy, Drama","Free Services, Prime Video",,Movie,,4.2/10,,"Robert Flanagan-director, Kimberlee Gayheart-actor, Kermit Leggett-actor, Michele Lipman-actor, Mott McCampbell-actor, Suzan Al-Doghachi-actor"
Double Blind,2017-11-01,"Action & Adventure, Thriller","Free Services, Prime Video",,Movie,,4.4/10,,"Thomas D. Moser-director, Jennifer Jarrett-actor, Katharine Phillips Moser-actor, Christopher Showerman-actor, Phillip Daniel-actor, Rana Rines-author, Thomas D. Moser-author"
Cowboys,2020-04-15,"Drama, LGBTQ","Hulu, Prime Video",America,Movie,,6.1/10,,"Anna Kerrigan-director, Steve Zahn-actor, Jillian Bell-actor, Sasha Knight-actor, Ann Dowd-actor, Gary Farmer-actor, Chris Coy-actor, John Reynolds-actor, Bob Stephenson-actor, AJ Slaght-actor, John Beasley-actor, Seth Breding-actor, Angela Marshall-actor, Steve Dodd-actor, Armando Garcia-actor, Heather Laplante-actor, Emily Moran-actor, Jared Broxterman-actor, Matt Mhoon-actor, Mari LaPlante-actor, Sawyer Pule-actor, Travis W Bruyer-actor, Anna Kerrigan-actor, Gigi Graff-actor"
My King,2021-04-29,Drama,"Free Services, Prime Video",,Movie,,7.3/10,,"Kenya Cagle-director, Melessa Avery-actor, Christopher W. Clayton-actor, George Crawford-actor, Monet Dunham-actor, Brian Mclaughlin-actor, Danea Osseni-actor, AzJahlee Presswood-actor, Ivan Rawles-actor, Karen Rock-actor, Shaquille Rock-actor, Michael Rothberger-actor, Jeanette Waters-actor, Karen Rock-actor, Kenya Cagle-actor, Karen Rock-author"
Venky Mama,2019-12-13,"Action & Adventure, Comedy","Prime Video, Prime Video",India,Movie,13+ (PG-13),5.4/10,,"Bobby Kolli-director, Venkatesh-actor, Naga Chaitanya Akkineni-actor, Raashi Khanna-actor, Payal Rajput-actor, Nassar-actor, Prakash Raj-actor, Brahmaji-actor, Adithya Menon-actor, Chammak Chandra-actor, Kishore-actor, Posani Krishna Murali-actor, Rao Ramesh-actor, Sampath Raj-actor, Vidyullekha Raman-actor, Srinivasa Reddy-actor, Raghu Karumanchi-actor, Raghu Babu-actor, Hyper Adhi-actor, Daggubati Suresh Babu-actor, Janardhan Maharshi-author, Kona Venkat-author, S. Thaman-actor"
Star Maps,1997-07-23,"Comedy, Drama",Prime Video ,,Movie,18+ (R),5.6/10,,"Miguel Arteta-director, Douglas Spain-actor, Efrain Figueroa-actor, Kandeyce Jorden-actor, Martha Velez-actor, Lysa Flores-actor, Annette Murphy-actor, Robin Thomas-actor, Vincent Chandler-actor, Al Vicente-actor, Herbert Siguenza-actor, Michael Peña-actor, Mike White-actor, Zak Penn-actor, Matthew Greenfield-actor, Beth Colt-actor, Chris Iovenko-actor, Mitchell Kelly-actor, Scott King-actor, Miguel Arteta-author"
Amanda Knox,2011-02-21,"Drama, Crime",Prime Video ,,Movie,,5.7/10,,
It Ain't Easy,1972-11-10,"Drama, Action & Adventure",Prime Video ,America,Movie,7+ (PG),4.3/10,,"Maurice Hurley-director, Lance Henriksen-actor, Barra Grant-actor, Bill Moor-actor, Granville Van Dusen-actor, Joseph Maher-actor, Pierrino Mascarino-actor, Penelope Allen-actor, Bill Schoppert-actor, Joel Thingvall-actor, Richard A. Diercks-actor, Mary Olson-author, Dale Menten-actor"
What Couples Do,2019-06-06,"Drama, Comedy",Prime Video ,,Movie,,5.2/10,,
Nightmare in Columbia County,1991-12-10,"Crime, Drama","Netflix, Prime Video",America,Movie,,5.5/10,,"Royer Young-director, William Devane-actor, Jeri Ryan-actor, Michele Abrams-actor, Nick Searcy-actor, Linda Pierce-actor, Kay Hoffman-actor, Alan Landsburg-actor, John Robert Bensink-author, Richard Bellis-actor"
I Am Patrick Swayze,2019-08-18,"Biography, Documentary","Hoopla, Prime Video",America,Movie,,7.7/10,,"Adrian Buitenhuis-director, Patrick Swayze-actor, Lori Petty-actor, Kelly Lynch-actor, Jennifer Grey-actor, Sam Elliott-actor, Demi Moore-actor, C. Thomas Howell-actor, Rob Lowe-actor, Marshall R. Teague-actor, Don Swayze-actor, Lisa Niemi-actor, Roland Joffé-actor, Kate Edwards-actor, Cliff McLaughlin-actor, Nicole David-actor, Rosemary Hygate-actor, Franklyn Whiteley-actor, Derik Murray-actor, Chaz Gray-actor, Frank Anderson-actor, Greg Zeschuk-actor, Jaimee Kosanke-actor, Jhod Cardinal-actor"
Demetrius and the Gladiators,1954-06-16,"Action & Adventure, Drama",Prime Video ,America,Movie,,6.6/10,,"Delmer Daves-director, Victor Mature-actor, Susan Hayward-actor, Michael Rennie-actor, Debra Paget-actor, Anne Bancroft-actor, Jay Robinson-actor, Ernest Borgnine-actor, Richard Egan-actor, Barry Jones-actor, Charles Evans-actor, William Marshall-actor, Frank Ross-actor, Philip Dunne-author, Franz Waxman-actor"
Psych 3: This Is Gus,2021-11-18,"Comedy, Crime",Peacock Premium,America,Movie,7+ (PG),7.7/10,,"Steve Franks-director, James Roday Rodriguez-actor, Dulé Hill-actor, Timothy Omundson-actor, Maggie Lawson-actor, Kirsten Nelson-actor, Corbin Bernsen-actor, Jazmyn Simon-actor, Kurt Fuller-actor, Curt Smith-actor, Allen Maldonado-actor, Sage Brocklebank-actor, Ray Wise-actor, Katie Findlay-actor, Leanne Lapp-actor, Sophia Reid-Gantzert-actor, B. J. Harrison-actor, Bethany Brown-actor, Chris Henze-actor, Dulé Hill-actor, James Roday Rodriguez-actor, Steve Franks-actor, James Roday Rodriguez-author, Steve Franks-author"
Warriors of Liberty City,2018-09-16,"Reality, Documentary","Free Services, Prime Video",America,TV Show,18+ (TV-MA),6.6/10,1,Kris Bowers-actor
Casebusters,1986-05-25,"Action & Adventure, Family","Disney+, Prime Video",America,Movie,All (G),5.5/10,,"Wes Craven-director, Pat Hingle-actor, Noah Hathaway-actor, Virginya Keehne-actor, Gary Riley-actor, Thomas F. Duffy-actor, Tim Russ-actor, Nicholas Worth-actor, Erwin Stoff-actor, Don Roos-author, George Arthur Bloom-author"
Aliens: The Big Think,2016-05-01,"Animation, Documentary",Discovery+,United Kingdom,Movie,,7.1/10,,"thomas hewitson-director, Martin Rees-actor"
"Forever, Chinatown",2016-04-02,"Animation, Documentary",Kanopy,America,Movie,,8.1/10,,James Chan-director
Murdered By My Boyfriend,2014-06-23,Drama,BritBox,United Kingdom,Movie,,7.4/10,,"Paul Andrew Williams-director, Georgina Campbell-actor, Royce Pierreson-actor, Cassie Bancroft-actor, Caroline Bartleet-actor, Simona Brown-actor, Daniel Ezra-actor, Stephanie Hyam-actor, Karl Jackson-actor, Viola Johnson-actor, Lorna Jones-actor, Monty Jones-actor, David Keeling-actor, Sally Ann Matthews-actor, Laura McAlpine-actor, Jade Monet-actor, Monique Sian Mundle-actor, Esther Niles-actor, Kate Hardie-actor, Pier Wilkie-actor, Darren Kemp-actor, Regina Moriarty-author, Navid Asghari-actor"
Ti Laurent,,"Drama, Comedy",Prime Video ,,Movie,,,,
Jungle Virgin Force,1983-01-01,"Action & Adventure, Horror",Prime Video ,Indonesia,Movie,,4.4/10,,"Danu Umbara-director, Lydia Kandou-actor, Harry Capri-actor, Enny Beatrice-actor, Piet Burnama-actor, Nena Rosier-actor, Torro Margens-actor, Rita Zahara-actor, H.I.M. Damsyik-actor, Dhamoo Punjabi-actor, Arifin C. Noer-author, Gatot Sudarto-actor"
Hard Drive,1994-01-02,"Crime, Thriller",Free Services,America,Movie,18+ (R),5.5/10,,"James Merendino-director, Matt McCoy-actor, Christina Fulton-actor, Edward Albert-actor, Leo Damian-actor, Stella Stevens-actor, Irina Maleeva-actor, Belinda Waymouth-actor, Robin Joi Brown-actor, Melanie Moore-actor, De'Ann Power-actor, Jane Damian-actor, Jessica Hopper-actor, Alix Koromzay-actor, Michael Kastenbaum-actor, Spice Williams-Crosby-actor, Kane Picoy-actor, Leo Damian-actor, Michael Kastenbaum-actor, Gary Van Haas-author, James Merendino-author"
The Mating Game,1959-04-29,"Comedy, Romance",Prime Video ,America,Movie,,6.9/10,,"George Marshall-director, Debbie Reynolds-actor, Tony Randall-actor, Paul Douglas-actor, Fred Clark-actor, Una Merkel-actor, Philip Ober-actor, Philip Coolidge-actor, Charles Lane-actor, Trevor Bardette-actor, William Smith-actor, Addison Powell-actor, Rickey Murray-actor, Donald Losby-actor, Cheryl Bailey-actor, Caryl Bailey-actor, Robert Carson-actor, Gordon Carveth-actor, Gene Coogan-actor, Oliver Cross-actor, Franklyn Farnum-actor, Warren Frost-actor, Philip Barry Jr.-actor, H. E. Bates-author"
The Zen Diaries of Garry Shandling Part 2,2018-01-01,,"HBO, Prime Video",,Movie,,,,
Training Wheels,2018-08-11,"Drama, Comedy",Prime Video ,,Movie,,,,
Saltwater: The Battle for Ramree Island,2021-06-01,Action & Adventure,"Free Services, Prime Video",United Kingdom,Movie,,2.5/10,,"Steven Lawson-director, Glenn Salvage-actor, Jas Steven Singh-actor, Steven Dolton-actor, Ryan Harvey-actor, Charlie Bond-actor, David Hon Ma Chu-actor, Steven Lawson-author"
Phantom Signals,2020-10-08,Documentary,"Philo, Prime Video",,TV Show,,6/10,1,
Stella Maris,1918-01-21,"Romance, Drama","Prime Video, Prime Video",America,Movie,,6.9/10,,"Marshall Neilan-director, Mary Pickford-actor, Ida Waterman-actor, Herbert Standing-actor, Conway Tearle-actor, Josephine Crowell-actor, Marcia Manon-actor, Lou Conley-actor, Gustav von Seyffertitz-actor, Frances Marion-author, William J. Locke-author"
Golden Mind,2013-11-05,Drama,"Free Services, Prime Video",America,Movie,7+ (PG),6.6/10,,"Josiah David Warren-director, Josiah David Warren-actor, Elizabeth York-actor, Chloe Flores-actor"
The Fly Room,2014-01-01,"Drama, Biography","Free Services, Prime Video",America,Movie,,6.4/10,,"Alexis Gambis-director, Henry Hopper-actor, Griffin Newman-actor, Mikal Evans-actor, Zoe Brooks-actor, Ben Mehl-actor, Haskell King-actor, Stan Demidoff-actor, Lesley Shires-actor, Alexis Gambis-author"
Arnie the Doughnut,2005-10-09,"Animation, Family","Hoopla, Prime Video",America,Movie,,8.6/10,,"Daniel Ivanick-director, Laurie Keller-author"
8 Slices,2020-03-01,Drama,"Free Services, Prime Video",America,Movie,7+ (PG),5.8/10,,"Nick Westfall-director, Jesse C. Boyd-actor, Kathy Searle-actor, Tyra Colar-actor, Harrison Stone-actor, Swift Rice-actor, Erika Chase-actor, Ethan Alexander McGee-actor, Gavin Munn-actor, Fiona Domenica-actor, Irene Santiago-actor, Justin Matthew Smith-actor, John Abraham-actor, Sarah Jes Austell-actor, Ramfis Myrthil-actor, Amber Patee Adams-actor, Jake Camp-actor, Nick Westfall-actor, Tamara Mercer-actor, Nick Westfall-author, Rogerio Maudonnet-actor"
Gus,1976-07-07,"Family, Comedy","Disney+, Prime Video",America,Movie,All (G),5.7/10,,"Vincent McEveety-director, Edward Asner-actor, Don Knotts-actor, Gary Grimes-actor, Tim Conway-actor, Louise Williams-actor, Dick Van Patten-actor, Ronnie Schell-actor, Bob Crane-actor, Johnny Unitas-actor, Dick Butkus-actor, Harold Gould-actor, Tom Bosley-actor, Virginia O'Brien-actor, Kenneth Tobey-actor, Richard Kiel-actor, Dick Enberg-actor, Fred Dryer-actor, Liam Dunn-actor, Warde Donovan-actor, Larry Burrell-actor, Ron W. Miller-actor, Arthur Alsberg-author, Don Nelson-author"
The Wizard of Paws,2020-04-08,"Family, Reality",Disney+,,TV Show,,9.4/10,3,
Deals in the Desert,2018-05-21,,"Free Services, Prime Video",,TV Show,,,1,
Drachenjungfrau,2016-03-11,Crime,"Free Services, Prime Video",Austria,Movie,16+,6.4/10,,"Catalina Molina-director, Manuel Rubey-actor, Stefanie Reinsperger-actor, Verena Altenberger-actor, Patricia Aulitzky-actor, Harald Krassnitzer-actor, Christine Ostermayer-actor, Sabrina Reiter-actor, Nikolaus Leytner-author, Stefan Hafner-author, Thomas Weingartner-author"
"My Enemy, My Brother",2015-04-17,"Documentary, Animation",Prime Video ,Canada,Movie,13+ (PG-13),8.2/10,,Ann Shin-director
Same Sex America,2005-04-22,"Documentary, LGBTQ",fuboTV,America,Movie,16+,7.3/10,,"Henry Corra-director, Matthew Cummings-actor, Eliza M. Skinner-actor, Alex R. Johnson-actor, Henry Corra-actor, Jay Peterson-actor, Robert F. Katz-actor"
The Most Dangerous Animal of All,2020-03-06,Documentary,"Hulu, Prime Video",,TV Show,14+ (TV-14),6.3/10,1,
End of Sentence,2019-09-23,"Drama, Action & Adventure","Free Services, Prime Video",Iceland,Movie,13+ (PG-13),6.7/10,,"Elfar Adalsteins-director, John Hawkes-actor, Logan Lerman-actor, Sarah Bolger-actor, Andrea Irvine-actor, Ólafur Darri Ólafsson-actor, Denis Conway-actor, Lalor Roddy-actor, David Grant Wright-actor, Sean Mahon-actor, Mary McEvoy-actor, Aoibhin Murphy-actor, Marion O'Dwyer-actor, Joan Sheehy-actor, Des Keogh-actor, Aine Ni Mhuiri-actor, Steven Blount-actor, Daniel Mahoney-actor, Maire Hastings-actor, Claire Mullan-actor, SJ McArdle-actor, Noella Brennan-actor, David Collins-actor, Elfar Adalsteins-actor"
The Queen,2009-11-29,"Drama, Documentary",Prime Video ,United Kingdom,TV Show,,7.2/10,1,"Samantha Bond-actor, Emilia Fox-actor, Katherine Elizabeth McGrath-actor, Barbara Flynn-actor, Diana Quick-actor, Lesley Manville-actor, Susan Jameson-actor, Simon Williams-actor, Tristan Sturrock-actor, Philip Jackson-actor, Lloyd McGuire-actor, Robert Bathurst-actor, Abby Ford-actor, Craig Heaney-actor, Graham O'Mara-actor, Nicholas Le Prevost-actor, Ryan Quish-actor, Peter Davison-actor, Doreen Mantle-actor, Paul Clayton-actor, Michael Maloney-actor"
Vennila Kabaddi Kuzhu 2,2019-07-12,"Action & Adventure, Drama",Prime Video ,India,Movie,,5.1/10,,"Selvashekaran-director, Vikranth-actor, Arthana Binu-actor, Pasupathy Masilamani-actor, Kishore-actor, Anupama Kumar-actor, Ravi Mariya-actor, Soori-actor, Appukutty-actor, Kanja Karuppu-actor, Arul Dass-actor, Sonia Bose Venkat-actor, Ashwanth Ashokkumar-actor, Benjamin-actor, Maayi Sundar-actor, Nithish Veera-actor, Alexander-actor, Selvashekaran-author, V. Selvaganesh-actor"
Marked,,Drama,Netflix,,Movie,,6.7/10,,
Calls From the Inside,2021-12-29,"Documentary, Crime","Philo, Prime Video",,TV Show,,7/10,1,
Planeat,2010-04-06,"Biography, Documentary",Prime Video ,,Movie,,7.2/10,,"Or Shlomi-director, Shelley Lee Davies-director, Yvonne O'Grady-actor"
FRONTLINE: In the Age of AI,2019-11-05,Documentary,"Kanopy, Prime Video",,Movie,13+ (PG-13),8.2/10,,
Scooby-Doo Meets Batman,2002-08-20,"Animation, Family",Prime Video ,America,Movie,,6.9/10,,"Joseph Barbera-director, William Hanna-director, Nicole Jaffe-actor, Casey Kasem-actor, Don Messick-actor, Heather North-actor, Frank Welker-actor, Olan Soule-actor, Ted Knight-actor, Joseph Barbera-actor, William Hanna-actor"
Escape from Davao: 1943,2013-05-08,Documentary,Free Services,America,Movie,,,,"Tim Gray-director, Dale Dye-actor, John Lukacs-actor, John Lukacs-author"
"Real Fake: The Art, Life & Crimes of Elmyr De Hory",2017-10-01,Documentary,"Free Services, Prime Video",,Movie,,5.6/10,,Jeff Oppenheim-director
The Trouble with You,2018-10-06,"Comedy, Crime","Kanopy, Prime Video",France,Movie,,6.2/10,,"Pierre Salvadori-director, Adèle Haenel-actor, Pio Marmaï-actor, Audrey Tautou-actor, Damien Bonnard-actor, Vincent Elbaz-actor, Octave Bossuet-actor, Hocine Choutri-actor, Alexandre Marouani-actor, Jean-Louis Barcelona-actor, David Thion-actor, Philippe Martin-actor, Benjamin Charbit-author, Benoît Graffin-author, Pierre Salvadori-author"
Tirza,2010-09-30,Drama,"Free Services, Prime Video",Netherlands,Movie,,6.4/10,,"Rudolf van den Berg-director, Gijs Scholten van Aschat-actor, Sylvia Hoeks-actor, Johanna ter Steege-actor, Abbey Hoes-actor, Titia Hoogendoorn-actor, Jeroen Spitzenberger-actor, Nasrdin Dchar-actor, Naomi van Es-actor, Michael Dube-actor, Jeroen Koolbergen-actor, Pierre Spengler-actor, Arnon Grunberg-author, Rudolf van den Berg-author"
The Mating Habits of the Earthbound Human,1999-09-03,"Science-Fiction, Comedy",Prime Video ,America,Movie,18+ (R),6.3/10,,"Jeff Abugov-director, Carmen Electra-actor, Mackenzie Astin-actor, David Hyde Pierce-actor, Lucy Liu-actor, Markus Redmond-actor, Lisa Rotondi-actor, Marc Blucas-actor, Larry Estes-actor, Jeff Abugov-author"
Code of the Cactus,1939-02-25,Action & Adventure,Free Services,America,Movie,,6.3/10,,"Sam Newfield-director, Tim McCoy-actor, Ben Corbett-actor, Dorothy Short-actor, Slim Whitaker-actor, Ted Adams-actor, Stephen Chase-actor, Dave O'Brien-actor, Forrest Taylor-actor, Bob Terry-actor, Frank Wayne-actor, Jimmy Aubrey-actor, Lee Burns-actor, Bob Card-actor, Jim Corey-actor, Rube Dalroy-actor, Art Davis-actor, Jack King-actor, Jack 'Tiny' Lipson-actor, Carl Mathews-actor, Kermit Maynard-actor, Clyde McClary-actor, Edward Halperin-author"
Steve Rannazzisi: Breaking Dad,2015-09-19,"Stand-up & Talk, Comedy","Paramount+, Prime Video",America,Movie,,5.4/10,,"Jeff Tomsic-director, Stephen Rannazzisi-actor, Stephen Rannazzisi-author"
The Four Juanes,1966-07-07,Drama,Free Services,Mexico,Movie,,6.6/10,,"Miguel Zacarías-director, Luis Aguilar-actor, Antonio Aguilar-actor, Javier Solís-actor, Narciso Busquets-actor, Alma Delia Fuentes-actor, Ofelia Montesco-actor, Antonio Raxel-actor, Jorge Russek-actor, Mario García 'Harapos'-actor, Alfredo Zacarías-actor, Alfredo Zacarías-author"
District C-11,2017-03-21,"Drama, Thriller",Free Services,America,Movie,18+ (R),4/10,,"Wes Williams II-director, Corey Spencer-actor, Timo Jacobs-actor, Mark Resnik-actor, Brina-actor, Arthur Hiou-actor, Paula Lauzon-actor, J.P. Valenti-actor, Billy 'V' Vigeant-actor, Lin Hultgren-actor, Alex Cash-actor, Graham King-actor, Richard Chandler-actor, Jordan Lloyd-actor, Angel Connel-actor, Aliana Gianci-actor, Mickey Gilmore-actor, J. Jewels-actor, Ralph Celestin-author"
Pain & Gain,2013-04-18,"Comedy, Crime","Prime Video, Prime Video",America,Movie,18+ (R),6.4/10,,"Michael Bay-director, Mark Wahlberg-actor, Dwayne Johnson-actor, Anthony Mackie-actor, Tony Shalhoub-actor, Ed Harris-actor, Rob Corddry-actor, Bar Paly-actor, Rebel Wilson-actor, Ken Jeong-actor, Michael Rispoli-actor, Keili Lefkovitz-actor, Vivi Pineda-actor, Christopher Jestin Langstaff-actor, Gustavo Quiroz Jr.-actor, Corinne Ferrer-actor, Zack Moore-actor, Kory Getman-actor, Peter Stormare-actor, Larry Hankin-actor, Tony Plana-actor, Brian Stepanek-actor, Donald De Line-actor, Ian Bryce-actor"
Rescuing Madison,2014-09-04,"Romance, Comedy",Hallmark,,Movie,7+ (PG),6.3/10,,"Bradford May-director, Alona Tal-actor, Ethan Peck-actor, Sherilyn Fenn-actor, C. Thomas Howell-actor, Ted McGinley-actor, Ava Allan-actor, Jenn Korbee-actor, Juliette Angelo-actor, Skyler Vallo-actor, Bob Sáenz-author, Terence Brody-author"
Blood Of The Mummy,2019-03-16,Horror,"Free Services, Prime Video",America,Movie,,5.1/10,,"Christine Parker-director, Laura Bridges-actor, Gil Hope Thornton-actor, Lily Cabrera-actor, Christine Parker-author"
No Control,2014-11-15,Documentary,"Free Services, Prime Video",America,Movie,,6.5/10,,"Jessica Solce-director, Cody Wilson-actor, Greg Bokor-actor, Leah Gunn Barrett-actor, Keith Coniglio-actor, Angela Giron-actor, Shaina Harrison-actor, Victor Head-actor, Phillip Hofmeister-actor, Anthony L. Herbert-actor, James Jacobs-actor, Dan Kahan-actor, Sanford Levinson-actor, Terry Maketa-actor, John Morse-actor, Thomas Szczepanski-actor, William C. Thompson-actor, Jessica Solce-actor, Jessica Solce-author"
Once Upon a Wheel,1974-02-23,Documentary,Prime Video ,,Movie,,6.5/10,,
The Avengers,1961-01-07,"Comedy, Drama",Prime Video ,United Kingdom,TV Show,7+ (TV-PG),8.3/10,8,"Patrick Macnee-actor, Linda Thorson-actor, Diana Rigg-actor, Honor Blackman-actor, Ian Hendry-actor, Sydney Newman-actor"
Jeepers Creepers 3,2017-09-26,"Horror, Mystery","Hoopla, Prime Video",America,Movie,18+ (R),3.9/10,,"Victor Salva-director, Gina Philips-actor, Gabrielle Haugh-actor, Jonathan Breck-actor, Brandon Smith-actor, Meg Foster-actor, Jordan Salloum-actor, Stan Shaw-actor, Joyce Giraud-actor, Chester Rushing-actor, Jason Bayle-actor, Ryan Moore-actor, Michael Sirow-actor, Michael Papajohn-actor, Cade Burk-actor, Patrick Thomas Cragin-actor, Justin Hall-actor, Frankie Smith-actor, Megan Elizabeth Wright-actor, Carrie Lazar-actor, Thomas Francis Murphy-actor, Mark Chavarria-actor, Jake Seal-actor, Michael Ohoven-actor"
I Think I'm Missing Parts,2006-01-01,Comedy,"Fandor, Prime Video",America,Movie,,4.5/10,,"Josh Safdie-director, Benny Safdie-actor, Mary Jane Doherty-actor, Reid Merzbacher-actor, Charles Merzbacher-actor, Noah Britton-actor, Will Phippen-actor, Josh Safdie-author"
Screamtime,1983-01-01,"Fantasy, Horror","Prime Video, Prime Video",United Kingdom,Movie,18+ (R),4.9/10,,"Michael Armstrong-director, Stanley A. Long-director, Vincent Russo-actor, Michael Gordon-actor, Marie Scinto-actor, Robin Bailey-actor, Jonathon Morris-actor, Bosco Hogan-actor, Ann Lynn-actor, Dione Inman-actor, John Styles-actor, Ian Saynor-actor, Yvonne Nicholson-actor, Lally Bowers-actor, Brenda Kempner-actor, Dora Bryan-actor, David Van Day-actor, Phillip Bloomfield-actor, Gary Linley-actor, Kim Thomson-actor, Jean Anderson-actor, Matthew Peters-actor, Veronica Doran-actor, Michael Armstrong-author"
Pellaina Kothalo,2006-12-08,"Drama, Romance",Prime Video ,,Movie,,6.2/10,,
Outback Rabbis,2019-09-13,Documentary,Prime Video ,,Movie,,7.4/10,,"Danny Ben-Moshe-director, Lizette Atkins-actor, Danny Ben-Moshe-author"
Mercy,2021-09-21,Drama,Prime Video ,United Kingdom,Movie,,,,"Wendy Morgan-director, Mark Wingett-actor, Maria Austin-actor, Wendy Morgan-actor, Wendy Morgan-actor, Wendy Morgan-author"
Fully Torqued,2021-09-19,Reality,Philo,,TV Show,,,1,
My Dress-Up Darling,2022-01-09,"Animation, Anime","Free Services, Prime Video",,TV Show,14+ (TV-14),8.2/10,1,"Shoya Ishige-actor, Hina Suguta-actor, Atsumi Tanezaki-actor, Hina Yomiya-actor, Atsushi Ono-actor, Fumitaka Kitazawa-actor, Nobuhiro Nakayama-actor, Shota Komatsu-actor, Tomoyuki Oowada-actor, Yoshinori Hasegawa-actor, Akihiro Sotokawa-actor, Hirotaka Kaneko-actor, Masanori Miyake-actor, Yasutaka Kimura-actor, Takeshi Nakatsuka-actor"
American Autumn: An Occudoc,2012-09-28,"Crime, Documentary","Free Services, Prime Video",,Movie,,7.4/10,,"Dennis Trainor Jr.-director, Dennis Trainor Jr.-author"
David Bowie & The Story of Ziggy Stardust,2012-06-22,Documentary,"Free Services, Prime Video",United Kingdom,Movie,,7.5/10,,"James Hale-director, David Bowie-actor, Jarvis Cocker-actor, Elton John-actor, Woody Woodbury-actor, Anthony Newley-actor, Dana Gillespie-actor, Andy Warhol-actor, Gary Kemp-actor, Mick Ronson-actor, Trevor Bolder-actor, Steve Harley-actor, Marc Almond-actor, Jon Savage-actor, Vince Taylor-actor, Cherie Currie-actor, Lou Reed-actor, Mike Garson-actor, George Underwood-actor, Mick Rock-actor"
Mambo Italiano,2003-06-06,"Comedy, LGBTQ","Free Services, Prime Video",Canada,Movie,18+ (R),6.7/10,,"Émile Gaudreault-director, Luke Kirby-actor, Ginette Reno-actor, Paul Sorvino-actor, Mary Walsh-actor, Peter Miller-actor, Claudia Ferri-actor, Sophie Lorain-actor, Tim Post-actor, Tara Nicodemo-actor, Pierrette Robitaille-actor, Dino Tavarone-actor, Mark Camacho-actor, Michel Perron-actor, Lou Vani-actor, Diane Lavallée-actor, France Arbour-actor, Stéphane Archambault-actor, Victoria Sanchez-actor, Lisa Bronwyn Moore-actor, Daniel Louis-actor, Denise Robert-actor, Émile Gaudreault-author, Steve Galluccio-author"
Cruel,2017-02-01,"Thriller, Drama","Free Services, Prime Video",France,Movie,,6.2/10,,"Eric Cherrière-director, Jean-Jacques Lelté-actor, Richard Duval-actor, Maurice Poli-actor, Magali Moreau-actor, Eric Cherrière-author"
"While You Live, Shine",2018-02-28,Documentary,"Free Services, Prime Video",Greece,Movie,,7.9/10,,Paul Duane-director
Theeran Adhigaaram Ondru,2017-11-17,"Action & Adventure, Thriller","Prime Video, Prime Video",India,Movie,7+ (PG),8.2/10,,"H. Vinoth-director, Karthi-actor, Rakul Preet Singh-actor, Abhimanyu Singh-actor, Bose Venkat-actor, Sonia Bose Venkat-actor, Manobala-actor, Sathyan Sivakumar-actor, R. N. R. Manohar-actor, Scarlett Mellish Wilson-actor, Ammu Abhirami-actor, Mathew Varghese-actor, S. R. Prabhu-actor, S. R. Prakash Babu-actor, H. Vinoth-author, Ghibran-actor"
A Cool Fish,2018-11-15,"Comedy, Mystery","Free Services, Prime Video",China,Movie,,6.9/10,,"Rao Xiaozhi-director, Chen Jianbin-actor, Ren Suxi-actor, 章宇-actor, Wang Yanhui-actor, Kong Jiu-actor, Pan Binlong-actor, Ma Yin-yin-actor, Cheng Yi-actor, Deng Enxi-actor, Shi Ce-actor, Zhang Miao-actor, Luca Liang-actor, Lei Zhilong-author, Rao Xiaozhi-author, Ou Ge Deng-actor, Shisan Yao-actor"
The Last Shot,2004-09-24,"Action & Adventure, Comedy","Hoopla, Prime Video",America,Movie,18+ (R),5.7/10,,"Jeff Nathanson-director, Matthew Broderick-actor, Alec Baldwin-actor, Toni Collette-actor, Calista Flockhart-actor, Ray Liotta-actor, Tim Blake Nelson-actor, James Rebhorn-actor, Tony Shalhoub-actor, Judy Greer-actor, Buck Henry-actor, Ian Gomez-actor, Troy Winbush-actor, Tom McCarthy-actor, W. Earl Brown-actor, Evan Jones-actor, Glenn Morshower-actor, Amy Smallman-actor, Michael Papajohn-actor, Jon Polito-actor, Valeria Hernandez-actor, Stanley Anderson-actor, David Hoberman-actor, Larry Brezner-actor"
Poor Liza,2000-01-01,Drama,"Prime Video, Prime Video",,Movie,,5.7/10,,
King Solomon's Mines,1986-01-01,"Action & Adventure, Animation","Free Services, Prime Video",Australia,Movie,All (G),5.6/10,,"Geoff Collins-director, Tom Burlinson-actor, John Meillon-actor, Arthur Dignam-actor, Tim Brooke-Hunt-actor, Tom Stacey-actor, Joel Kane-author"
Art Parade,2007-01-01,,Fandor,,Movie,,,,M.M. Serra-director
Jungle Emperor Leo,1997-01-01,"Action & Adventure, Animation",Prime Video ,Japan,Movie,7+ (PG),6.6/10,,"Yoshio Takeuchi-director, Masane Tsukayama-actor, Chieko Baisho-actor, Tomoko Ishimura-actor, Hekiru Shiina-actor, Kaneta Kimotsuki-actor, Arnaud Léonard-actor, Alexandra Correa-actor, Béatrice Wegnez-actor, Raphaëlle Lubansu-actor, Martin Spinhayer-actor, Thierry Janssen-actor, Philippe Allard-actor, Philippe Tasquin-actor, Philippe Résimont-actor, Benoit Van Dorslaer-actor, Nicole Shirer-actor, Véronique Fyon-actor, Catherine Conet-actor, Mathieu Moreau-actor, Peppino Capotondi-actor, Minoru Kubata-actor, Sumio Udagawa-actor"
Between The Lines Sara Bareilles Live At The Fillmore,2008-10-28,,Prime Video ,,Movie,,8.2/10,,Sara Bareilles-actor
Uprising,2001-01-01,"History, Drama",Prime Video ,America,Movie,,7.2/10,,"Jon Avnet-director, Leelee Sobieski-actor, Hank Azaria-actor, David Schwimmer-actor, Jon Voight-actor, Donald Sutherland-actor, Stephen Moyer-actor, Sadie Frost-actor, Radha Mitchell-actor, Mili Avital-actor, Eric Lively-actor, Cary Elwes-actor, Andy Nyman-actor, Jesper Christensen-actor, Anton Lesser-actor, Ben Crystal-actor, Alexandra Holden-actor, Jon Avnet-author, Paul Brickman-author"
Dark Figures,2020-11-10,"Thriller, Horror","Free Services, Prime Video",America,Movie,18+ (R),3/10,,"Alex Tait-director, Kelly McCart-actor, Shelby Lyn-actor, Dan Nufer-actor, Ben Scattone-actor, Otis Bassett-actor, Alex Tait-actor, Cynthia Asmar-actor, Jeffrey J. Moore-actor, Teressa A. Wickham-actor, Alex Tait-author"
The Case of the Black Parrot,1941-01-09,"Crime, Thriller",Prime Video ,America,Movie,,5.9/10,,"Noel M. Smith-director, William Lundigan-actor, Maris Wrixon-actor, Eddie Foy Jr.-actor, Paul Cavanagh-actor, Luli Deste-actor, Charles Waldron-actor, Joseph Crehan-actor, Emory Parnell-actor, Phyllis Barry-actor, Cyril Thornton-actor, Leyland Hodgson-actor, Ernie Stanton-actor, Cliff Saum-actor, Kenneth Harlan-actor, William Hopper-actor, Jack Mower-actor, Robert E. Kent-author"
"Cold War, Hot Jets",2013-11-08,Documentary,"Free Services, Prime Video",,TV Show,,7.9/10,1,"James Holland-actor, Jeremy Hall-actor"
From Iceland to EDEN,2019-05-10,"Drama, Crime","Free Services, Prime Video",,Movie,,6/10,,"Snævar Sölvason-director, Telma Huld Jóhannesdóttir-actor, Hansel Eagle-actor, Arnar Jónsson-actor, Hjalti P. Finsson-actor, Gunnar Marís-actor, Einar Viðar G. Thoroddsen-actor, Steinunn Ólína Þorsteinsdóttir-actor, Snævar Sölvason-author"
Dodo Heroes,2018-06-09,"Reality, Documentary","Philo, Prime Video",,TV Show,7+ (TV-PG),7.9/10,2,
Dragon Fighter,2003-01-04,"Action & Adventure, Thriller","Free Services, Prime Video",America,Movie,18+ (R),3.3/10,,"Phillip J. Roth-director, Dean Cain-actor, Robert Zachar-actor, Kristine Byers-actor, Marcus Aurelius-actor, Robert DiTillio-actor, Vesela Dimitrova-actor, Hristo Shopov-actor, Hristo Dimitrov-actor, Dean Cain-actor, Jeffery Beach-actor, Melanie J. Elin-actor, Phillip J. Roth-actor, James Hollensteiner-actor, Ken Olandt-actor, Richard Smith-actor, Thomas J. Niedermeyer Jr.-actor, Michael Johnston-author, Phillip J. Roth-author"
Custody,2018-01-25,"Mystery, Drama","Kanopy, Prime Video",France,Movie,,7.5/10,,"Xavier Legrand-director, Denis Ménochet-actor, Léa Drucker-actor, Thomas Gioria-actor, Mathilde Auneveux-actor, Mathieu Saikaly-actor, Florence Janas-actor, Saadia Bentaïeb-actor, Sophie Pincemaille-actor, Emilie Incerti-Formentini-actor, Jérome Care-Aulanier-actor, Jenny Bellay-actor, Jean-Marie Winling-actor, Martine Vandeville-actor, Martine Schambacher-actor, Jean-Claude Leguay-actor, Coralie Russier-actor, Alexandre Gavras-actor, Xavier Legrand-author"
Forced To Fight,2011-08-31,"Action & Adventure, Thriller","Free Services, Prime Video",Canada,Movie,,4.3/10,,"Jonas Quastel-director, Gary Daniels-actor, Vladimir Comorovschi-actor, Peter Weller-actor, Brian Flaherty-actor, Philip Granger-actor, Arkie Reece-actor, Florin Roata-actor, Claudiu-Cristian Prisecaru-actor, Mihai Raducu-actor, Andrew Bronstein-author, Jonas Quastel-author, Kenton Gilchrist-actor"
WordWorld,2007-09-05,"Animation, Family","Free Services, Prime Video",,TV Show,All (TV-G),6.6/10,3,"Veronica Taylor-actor, Marc Thompson-actor, Alex Kay-actor, Jacqueline Moody-actor, Olexa Hewryk-actor, Sue Hollenberg-actor, Tyler Bunch-actor, Don Moody-actor, Robert Vargas-author"
Cinderella,1965-02-22,"Romance, Fantasy","Free Services, Prime Video",America,Movie,All (G),7.7/10,,"Charles S. Dubin-director, Lesley Ann Warren-actor, Stuart Damon-actor, Ginger Rogers-actor, Walter Pidgeon-actor, Celeste Holm-actor, Jo Van Fleet-actor, Pat Carroll-actor, Barbara Ruick-actor, Joe E. Marks-actor, Don Heitgerd-actor, Butch Sherwood-actor, Bill Lee-actor, Betty Noyes-actor, Trudi Ames-actor, Myra Stephens-actor, Linda Howe-actor, Francesca Bellini-actor, Alicia Adams-actor, Rosemarie Rand-actor, Jackie Ward-actor, Debbie Megowan-actor, Charles S. Dubin-actor, Richard Rodgers-actor"
Paris 1919: Un traité pour la paix,2009-04-01,"Documentary, Drama",Kanopy,Canada,Movie,,7.4/10,,"Paul Cowan-director, Paul Cowan-author"
The Egg: Life’s Perfect Invention,,,Kanopy,,Movie,,,,"Bethan Jones-director, Mike Birkhead-director"
Batman: Year One,2011-09-27,"Crime, Action & Adventure","HBO MAX, Prime Video",America,Movie,13+ (PG-13),7.3/10,,"Lauren Montgomery-director, Sam Liu-director, Ben McKenzie-actor, Bryan Cranston-actor, Eliza Dushku-actor, Jon Polito-actor, Alex Rocco-actor, Katee Sackhoff-actor, Sara Ballantine-actor, Jeff Bennett-actor, Steve Blum-actor, Roark Critchlow-actor, Grey DeLisle-actor, Robin Atkin Downes-actor, Keith Ferguson-actor, Danny Jacobs-actor, Nick Jameson-actor, Liliana Mumy-actor, Pat Musick-actor, Andrea Romano-actor, Stephen Root-actor, James Patrick Stuart-actor, Fred Tatasciore-actor, Lauren Montgomery-actor"
Sex and Lucía,2001-08-24,"Romance, Drama","Free Services, Prime Video",France,Movie,18+ (R),7.1/10,,"Julio Medem-director, Paz Vega-actor, Tristán Ulloa-actor, Najwa Nimri-actor, Daniel Freire-actor, Elena Anaya-actor, Silvia Llanos-actor, Diana Suárez-actor, Javier Cámara-actor, Juan Fernández-actor, Enrique López Lavigne-actor, Fernando Bovaira-actor, Anna Cassina-actor, Luis María Reyes-actor, Julio Medem-author, Alberto Iglesias-actor"
The Fool,1990-12-07,"Action & Adventure, Drama","Free Services, Prime Video",United Kingdom,Movie,,5.9/10,,"Christine Edzard-director, Derek Jacobi-actor, Cyril Cusack-actor, Ruth Mitchell-actor, Maria Aitken-actor, Irina Brook-actor, Paul Brooke-actor, Richard Caldicot-actor, James Cairncross-actor, Jim Carter-actor, Jonathan Cecil-actor, Maria Charles-actor, Richard Clifford-actor, James Cosmo-actor, Rosalie Crutchley-actor, Celia Bannerman-actor, Christine Edzard-author, Olivier Stockman-author, Michel Sanvoisin-actor"
Cursed: Sheol,2011-07-25,Horror,Prime Video ,,Movie,,5.6/10,,
RC Propbusters: Untold,2019-01-26,Documentary,Prime Video ,,Movie,,7.4/10,,
The Garden,2006-01-08,"Drama, Horror","Free Services, Prime Video",America,Movie,,4.6/10,,"Don Michael Paul-director, Lance Henriksen-actor, Brian Wimmer-actor, Adam Taylor Gordon-actor, Claudia Christian-actor, Sean Young-actor, Victoria Justice-actor, Erik Walker-actor, Michael Dubelko-actor, Stephen J. Cannell-actor, John W. Hyde-actor, Morris Berger-actor, Stephen R. Brown-actor, Sam Bozzo-author"
They Live,1988-11-23,"Science-Fiction, Action & Adventure","Shudder, Prime Video",America,Movie,18+ (R),7.2/10,,"John Carpenter-director, Roddy Piper-actor, Keith David-actor, Meg Foster-actor, George Buck Flower-actor, Peter Jason-actor, Raymond St. Jacques-actor, Jason Robards III-actor, John Lawrence-actor, Susan Barnes-actor, Sy Richardson-actor, Wendy Brainard-actor, Lucille Meredith-actor, Susan Blanchard-actor, Norman Alden-actor, Dana Bratton-actor, John F. Goff-actor, Norman D. Wilson-actor, Thelma Lee-actor, Stratton Leopold-actor, Rezza Shan-actor, Norman Howell-actor, Larry J. Franco-actor, Andre Blay-actor"
While You Were Out,2019-03-16,Reality,Hulu,,TV Show,,,1,
Rocky Mountain Summer,,,Free Services,,Movie,,,,Joseph V Micallef-director
Subhash Chandra Bose: The Mystery,2016-07-18,"Documentary, Mystery",Discovery+,,Movie,,7.7/10,,
Adoration,2020-01-22,"Thriller, Drama","Free Services, Prime Video",Belgium,Movie,,6.2/10,,"Fabrice Du Welz-director, Thomas Gioria-actor, Fantine Harduin-actor, Benoît Poelvoorde-actor, Laurent Lucas-actor, Gwendolyn Gourvenec-actor, Anaël Snoek-actor, Charlotte Vandermeersch-actor, Martha Canga Antonio-actor, Sandor Funtek-actor, Jean-Luc Couchard-actor, Pierre Nisse-actor, Renaud Rutten-actor, Manuel Chiche-actor, Vincent Tavier-actor, Fabrice Du Welz-author, Romain Protat-author, Vincent Tavier-author, Vincent Cahay-actor"
Scream Returns,2018-11-02,"Horror, Thriller",Free Services,,Movie,,5.2/10,,
Ghoulies IV,1994-08-17,"Horror, Comedy","Free Services, Prime Video",America,Movie,18+ (R),2.8/10,,"Jim Wynorski-director, Peter Liapis-actor, Barbara Alyn Woods-actor, Stacie Randall-actor, Raquel Krelle-actor, Bobby Di Cicco-actor, Tony Cox-actor, Arturo Gil-actor, Lynn Danielson-Rosenthal-actor, Antonia Dorian-actor, Tony March-actor, Ace Mask-actor, Philip McKeon-actor, Peggy Trentini-actor, Gary Schmoeller-actor, Mark Sevi-author, Chuck Cirino-actor"
Ex Libris: The New York Public Library,2017-09-13,Documentary,Kanopy,America,Movie,,7.4/10,,"Frederick Wiseman-director, Elvis Costello-actor, Richard Dawkins-actor, Patti Smith-actor, Ta-Nehisi Coates-actor, Frederick Wiseman-actor, Karen Konicek-actor"
Baap Re Baap Dokyala Taap,2008-09-12,Comedy,Prime Video ,,Movie,,5.9/10,,
Air Warriors,2014-11-09,"History, Documentary","Free Services, Prime Video",America,TV Show,7+ (TV-PG),7.5/10,10,
If I Could Tell You,2016-08-02,"Animation, Drama",Free Services,America,Movie,16+,7.2/10,,"Benjamin Clyde-director, Robert E. Clyde-director, Avery Clyde-actor, Kevin Richardson-actor, Sharon Lawrence-actor, Jim O'Heir-actor, Lucy DeVito-actor, Ryan Spahn-actor, Joel Bryant-actor, Michael Dempsey-actor, Benjamin Clyde-author, Robert E. Clyde-author"
Far Out Ones,,,Free Services,,Movie,,,,Teton Gravity Research-director
That Man from Rio,1964-02-05,"Romance, Action & Adventure","Free Services, Prime Video",France,Movie,,7/10,,"Philippe de Broca-director, Jean-Paul Belmondo-actor, Françoise Dorléac-actor, Jean Servais-actor, Simone Renant-actor, Adolfo Celi-actor, Roger Dumas-actor, Daniel Ceccaldi-actor, Ubiracy De Oliveira-actor, Milton Ribeiro-actor, Lucien Raimbourg-actor, Robert Blome-actor, Louise Chevalier-actor, Max Elloy-actor, Maurice Hartwig-actor, Zé Keti-actor, Hal Linden-actor, Annik Malvil-actor, Marie Marc-actor, Nina Myral-actor, André Tomasi-actor, Alexandre Mnouchkine-actor, Georges Dancigers-actor, Ariane Mnouchkine-author"
Hidden Truth,2016-03-12,"Drama, Mystery","Free Services, Prime Video",America,Movie,13+ (PG-13),5.3/10,,"Steven R. Monroe-director, Shawn Christian-actor, Heidi Fielek-actor, Diana Hopper-actor, Brendan McCarthy-actor, Richard Meehan-actor, Jessica Morris-actor, Parker Stevenson-actor, Brittany Underwood-actor, Eric Scott Woods-actor, Sarah Lind-actor, Richard O. Lowry-author, Chris Forsgren-actor"
Six Characters in Search of a Play,2019-03-01,,Free Services,,Movie,,5.3/10,,Emerson Collins-director
The Ride: Overcoming the Impossible,,,Free Services,,Movie,,,,Matthew Sezer-director
All Star Comedy Jam: Live from Orlando,2012-10-09,"Stand-up & Talk, Comedy","Free Services, Prime Video",America,Movie,18+ (R),6/10,,"Leslie Small-director, Gary Owen-actor, Lil Duval-actor, Jay Pharoah-actor, Tony T. Roberts-actor, Capone Lee-actor, Valarie Benning Barney-actor"
The Blended Bunch,2021-03-16,Reality,"Philo, Prime Video",,TV Show,7+ (TV-PG),5.6/10,1,
The Animal Project,2013-09-11,"Comedy, Drama",Fandor,Canada,Movie,,6.2/10,,"Ingrid Veninger-director, Aaron Poole-actor, Hannah Cheesman-actor, Joanne Vannicola-actor, Sarena Parmar-actor, Kate Corbett-actor, Ingrid Veninger-author"
Sebastian,2017-05-26,"Drama, LGBTQ","Free Services, Prime Video",Canada,Movie,,5.3/10,,"James Fanizza-director, Alex House-actor, James Fanizza-actor, Katya-actor, Stacy Smith-actor, Leah Doz-actor, Brendan Whelton-actor, James Fanizza-actor, James Fanizza-author"
Those Who Kill,2014-03-03,"Action & Adventure, Drama",Prime Video ,,TV Show,14+ (TV-14),7.1/10,1,"Chloë Sevigny-actor, James D'Arcy-actor, Glen Morgan-actor"
Twenty,2015-03-25,"Drama, Comedy","Free Services, Prime Video",South Korea,Movie,18+ (R),6.8/10,,"Lee Byeong-hun-director, Kim Woo-bin-actor, Lee Jun-ho-actor, Kang Ha-neul-actor, Jung So-min-actor, Lee Yu-bi-actor, Min Hyo-rin-actor, Ahn Jae-hong-actor, Heo Joon-seok-actor, Park Myung-shin-actor, Oh Hyun-kyung-actor, Yoon Ga-hyun-actor, Kim Eui-sung-actor, Do Mo-Se-actor, Na In-woo-actor, Han Joon-woo-actor, Kim Woo-taek-actor, Lee Byeong-hun-author"
When Two Worlds Collide,2016-01-22,"Drama, Documentary",Free Services,Peru,Movie,,7.6/10,,"Heidi Brandenburg-director, Mathew Orzel-director, Taira Akbar-actor, H. Scott Salinas-actor"
Henry VI Part 1,1983-01-02,"History, Drama",BritBox,United Kingdom,Movie,,7.3/10,,"Jane Howell-director, Peter Benson-actor, Brenda Blethyn-actor, John Benfield-actor, Michael Byrne-actor, Ron Cook-actor, Bernard Hill-actor, Trevor Peacock-actor, Mark Wing-Davey-actor, Antony Brown-actor, David Burke-actor, Paul Chapman-actor, Arthur Cox-actor, David Daker-actor, Brian Deacon-actor, Tenniel Evans-actor, Derek Farr-actor, Derek Fuke-actor, Alex Guard-actor, Paul Jesson-actor, Joanna McCallum-actor, Oengus MacNamara-actor, Thomas Nashe-author"
Classic Albums: Iron Maiden - The Number of the Beast,2001-12-04,Documentary,"Free Services, Prime Video",America,Movie,All (G),8.1/10,,"Tim Kirkby-director, Bruce Dickinson-actor, Dave Murray-actor, Adrian Smith-actor, Steve Harris-actor, Clive Burr-actor, Nick De Grunwald-actor, Geoff Kempin-actor, Martin R. Smith-actor, Terry Shand-actor"
Antarctic Tears,2015-01-05,,Prime Video ,,Movie,,,,
City of Sin,2012-01-01,,Free Services,,Movie,,,,
Sema Ragalai,2004-07-16,Comedy,Prime Video ,,Movie,,5.6/10,,
Paanch Phoron,2019-02-14,Romance,Prime Video ,,TV Show,,6.4/10,2,"Swastika Mukherjee-actor, Sohini Sarkar-actor, Orchita Sporshia-actor, Tariq Anam Khan-actor, Sourav Chakraborty-actor, Amrita Chattopadhyay-actor, Yash Rohan-actor, Anindya Pulak Banerjee-actor, Anirban Bhattacharya-actor, Jaya Ahsan-actor, Masuma Rahman Nabila-actor, Riddhi Sen-actor, Abhishek Saha-actor, Arka Ganguly-actor, Dipankar Dipon-actor, Suman Mukhopadhyay-actor, Tauquir Ahmed-actor"
Death Makes Life Possible,2013-09-29,"Drama, Documentary",Free Services,,Movie,7+ (PG),7.4/10,,
The Mark of Zorro,1940-11-08,"Drama, Action & Adventure",Prime Video ,America,Movie,,7.5/10,,"Rouben Mamoulian-director, Tyrone Power-actor, Linda Darnell-actor, Basil Rathbone-actor, Gale Sondergaard-actor, Eugene Pallette-actor, J. Edward Bromberg-actor, Montagu Love-actor, Janet Beecher-actor, George Regas-actor, Chris-Pin Martin-actor, Robert Lowery-actor, Belle Mitchell-actor, John Bleifer-actor, Frank Puglia-actor, Eugene Borden-actor, Pedro de Cordoba-actor, Guy D'Ennery-actor, Stanley Andrews-actor, Fortunio Bonanova-actor, Ralph Byrd-actor, Robert Cauterio-actor, Darryl F. Zanuck-actor, John Taintor Foote-author"
Inside the Mind of Leonardo,2013-03-24,Documentary,Free Services,Canada,Movie,,7.3/10,,"Julian Jones-director, Peter Capaldi-actor, Julian Jones-author, Nick Dear-author"
The Mime,2015-12-23,Horror,Prime Video ,,Movie,,3/10,,
Angel-A,2005-12-21,"Fantasy, Comedy","Free Services, Prime Video",France,Movie,18+ (R),7/10,,"Luc Besson-director, Jamel Debbouze-actor, Rie Rasmussen-actor, Gilbert Melki-actor, Serge Riaboukine-actor, Akim Chir-actor, Laurent Jumeaucourt-actor, Solange Milhaud-actor, Loïc Pora-actor, Venus Boone-actor, Eric Balliet-actor, Luc Besson-actor, Luc Besson-author, Anja Garbarek-actor"
We Answered the Call,2015-11-01,Documentary,Prime Video ,,Movie,,,,
Pursuit,2022-02-18,"Action & Adventure, Mystery","Free Services, Prime Video",America,Movie,18+ (R),2.7/10,,"Brian Skiba-director, Emile Hirsch-actor, John Cusack-actor, Jake Manley-actor, Elizabeth Faith Ludlow-actor, Graham Patrick Martin-actor, Heather Marie Marsden-actor, Chris Jai Alex-actor, Aubrey Stevens-actor, Barry Hanley-actor, Nick Benseman-actor, Shelby Yardley-actor, James Logan-actor, William Katt-actor, Brittany Belt-actor, Andrew Stevens-actor, Andrew Stevens-actor, Alan B. Bursteen-actor, Barry Brooker-actor, Dawn Bursteen-actor, Stan Wertlieb-actor, Andrew Stevens-author, Ben Fiore-author, Brian Skiba-author"
Greeny,2016-12-09,"Drama, Crime",Prime Video ,,Movie,,7.4/10,,
Evolution of a Criminal,2014-03-08,Documentary,"Free Services, Prime Video",,Movie,,6.9/10,,"Darius Clark Monroe-director, Vladimi Versailles-actor, Dante E. Clark-actor, Spike Lee-actor"
As Far As My Feet Will Carry Me,2001-12-12,Drama,"Free Services, Prime Video",Germany,Movie,All (G),7.3/10,,"Hardy Martins-director, Bernhard Bettermann-actor, Michael Mendl-actor, Anatoliy Kotenyov-actor, André Hennicke-actor, Hans Peter Hallwachs-actor, Hans-Uwe Bauer-actor, Antonio Wannek-actor, Irina Narbekova-actor, Pavel Lebeshev-actor, Aleksandr Efremov-actor, Heinrich Giskes-actor, Eva-Maria Kurz-actor, Irina Pantaeva-actor, Iris Böhm-actor, Johannes Hitzblech-actor, Anna Herrmann-actor, Stephan Wolf-Schönburg-actor, Vladimir Korpus-actor, Igor Filchenkov-actor, Tschmid Rintshinov-actor, Nikolai Kondrashkin-actor, Jimmy C. Gerum-actor, Bastian Clevé-author"
"Demon Lord, Retry!",2019-07-04,"Comedy, Animation","Hulu, Prime Video",,TV Show,14+ (TV-14),6.7/10,1,"Kaori Ishihara-actor, Aki Toyosaki-actor, Kanon Takao-actor, Kenjirou Tsuda-actor, Haruka Tomatsu-actor, Chiyo Ousaki-actor, Suzuna Kinoshita-actor, Kazusa Aranami-actor, Kurone Kanzaki-author"
I Capture the Castle,2003-05-09,"Romance, Drama","Free Services, Prime Video",United Kingdom,Movie,18+ (R),6.8/10,,"Tim Fywell-director, Romola Garai-actor, Rose Byrne-actor, Tara Fitzgerald-actor, Bill Nighy-actor, Marc Blucas-actor, Henry Thomas-actor, Sinéad Cusack-actor, Joe Sowerbutts-actor, Henry Cavill-actor, Sophie Stuckey-actor, David Bamber-actor, James Faulkner-actor, Sarah Woodward-actor, Dolly Wells-actor, James Warrior-actor, Christopher Ettridge-actor, Helena Little-actor, Florence Jones-actor, Harrison Ward-actor, Jean Warren-actor, Bernadette Windsor-actor, Anant Singh-actor, David M. Thompson-actor"
REW-FFWD,1994-08-09,Documentary,"Fandor, Prime Video",Canada,Movie,,6.6/10,,"Denis Villeneuve-director, Lorne Brass-actor, Denis Villeneuve-author"
Delivered,2020-05-08,"Horror, Thriller","Hulu, Prime Video",America,Movie,,5.4/10,,"Emma Tammi-director, Natalie Paul-actor, Tina Majorino-actor, Micah Joe Parker-actor, Michael Cassidy-actor, Rosslyn Luke-actor, Vito D'Ambrosio-actor, Joel Dupont-actor, Stacie Greenwell-actor, Jackie Mah-actor, Tevin Adelman-actor, Alexander Koehne-actor, Jason Blum-actor, Lauren Downey-actor, Dirk Blackman-author, Ben Lovett-actor"
The Pool Master,2014-06-20,Reality,"fuboTV, Prime Video",,TV Show,,6.8/10,2,Anthony Archer-Wills-actor
Jay Mohr: Happy. And A Lot.,2015-03-14,"Documentary, Comedy",Prime Video ,America,Movie,18+ (R),6.7/10,,"Scott L. Montoya-director, Jay Mohr-actor, Nikki Cox-author"
#Roxy,2018-04-13,"Romance, Comedy","Free Services, Prime Video",Canada,Movie,,5/10,,"Michael Kennedy-director, Danny Trejo-actor, Booboo Stewart-actor, Sarah Fisher-actor, Jake Short-actor, Pippa Mackie-actor, Carter Thicke-actor, Tony Binns-author"
How to Train Your Dragon: The Hidden World,2019-01-03,"Family, Drama",Prime Video ,America,Movie,7+ (PG),7.4/10,,"Dean DeBlois-director, Jay Baruchel-actor, America Ferrera-actor, F. Murray Abraham-actor, Cate Blanchett-actor, Gerard Butler-actor, Craig Ferguson-actor, Jonah Hill-actor, Christopher Mintz-Plasse-actor, Kristen Wiig-actor, Kit Harington-actor, Justin Rupple-actor, Robin Atkin Downes-actor, Kieron Elliott-actor, Julia Emelin-actor, Gideon Emery-actor, Ashley Jensen-actor, AJ Kane-actor, Ólafur Darri Ólafsson-actor, James Sie-actor, David Tennant-actor, Bonnie Arnold-actor, Bradford Lewis-actor, Chris Sanders-actor"
Unrivaled,2010-03-16,"Action & Adventure, Drama",Prime Video ,Canada,Movie,18+ (R),4/10,,"Warren P. Sonoda-director, Hector Echavarria-actor, Steven Yaffee-actor, Rashad Evans-actor, Keith Jardine-actor, Heath Herring-actor, Nicholas Campbell-actor, Jordan Madley-actor, Ashleigh Hubbard-actor, Monique Ganderton-actor"
Children's Hospital at Christmas,,,Free Services,,Movie,,,,Lorraine Kelly-actor
Haunters,2014-11-15,"Comedy, Documentary",Free Services,,Movie,7+ (PG),6/10,,
Kaos,1984-11-22,"Drama, Romance","Kanopy, Prime Video",France,Movie,18+ (R),7.8/10,,"Paolo Taviani-director, Vittorio Taviani-director, Franco Franchi-actor, Ciccio Ingrassia-actor, Omero Antonutti-actor, Claudio Bigagli-actor, Massimo Bonetti-actor, Margarita Lozano-actor, Orazio Torrisi-actor, Carlo Cartier-actor, Biagio Barone-actor, Laura Mollica-actor, Giovanni Marsala-actor, Enrica Maria Modugno-actor, Regina Bianchi-actor, Tony Sperandeo-actor, Domenico Gennaro-actor, Giuliani G. De Negri-actor, Paolo Taviani-author, Tonino Guerra-author, Vittorio Taviani-author, Nicola Piovani-actor"
Kasu Mela Kasu,2018-07-06,"Romance, Comedy",Prime Video ,India,Movie,,5.8/10,,"K. S. Palani-director, Mayilsamy-actor, Kanja Karuppu-actor, Kovai Sarala-actor, Nalini-actor, Jangiri Madhumitha-actor, Swaminathan-actor, Shahrukh Khan Raffi-actor, Gayatri Rema-actor, Suresh Devan-author"
When Nothing Else Matters,2021-11-12,Drama,Prime Video ,,Movie,,,,
Premoniciones,2010-10-10,Thriller,Free Services,,Movie,,,,
Death by Design,2016-05-21,"Drama, Documentary","Free Services, Prime Video",,Movie,,7.1/10,,Sue Williams-director
Two Minutes to Play,1936-11-02,"Romance, Drama","Prime Video, Prime Video",America,Movie,,6.2/10,,"Robert F. Hill-director, Bruce Bennett-actor, Edward Nugent-actor, Jeanne Martel-actor, Betty Compson-actor, Grady Sutton-actor, Duncan Renaldo-actor, David Sharpe-actor, Sammy Cohen-actor, Forrest Taylor-actor, Richard Tucker-actor, Sam Flint-actor, Phil Dunham-actor, Theodore Lorch-actor"
This Is P,2018-06-15,Comedy,Prime Video ,,TV Show,,,1,
Robin's Wish,2020-09-01,"Biography, Documentary","Free Services, Prime Video",America,Movie,,7.3/10,,"Tylor Norwood-director, Susan Schneider Williams-actor, Shawn Levy-actor, John R. Montgomery-actor, David E. Kelley-actor, Rick Overton-actor, Robin Williams-actor, Ben Sinclair-actor, Jim Czarnecki-actor, Mylea Charvat-actor, Shoshana Ungerleider-actor, Aaron Drake-actor"
The American Friend,1977-06-24,"Crime, Mystery","The Criterion Channel, Prime Video",France,Movie,,7.4/10,,"Wim Wenders-director, Dennis Hopper-actor, Bruno Ganz-actor, Lisa Kreuzer-actor, Gérard Blain-actor, Nicholas Ray-actor, Samuel Fuller-actor, Peter Lilienthal-actor, Daniel Schmid-actor, Sandy Whitelaw-actor, Jean Eustache-actor, Lou Castel-actor, Andreas Dedecke-actor, David Blue-actor, Rudolf Schündler-actor, Gerty Molzen-actor, Heinz Joachim Klein-actor, Satya De La Manitou-actor, Axel Schiessler-actor, Adolf Hansen-actor, Rosemarie Heinikel-actor, Stefan Lennert-actor, Joachim von Mengershausen-actor, Wim Wenders-actor"
Random Encounters,2013-12-01,"Romance, Comedy",Free Services,America,Movie,13+ (PG-13),4.3/10,,"Boris Undorf-director, Michael Rady-actor, Meghan Markle-actor, Abby Wathen-actor, Sean Young-actor, Deja Kreutzberg-actor, Don Stark-actor, Joshua LeBar-actor, John Justice-actor, Kenneth-Michael Glass-actor, Sno E. Blac-actor, Nate Barlow-author"
A Grocery Clerk's Romance,1912-10-28,Comedy,Fandor,America,Movie,,5.1/10,,"Mack Sennett-director, Ford Sterling-actor, James C. Morton-actor, Gus Pixley-actor, Lincoln Plumer-actor, Mack Sennett-actor"
Crooked Billet (3D),2017-11-08,Drama,Prime Video ,,Movie,,5.4/10,,
Diary of a Mad Black Woman,2005-02-25,"Drama, Romance","HBO MAX, Prime Video",,Movie,13+ (PG-13),5.6/10,,"Darren Grant-director, Kimberly Elise-actor, Steve Harris-actor, Tyler Perry-actor, Shemar Moore-actor, Vickie Eng-actor, Lauren Leah Mitchell-actor, Lisa Marcos-actor, Tamara Taylor-actor, Cicely Tyson-actor, Terrell Carter-actor, Tony Vaughn-actor, Gary Anthony Sturgis-actor, Tyler Perry-author, Elvin Ross-actor"
Danger Dolls,2014-07-11,"Action & Adventure, Science-Fiction","Free Services, Prime Video",Japan,Movie,,5.1/10,,"Shusuke Kaneko-director, Rina Takeda-actor, Nana Seino-actor, Rumi Hanai-actor, Kayano Masuyama-actor, Noboru Kaneko-actor, Mao Mita-actor, Kazuki Namioka-actor, Mana Sakura-actor, Syo Oyamada-actor, Kohki Okada-actor, Kōki Okada-actor, Hayate Masao-actor, Art Birzneck-actor, Hirotoshi Kobayashi-author"
Richter: The Enigma,1998-01-01,Documentary,Prime Video ,France,Movie,,8.8/10,,"Bruno Monsaingeon-director, Sviatoslav Richter-actor"
Symphony for Our World,2018-04-22,Musical,fuboTV,America,Movie,7+ (PG),,,
Single-Handed Sanders,1932-02-10,,Prime Video ,America,Movie,,5.6/10,,"Lloyd Nosler-director, Tom Tyler-actor, Robert Seiter-actor, Margaret Morris-actor, John Elliott-actor, Gordon De Main-actor, Hank Bell-actor, Loie Bridge-actor, Fred 'Snowflake' Toones-actor, Trem Carr-actor, Charles A. Post-author"
Death Note: The Last Name,2006-10-28,"Crime, Action & Adventure",Prime Video ,Japan,Movie,,7.2/10,,"Shusuke Kaneko-director, Tatsuya Fujiwara-actor, Takeshi Kaga-actor, Shido Nakamura-actor, Erika Toda-actor, Shigeki Hosokawa-actor, Shunji Fujimura-actor, Kenichi Matsuyama-actor, Sota Aoyama-actor, Magy-actor, Pîtâ-actor, Alexa Devine-actor, Michiko Godai-actor, Itsuji Itao-actor, Nana Katase-actor, Miyuki Komatsu-actor, Ai Maeda-actor, Hikari Mitsushima-actor, Ikuji Nakamura-actor, Jun Okazaki-actor, Tatsuhito Okuda-actor, Masahiko Tsugawa-actor, 大石哲也-author"
What I Learned the Year I Made My Own Linen Underwear,2010-01-01,,Fandor,,Movie,,,,
Dick Hopper: Private Eye,2015-05-29,Comedy,"Free Services, Prime Video",,TV Show,,7.1/10,1,
Alice Ford's World Heritage Adventure,,Action & Adventure,Prime Video ,,TV Show,,,1,
Red,2008-08-08,"Thriller, Drama","Hoopla, Prime Video",America,Movie,18+ (R),7/10,,"Lucky McKee-director, Trygve Allister Diesen-director, Brian Cox-actor, Tom Sizemore-actor, Robert Englund-actor, Amanda Plummer-actor, Noel Fisher-actor, Kyle Gallner-actor, Shiloh Fernandez-actor, Richard Riehle-actor, Kim Dickens-actor, Marcia Bennett-actor, Ashley Laurence-actor, Keith Buterbaugh-actor, Jack Ketchum-actor, Delaney Williams-actor, Tate Ellington-actor, Greg Stuhr-actor, John-Luke Montias-actor, Katie Piel-actor, Norman Dreyfuss-actor, Trygve Allister Diesen-actor, Bill Straus-actor, Lawrence Mattis-actor"
Eat Your Bones,2014-09-17,"Drama, Mystery",Prime Video ,France,Movie,13+ (PG-13),6.3/10,,"Jean-Charles Hue-director, Frédéric Dorkel-actor, Jason François-actor, Mickaël Dauber-actor, Moïse Dorkel-actor, Joseph Dorkel-actor, Jean-Charles Hue-author, Salvatore Lista-author"
Killjoy,2000-10-24,"Fantasy, Horror","Free Services, Prime Video",America,Movie,18+ (R),2.6/10,,"Craig Ross Jr.-director, Ángel Vargas-actor, Vera Yell-actor, Lee Marks-actor, Carl Washington-actor, Jamal Grimes-actor, Dee Dee Austin-actor, Corey Hampton-actor, Rani Goulant-actor, Napiera Groves-actor, William L. Johnson-actor, Mel Johnson Jr.-actor, Michael Deak-actor, Charles Band-actor, Carl Washington-author, Richard Kosinski-actor"
Shirin,2008-01-20,"Action & Adventure, Drama",Fandor,Iran,Movie,,6.7/10,,"Abbas Kiarostami-director, Tarane Alidousti-actor, Pegah Ahangarani-actor, Mahnaz Afshar-actor, Juliette Binoche-actor, Golshifteh Farahani-actor, Leila Hatami-actor, Behnaz Jafari-actor, Mahtab Keramati-actor, Niki Karimi-actor, Merila Zarei-actor, Baran Kosari-actor, Tannaz Tabatabaei-actor, Negar Javaherian-actor, Hedie Tehrani-actor, Fatemeh Motamed-Arya-actor, Hanie Tavassoli-actor, Gohar Kheyrandish-actor, Homayoun Ershadi-actor, Rana Azadivar-actor, Sahar Dolatshahi-actor, Rima Raminfar-actor, Abbas Kiarostami-actor, Hamideh Razavi-actor"
The Bride Wore Black,1968-03-22,"Drama, Crime",Kanopy,France,Movie,,7.2/10,,"François Truffaut-director, Jeanne Moreau-actor, Michel Bouquet-actor, Jean-Claude Brialy-actor, Charles Denner-actor, Claude Rich-actor, Michael Lonsdale-actor, Daniel Boulanger-actor, Alexandra Stewart-actor, Sylvine Delannoy-actor, Luce Fabiole-actor, Michèle Montfort-actor, Paul Pavel-actor, Serge Rousseau-actor, Van Doude-actor, Christophe Bruno-actor, Jacques Robiolles-actor, Gilles Quéant-actor, Daniel Pommereulle-actor, Jacqueline Rouillard-actor, Frédérique Fontanarosa-actor, Renaud Fontanarosa-actor, Marcel Berbert-actor, Oscar Lewenstein-actor"
JetBlue HumanKinda,2015-10-20,Documentary,Prime Video ,,Movie,,,,
Segregation Is Back,2016-11-01,Documentary,Prime Video ,,Movie,,,,
Decodings,1988-01-01,Fantasy,Fandor,,Movie,,5.2/10,,"Michael Wallin-director, William Graves-actor, Barry Livingston-actor, Michael Wallin-actor, Michael Wallin-author"
Our Time,2018-09-28,Drama,"Kanopy, Prime Video",Denmark,Movie,,6.8/10,,"Carlos Reygadas-director, Carlos Reygadas-actor, Natalia López-actor, Phil Burgers-actor, Maria Hagerman-actor, Yago Martínez-actor, Eleazar Reygadas-actor, Rut Reygadas-actor, Carlos Reygadas-actor, Jaime Romandia-actor, Carlos Reygadas-author"
Motivation 2: The Chris Cole Story,2015-06-23,"Documentary, Sport","Free Services, Prime Video",America,Movie,,6.9/10,,"Adam Bhala Lough-director, Chris Cole-actor, Tony Hawk-actor, Bam Margera-actor, Rodney Mullen-actor, Sean Malto-actor, Ishod Wair-actor, Edmund Bacon-actor, Nyjah Huston-actor, Guy Mariano-actor, Michael Nutter-actor, Chaz Ortiz-actor, Edward Rendell-actor, Jesse Rendell-actor, Stevie Williams-actor, Tom Asta-actor, Paul Rodriguez-actor, Jamie Thomas-actor, Adam Bhala Lough-actor, Ethan Higbee-actor, Tim Dowlin-actor, Julian Wass-actor"
Cedonia Avenue,2015-04-27,"Drama, Action & Adventure","Free Services, Prime Video",America,Movie,,4.5/10,,"Dwayne Hurt-director, Dwayne Hurt-actor, Durrell Overby-actor, Jaleel Hurt-actor, Dwayne Hurt-actor, Dwayne Hurt-author"
Redwoods,2009-12-01,"Drama, Romance",Prime Video ,America,Movie,,5.5/10,,"David Lewis-director, Matthew Montgomery-actor, Caleb Dorfman-actor, Brendan Bradley-actor, Tad Coughenour-actor, Simon Burzynski-actor, Laurie Burke-actor, Clara Brighton-actor, Elinor Bell-actor, Cole Panther-actor, Bill Gollihur-actor, David Lewis-author"
Myriam Fares: The Journey,2021-06-03,Documentary,Netflix,,Movie,,2.4/10,,
Yogi the Easter Bear,1994-04-03,"Action & Adventure, Animation",Prime Video ,,Movie,,6.4/10,,"Robert Alvarez-director, Greg Burson-actor, Don Messick-actor, Charlie Adler-actor, Rob Paulsen-actor"
First Monday in October,1981-08-21,"Drama, Comedy",Prime Video ,America,Movie,18+ (R),6.4/10,,"Ronald Neame-director, Walter Matthau-actor, Jill Clayburgh-actor, Barnard Hughes-actor, Jan Sterling-actor, James Stephens-actor, Joshua Bryant-actor, Jerome Lawrence-author, Robert E. Lee-author"
Indu Sarkar,2017-07-28,"Drama, Mystery",Prime Video ,India,Movie,,5.9/10,,"Madhur Bhandarkar-director, Kirti Kulhari-actor, Anupam Kher-actor, Neil Nitin Mukesh-actor, Tota Roy Chowdhury-actor, Supriya Vinod-actor, Sheeba Chaddha-actor, Parvin Dabas-actor, Anil Pandey-author, Madhur Bhandarkar-author, Anu Malik-actor"
Clifford the Big Red Dog,2021-11-10,"Comedy, Family","Prime Video, Prime Video",Canada,Movie,7+ (PG),5.9/10,,"Walt Becker-director, Darby Camp-actor, Jack Whitehall-actor, Izaac Wang-actor, John Cleese-actor, Tony Hale-actor, David Alan Grier-actor, Paul Rodríguez-actor, Horatio Sanz-actor, Sienna Guillory-actor, Rosie Perez-actor, Kenan Thompson-actor, Jessica Keenan Wynn-actor, Russell Wong-actor, Karen Lynn Gorney-actor, Melanie Chandra-actor, Russell Peters-actor, Kevin McCormick-actor, Yasha Jackson-actor, Siobhan Fallon Hogan-actor, Alex Moffat-actor, Tovah Feldshuh-actor, Deborah Forte-actor, Jordan Kerner-actor"
Kissing a Fool,1998-02-27,"Romance, Comedy",Starz,America,Movie,18+ (R),5.5/10,,"Doug Ellin-director, David Schwimmer-actor, Jason Lee-actor, Mili Avital-actor, Bonnie Hunt-actor, Vanessa Angel-actor, Judy Greer-actor, Kari Wuhrer-actor, Frank Medrano-actor, Bitty Schram-actor, Jerry Springer-actor, Sammy Sosa-actor, Doug Ellin-author, James Frey-author, Joseph Vitarelli-actor"
Reckoning,2017-02-11,"Drama, Crime",Prime Video ,,Movie,,7.1/10,,
Spin the Bottle,2004-11-28,Comedy,Kanopy,Ireland,Movie,,6.3/10,,"Ian Fitzgibbon-director, Michael McElhatton-actor, Simon Delaney-actor, Liam Carney-actor, Peter McDonald-actor, Bronagh Gallagher-actor, Maria Doyle Kennedy-actor, George Kearns-actor, Kathy Downes-actor, Doreen Keogh-actor, David Pearse-actor, Donal O'Kelly-actor, Valerie Spelman-actor, Ian Fitzgibbon-author, Michael McElhatton-author"
The Butcher,2019-05-22,Reality,"Free Services, Prime Video",,TV Show,,,1,
Black Conflux,2019-09-06,Drama,"Free Services, Prime Video",Canada,Movie,,6/10,,"Nicole Dorsey-director, Ella Ballentine-actor, Ryan McDonald-actor, Olivia Scriven-actor, Luke Bilyk-actor, Sofia Banzhaf-actor, Yasmin MacKay-actor, Zara Matthews-actor, Rayisa Kondracki-actor, Eric Elliott-actor, Mark O'Neill-actor, Michael Solomon-actor, Nicole Dorsey-author"
Claire of the Moon,1992-09-18,"Romance, Drama","Free Services, Prime Video",America,Movie,18+ (R),5.1/10,,"Nicole Conn-director, Trisha Todd-actor, Karen Trumbo-actor, Faith McDevitt-actor, Craig Damen-actor, Leslie Hidula-actor, Caren Graham-actor, Sheila Dickenson-actor, Patricia Blem-actor, Melissa Mitchell-actor, Gathering Marbet-actor, Sherilyn Lawson-actor, Misti Cooper-actor, Doug Rouhier-actor, Nicole Conn-author"
Double Dragon in Last Duel,1979-02-22,"Drama, Action & Adventure",Free Services,South Korea,Movie,,5.5/10,,"Nam Gi-nam-director, Lee Si-Jung-actor, Ju Ki-Won-actor"
Looking Glass,2018-02-16,"Thriller, Drama","Hulu, Prime Video",Canada,Movie,18+ (R),4.6/10,,"Tim Hunter-director, Nicolas Cage-actor, Robin Tunney-actor, Marc Blucas-actor, Ernie Lively-actor, Jacque Gray-actor, Bill Bolender-actor, Barry Jay Minoff-actor, Kassia Conway-actor, Jason K Wixom-actor, Sila Agavale-actor, Kimmy Jimenez-actor, Pascoalina Dunham-actor, Atticus Worman-Pope-actor, Clint Vanderlinden-actor, Michael Christian-actor, Braxton Pope-actor, David M. Wulf-actor, Arianne Fraser-actor, Delphine Perrier-actor, Henry Winterstern-actor, Jerry Rapp-author, Matthew Wilder-author"
Dimension in Fear,1998-06-05,"Drama, Thriller","Free Services, Prime Video",America,Movie,,3.8/10,,"Ted V. Mikels-director, Ron Jason-actor, Nicole West-actor, Gene Ellison-Jones-actor, Liz Renay-actor, Dolores Fuller-actor, Shanti-actor, Robert Southerland-actor, Chuck Alford-actor, Crystal Smith-actor, Ted V. Mikels-author"
In Between Days,2007-06-27,"Romance, Drama","The Criterion Channel, Prime Video",Canada,Movie,,6.3/10,,"So Yong Kim-director, Taegu Andy Kang-actor, Bokja Kim-actor, Jiseon Kim-actor, Nathan Rodriguez-actor, Bradley Rust Gray-author, So Yong Kim-author"
Pure,2009-10-22,"Action & Adventure, Drama","Kanopy, Prime Video",Sweden,Movie,13+ (PG-13),6.9/10,,"Lisa Langseth-director, Alicia Vikander-actor, Samuel Fröler-actor, Josephine Bauer-actor, Martin Wallström-actor, Frederik Nilsson-actor, Ylva Gallon-actor, Elisabeth Göransson-actor, Anna Åström-actor, Magnus Lindberg-actor, Kim Lantz-actor, Isabella Alveborg-actor, Doris Funcke-actor, Christian Holm-actor, Gunnar Carlsson-actor, Helen Ahlsson-actor, Helena Sandermark-actor, Jessica Ask-actor, Mikael Frisell-actor, Michael Hjorth-actor, Lisa Langseth-author, Per-Erik Winberg-actor"
Mona,2012-04-11,"Drama, Fantasy",Free Services,Iceland,Movie,,6.6/10,,"Ināra Kolmane-director, Kristīne Belicka-actor, Saulius Balandis-actor, Lauris Subatnieks-actor, Valeriy Yaremenko-actor, Jānis Juhņevičs-actor, Júlíus Kemp-actor, Vita Liberte-actor, Arvis Kolmanis-author, Ināra Kolmane-author"
On These Grounds,2021-03-20,Documentary,"Starz, Prime Video",America,Movie,,6.4/10,,"Garrett Zevgetis-director, Ariana Garfinkel-actor, Chico Colvard-actor, Jeff Consiglio-actor, Chanda Dancy-actor"
Forum or Against 'Em,2008-10-10,,Free Services,,Movie,,,,"Pat Moore-actor, Nic Sauve-actor, Jake Welch-actor, Joni Malmi-actor, Stevie Bell-actor, Travis Kennedy-actor, Eddie Wall-actor, John Jackson-actor, Peter Line-actor, Jake Blauvelt-actor"
Men for Sale,2008-09-30,Documentary,Kanopy,Canada,Movie,,6.6/10,,"Rodrigue Jean-director, Rodrigue Jean-author"
Streets of Laredo,1995-11-12,Drama,Starz,America,TV Show,14+ (TV-14),7.3/10,1,"James Garner-actor, Sissy Spacek-actor, Sam Shepard-actor, Ned Beatty-actor, Randy Quaid-actor, Wes Studi-actor, Charles Martin Smith-actor, George Carlin-actor, Alexis Cruz-actor, Kevin Conway-actor, James Gammon-actor, Tristan Tait-actor, Miriam Colón-actor, Julio Carreon-Reyes-actor, James Victor-actor, Sônia Braga-actor, Vanessa Martinez-actor, Diana Ossana-actor, Larry Levinson-actor, Larry McMurtry-actor, Larry Strichman-actor, Robert A. Halmi-actor, Suzanne de Passe-actor, Larry McMurtry-author"
Dr. Moreau's House of Pain,2004-01-13,"Science-Fiction, Horror","Free Services, Prime Video",America,Movie,,3.9/10,,"Charles Band-director, John Patrick Jordan-actor, Jessica Lancaster-actor, Peter Donald Badalamenti II-actor, Lorielle New-actor, Ling Aum-actor, B.J. Smith-actor, Debra Mayer-actor, Jacob Witkin-actor, Laura Petersen-actor, Kurt Iswarienko-actor, Mitchell Welch-actor, Earl Kenton-author"
Soul of Hero,2019-05-02,Action & Adventure,Prime Video ,Colombia,Movie,,6.8/10,,"Orlando Pardo-director, Jorge Armando Soto-actor, Stephanie Abello-actor, Tuto Patiño-actor, Lincoln Palomeque-actor, Linda Lucía Callejas-actor, Tiberio Cruz-actor, Roger Moreno-actor, José Ferney Garcia Perez-actor, Laura Junco-actor, Yarlo Ruiz-actor, Carlos Cruz-actor, Natalia González-actor, Orlando Pardo-author"
Pedro E. Guerrero: A Photographer's Journey,2015-09-18,Documentary,Prime Video ,,Movie,,7.7/10,,
The Bead Game,1977-12-31,"Animation, Comedy",Prime Video ,Canada,Movie,,7.1/10,,Ishu Patel-director
Love & Teleportation,2013-02-14,"Romance, Science-Fiction","Free Services, Prime Video",America,Movie,16+,5.3/10,,"Troy McGatlin-director, Jan Van Sickle-actor, Robin DeMarco-actor, Adair Jameson-actor, Chuma Gault-actor, David Pevsner-actor, Patrick John Hurley-actor, Mars Crain-actor, Kate Parkin-actor, Chuck Church-actor, Holly McGreevy Scott-actor, J.A. Streeter-actor, Jason D. McGatlin-actor, Troy McGatlin-actor, Kyle McGatlin-actor, Troy McGatlin-author, Michael Cohen-actor"
